-2.0000	0.000000
-1.9998	0.000000
-1.9996	0.000000
-1.9994	0.000001
-1.9992	0.000001
-1.9990	0.000001
-1.9988	0.000001
-1.9986	0.000001
-1.9984	0.000002
-1.9982	0.000002
-1.9980	0.000002
-1.9978	0.000002
-1.9976	0.000002
-1.9974	0.000003
-1.9972	0.000003
-1.9970	0.000003
-1.9968	0.000003
-1.9966	0.000003
-1.9964	0.000004
-1.9962	0.000004
-1.9960	0.000004
-1.9958	0.000004
-1.9956	0.000004
-1.9954	0.000005
-1.9952	0.000005
-1.9950	0.000005
-1.9948	0.000005
-1.9946	0.000005
-1.9944	0.000006
-1.9942	0.000006
-1.9940	0.000006
-1.9938	0.000006
-1.9936	0.000006
-1.9934	0.000007
-1.9932	0.000007
-1.9930	0.000007
-1.9928	0.000007
-1.9926	0.000007
-1.9924	0.000008
-1.9922	0.000008
-1.9920	0.000008
-1.9918	0.000008
-1.9916	0.000008
-1.9914	0.000009
-1.9912	0.000009
-1.9910	0.000009
-1.9908	0.000009
-1.9906	0.000009
-1.9904	0.000010
-1.9902	0.000010
-1.9900	0.000010
-1.9898	0.000010
-1.9896	0.000010
-1.9894	0.000011
-1.9892	0.000011
-1.9890	0.000011
-1.9888	0.000011
-1.9886	0.000011
-1.9884	0.000012
-1.9882	0.000012
-1.9880	0.000012
-1.9878	0.000012
-1.9876	0.000012
-1.9874	0.000013
-1.9872	0.000013
-1.9870	0.000013
-1.9868	0.000013
-1.9866	0.000013
-1.9864	0.000014
-1.9862	0.000014
-1.9860	0.000014
-1.9858	0.000014
-1.9856	0.000014
-1.9854	0.000015
-1.9852	0.000015
-1.9850	0.000015
-1.9848	0.000015
-1.9846	0.000015
-1.9844	0.000016
-1.9842	0.000016
-1.9840	0.000016
-1.9838	0.000016
-1.9836	0.000017
-1.9834	0.000017
-1.9832	0.000017
-1.9830	0.000017
-1.9828	0.000017
-1.9826	0.000018
-1.9824	0.000018
-1.9822	0.000018
-1.9820	0.000018
-1.9818	0.000018
-1.9816	0.000019
-1.9814	0.000019
-1.9812	0.000019
-1.9810	0.000019
-1.9808	0.000019
-1.9806	0.000020
-1.9804	0.000020
-1.9802	0.000020
-1.9800	0.000020
-1.9798	0.000021
-1.9796	0.000021
-1.9794	0.000021
-1.9792	0.000021
-1.9790	0.000021
-1.9788	0.000022
-1.9786	0.000022
-1.9784	0.000022
-1.9782	0.000022
-1.9780	0.000022
-1.9778	0.000023
-1.9776	0.000023
-1.9774	0.000023
-1.9772	0.000023
-1.9770	0.000024
-1.9768	0.000024
-1.9766	0.000024
-1.9764	0.000024
-1.9762	0.000024
-1.9760	0.000025
-1.9758	0.000025
-1.9756	0.000025
-1.9754	0.000025
-1.9752	0.000026
-1.9750	0.000026
-1.9748	0.000026
-1.9746	0.000026
-1.9744	0.000026
-1.9742	0.000027
-1.9740	0.000027
-1.9738	0.000027
-1.9736	0.000027
-1.9734	0.000027
-1.9732	0.000028
-1.9730	0.000028
-1.9728	0.000028
-1.9726	0.000028
-1.9724	0.000029
-1.9722	0.000029
-1.9720	0.000029
-1.9718	0.000029
-1.9716	0.000029
-1.9714	0.000030
-1.9712	0.000030
-1.9710	0.000030
-1.9708	0.000030
-1.9706	0.000031
-1.9704	0.000031
-1.9702	0.000031
-1.9700	0.000031
-1.9698	0.000031
-1.9696	0.000032
-1.9694	0.000032
-1.9692	0.000032
-1.9690	0.000032
-1.9688	0.000033
-1.9686	0.000033
-1.9684	0.000033
-1.9682	0.000033
-1.9680	0.000033
-1.9678	0.000034
-1.9676	0.000034
-1.9674	0.000034
-1.9672	0.000034
-1.9670	0.000035
-1.9668	0.000035
-1.9666	0.000035
-1.9664	0.000035
-1.9662	0.000036
-1.9660	0.000036
-1.9658	0.000036
-1.9656	0.000036
-1.9654	0.000036
-1.9652	0.000037
-1.9650	0.000037
-1.9648	0.000037
-1.9646	0.000037
-1.9644	0.000038
-1.9642	0.000038
-1.9640	0.000038
-1.9638	0.000038
-1.9636	0.000038
-1.9634	0.000039
-1.9632	0.000039
-1.9630	0.000039
-1.9628	0.000039
-1.9626	0.000040
-1.9624	0.000040
-1.9622	0.000040
-1.9620	0.000040
-1.9618	0.000041
-1.9616	0.000041
-1.9614	0.000041
-1.9612	0.000041
-1.9610	0.000041
-1.9608	0.000042
-1.9606	0.000042
-1.9604	0.000042
-1.9602	0.000042
-1.9600	0.000043
-1.9598	0.000043
-1.9596	0.000043
-1.9594	0.000043
-1.9592	0.000044
-1.9590	0.000044
-1.9588	0.000044
-1.9586	0.000044
-1.9584	0.000045
-1.9582	0.000045
-1.9580	0.000045
-1.9578	0.000045
-1.9576	0.000045
-1.9574	0.000046
-1.9572	0.000046
-1.9570	0.000046
-1.9568	0.000046
-1.9566	0.000047
-1.9564	0.000047
-1.9562	0.000047
-1.9560	0.000047
-1.9558	0.000048
-1.9556	0.000048
-1.9554	0.000048
-1.9552	0.000048
-1.9550	0.000049
-1.9548	0.000049
-1.9546	0.000049
-1.9544	0.000049
-1.9542	0.000050
-1.9540	0.000050
-1.9538	0.000050
-1.9536	0.000050
-1.9534	0.000050
-1.9532	0.000051
-1.9530	0.000051
-1.9528	0.000051
-1.9526	0.000051
-1.9524	0.000052
-1.9522	0.000052
-1.9520	0.000052
-1.9518	0.000052
-1.9516	0.000053
-1.9514	0.000053
-1.9512	0.000053
-1.9510	0.000053
-1.9508	0.000054
-1.9506	0.000054
-1.9504	0.000054
-1.9502	0.000054
-1.9500	0.000055
-1.9498	0.000055
-1.9496	0.000055
-1.9494	0.000055
-1.9492	0.000056
-1.9490	0.000056
-1.9488	0.000056
-1.9486	0.000056
-1.9484	0.000057
-1.9482	0.000057
-1.9480	0.000057
-1.9478	0.000057
-1.9476	0.000058
-1.9474	0.000058
-1.9472	0.000058
-1.9470	0.000058
-1.9468	0.000059
-1.9466	0.000059
-1.9464	0.000059
-1.9462	0.000059
-1.9460	0.000060
-1.9458	0.000060
-1.9456	0.000060
-1.9454	0.000060
-1.9452	0.000061
-1.9450	0.000061
-1.9448	0.000061
-1.9446	0.000061
-1.9444	0.000062
-1.9442	0.000062
-1.9440	0.000062
-1.9438	0.000062
-1.9436	0.000063
-1.9434	0.000063
-1.9432	0.000063
-1.9430	0.000063
-1.9428	0.000064
-1.9426	0.000064
-1.9424	0.000064
-1.9422	0.000064
-1.9420	0.000065
-1.9418	0.000065
-1.9416	0.000065
-1.9414	0.000065
-1.9412	0.000066
-1.9410	0.000066
-1.9408	0.000066
-1.9406	0.000066
-1.9404	0.000067
-1.9402	0.000067
-1.9400	0.000067
-1.9398	0.000067
-1.9396	0.000068
-1.9394	0.000068
-1.9392	0.000068
-1.9390	0.000068
-1.9388	0.000069
-1.9386	0.000069
-1.9384	0.000069
-1.9382	0.000069
-1.9380	0.000070
-1.9378	0.000070
-1.9376	0.000070
-1.9374	0.000070
-1.9372	0.000071
-1.9370	0.000071
-1.9368	0.000071
-1.9366	0.000072
-1.9364	0.000072
-1.9362	0.000072
-1.9360	0.000072
-1.9358	0.000073
-1.9356	0.000073
-1.9354	0.000073
-1.9352	0.000073
-1.9350	0.000074
-1.9348	0.000074
-1.9346	0.000074
-1.9344	0.000074
-1.9342	0.000075
-1.9340	0.000075
-1.9338	0.000075
-1.9336	0.000075
-1.9334	0.000076
-1.9332	0.000076
-1.9330	0.000076
-1.9328	0.000076
-1.9326	0.000077
-1.9324	0.000077
-1.9322	0.000077
-1.9320	0.000078
-1.9318	0.000078
-1.9316	0.000078
-1.9314	0.000078
-1.9312	0.000079
-1.9310	0.000079
-1.9308	0.000079
-1.9306	0.000079
-1.9304	0.000080
-1.9302	0.000080
-1.9300	0.000080
-1.9298	0.000080
-1.9296	0.000081
-1.9294	0.000081
-1.9292	0.000081
-1.9290	0.000082
-1.9288	0.000082
-1.9286	0.000082
-1.9284	0.000082
-1.9282	0.000083
-1.9280	0.000083
-1.9278	0.000083
-1.9276	0.000083
-1.9274	0.000084
-1.9272	0.000084
-1.9270	0.000084
-1.9268	0.000085
-1.9266	0.000085
-1.9264	0.000085
-1.9262	0.000085
-1.9260	0.000086
-1.9258	0.000086
-1.9256	0.000086
-1.9254	0.000086
-1.9252	0.000087
-1.9250	0.000087
-1.9248	0.000087
-1.9246	0.000088
-1.9244	0.000088
-1.9242	0.000088
-1.9240	0.000088
-1.9238	0.000089
-1.9236	0.000089
-1.9234	0.000089
-1.9232	0.000090
-1.9230	0.000090
-1.9228	0.000090
-1.9226	0.000090
-1.9224	0.000091
-1.9222	0.000091
-1.9220	0.000091
-1.9218	0.000091
-1.9216	0.000092
-1.9214	0.000092
-1.9212	0.000092
-1.9210	0.000093
-1.9208	0.000093
-1.9206	0.000093
-1.9204	0.000093
-1.9202	0.000094
-1.9200	0.000094
-1.9198	0.000094
-1.9196	0.000095
-1.9194	0.000095
-1.9192	0.000095
-1.9190	0.000095
-1.9188	0.000096
-1.9186	0.000096
-1.9184	0.000096
-1.9182	0.000097
-1.9180	0.000097
-1.9178	0.000097
-1.9176	0.000097
-1.9174	0.000098
-1.9172	0.000098
-1.9170	0.000098
-1.9168	0.000099
-1.9166	0.000099
-1.9164	0.000099
-1.9162	0.000099
-1.9160	0.000100
-1.9158	0.000100
-1.9156	0.000100
-1.9154	0.000101
-1.9152	0.000101
-1.9150	0.000101
-1.9148	0.000101
-1.9146	0.000102
-1.9144	0.000102
-1.9142	0.000102
-1.9140	0.000103
-1.9138	0.000103
-1.9136	0.000103
-1.9134	0.000103
-1.9132	0.000104
-1.9130	0.000104
-1.9128	0.000104
-1.9126	0.000105
-1.9124	0.000105
-1.9122	0.000105
-1.9120	0.000105
-1.9118	0.000106
-1.9116	0.000106
-1.9114	0.000106
-1.9112	0.000107
-1.9110	0.000107
-1.9108	0.000107
-1.9106	0.000107
-1.9104	0.000108
-1.9102	0.000108
-1.9100	0.000108
-1.9098	0.000109
-1.9096	0.000109
-1.9094	0.000109
-1.9092	0.000110
-1.9090	0.000110
-1.9088	0.000110
-1.9086	0.000110
-1.9084	0.000111
-1.9082	0.000111
-1.9080	0.000111
-1.9078	0.000112
-1.9076	0.000112
-1.9074	0.000112
-1.9072	0.000113
-1.9070	0.000113
-1.9068	0.000113
-1.9066	0.000113
-1.9064	0.000114
-1.9062	0.000114
-1.9060	0.000114
-1.9058	0.000115
-1.9056	0.000115
-1.9054	0.000115
-1.9052	0.000116
-1.9050	0.000116
-1.9048	0.000116
-1.9046	0.000116
-1.9044	0.000117
-1.9042	0.000117
-1.9040	0.000117
-1.9038	0.000118
-1.9036	0.000118
-1.9034	0.000118
-1.9032	0.000119
-1.9030	0.000119
-1.9028	0.000119
-1.9026	0.000119
-1.9024	0.000120
-1.9022	0.000120
-1.9020	0.000120
-1.9018	0.000121
-1.9016	0.000121
-1.9014	0.000121
-1.9012	0.000122
-1.9010	0.000122
-1.9008	0.000122
-1.9006	0.000123
-1.9004	0.000123
-1.9002	0.000123
-1.9000	0.000123
-1.8998	0.000124
-1.8996	0.000124
-1.8994	0.000124
-1.8992	0.000125
-1.8990	0.000125
-1.8988	0.000125
-1.8986	0.000126
-1.8984	0.000126
-1.8982	0.000126
-1.8980	0.000127
-1.8978	0.000127
-1.8976	0.000127
-1.8974	0.000127
-1.8972	0.000128
-1.8970	0.000128
-1.8968	0.000128
-1.8966	0.000129
-1.8964	0.000129
-1.8962	0.000129
-1.8960	0.000130
-1.8958	0.000130
-1.8956	0.000130
-1.8954	0.000131
-1.8952	0.000131
-1.8950	0.000131
-1.8948	0.000132
-1.8946	0.000132
-1.8944	0.000132
-1.8942	0.000133
-1.8940	0.000133
-1.8938	0.000133
-1.8936	0.000133
-1.8934	0.000134
-1.8932	0.000134
-1.8930	0.000134
-1.8928	0.000135
-1.8926	0.000135
-1.8924	0.000135
-1.8922	0.000136
-1.8920	0.000136
-1.8918	0.000136
-1.8916	0.000137
-1.8914	0.000137
-1.8912	0.000137
-1.8910	0.000138
-1.8908	0.000138
-1.8906	0.000138
-1.8904	0.000139
-1.8902	0.000139
-1.8900	0.000139
-1.8898	0.000140
-1.8896	0.000140
-1.8894	0.000140
-1.8892	0.000141
-1.8890	0.000141
-1.8888	0.000141
-1.8886	0.000142
-1.8884	0.000142
-1.8882	0.000142
-1.8880	0.000143
-1.8878	0.000143
-1.8876	0.000143
-1.8874	0.000144
-1.8872	0.000144
-1.8870	0.000144
-1.8868	0.000144
-1.8866	0.000145
-1.8864	0.000145
-1.8862	0.000145
-1.8860	0.000146
-1.8858	0.000146
-1.8856	0.000146
-1.8854	0.000147
-1.8852	0.000147
-1.8850	0.000147
-1.8848	0.000148
-1.8846	0.000148
-1.8844	0.000148
-1.8842	0.000149
-1.8840	0.000149
-1.8838	0.000149
-1.8836	0.000150
-1.8834	0.000150
-1.8832	0.000150
-1.8830	0.000151
-1.8828	0.000151
-1.8826	0.000151
-1.8824	0.000152
-1.8822	0.000152
-1.8820	0.000152
-1.8818	0.000153
-1.8816	0.000153
-1.8814	0.000153
-1.8812	0.000154
-1.8810	0.000154
-1.8808	0.000155
-1.8806	0.000155
-1.8804	0.000155
-1.8802	0.000156
-1.8800	0.000156
-1.8798	0.000156
-1.8796	0.000157
-1.8794	0.000157
-1.8792	0.000157
-1.8790	0.000158
-1.8788	0.000158
-1.8786	0.000158
-1.8784	0.000159
-1.8782	0.000159
-1.8780	0.000159
-1.8778	0.000160
-1.8776	0.000160
-1.8774	0.000160
-1.8772	0.000161
-1.8770	0.000161
-1.8768	0.000161
-1.8766	0.000162
-1.8764	0.000162
-1.8762	0.000162
-1.8760	0.000163
-1.8758	0.000163
-1.8756	0.000163
-1.8754	0.000164
-1.8752	0.000164
-1.8750	0.000164
-1.8748	0.000165
-1.8746	0.000165
-1.8744	0.000165
-1.8742	0.000166
-1.8740	0.000166
-1.8738	0.000167
-1.8736	0.000167
-1.8734	0.000167
-1.8732	0.000168
-1.8730	0.000168
-1.8728	0.000168
-1.8726	0.000169
-1.8724	0.000169
-1.8722	0.000169
-1.8720	0.000170
-1.8718	0.000170
-1.8716	0.000170
-1.8714	0.000171
-1.8712	0.000171
-1.8710	0.000171
-1.8708	0.000172
-1.8706	0.000172
-1.8704	0.000173
-1.8702	0.000173
-1.8700	0.000173
-1.8698	0.000174
-1.8696	0.000174
-1.8694	0.000174
-1.8692	0.000175
-1.8690	0.000175
-1.8688	0.000175
-1.8686	0.000176
-1.8684	0.000176
-1.8682	0.000176
-1.8680	0.000177
-1.8678	0.000177
-1.8676	0.000178
-1.8674	0.000178
-1.8672	0.000178
-1.8670	0.000179
-1.8668	0.000179
-1.8666	0.000179
-1.8664	0.000180
-1.8662	0.000180
-1.8660	0.000180
-1.8658	0.000181
-1.8656	0.000181
-1.8654	0.000182
-1.8652	0.000182
-1.8650	0.000182
-1.8648	0.000183
-1.8646	0.000183
-1.8644	0.000183
-1.8642	0.000184
-1.8640	0.000184
-1.8638	0.000184
-1.8636	0.000185
-1.8634	0.000185
-1.8632	0.000186
-1.8630	0.000186
-1.8628	0.000186
-1.8626	0.000187
-1.8624	0.000187
-1.8622	0.000187
-1.8620	0.000188
-1.8618	0.000188
-1.8616	0.000189
-1.8614	0.000189
-1.8612	0.000189
-1.8610	0.000190
-1.8608	0.000190
-1.8606	0.000190
-1.8604	0.000191
-1.8602	0.000191
-1.8600	0.000191
-1.8598	0.000192
-1.8596	0.000192
-1.8594	0.000193
-1.8592	0.000193
-1.8590	0.000193
-1.8588	0.000194
-1.8586	0.000194
-1.8584	0.000194
-1.8582	0.000195
-1.8580	0.000195
-1.8578	0.000196
-1.8576	0.000196
-1.8574	0.000196
-1.8572	0.000197
-1.8570	0.000197
-1.8568	0.000198
-1.8566	0.000198
-1.8564	0.000198
-1.8562	0.000199
-1.8560	0.000199
-1.8558	0.000199
-1.8556	0.000200
-1.8554	0.000200
-1.8552	0.000201
-1.8550	0.000201
-1.8548	0.000201
-1.8546	0.000202
-1.8544	0.000202
-1.8542	0.000202
-1.8540	0.000203
-1.8538	0.000203
-1.8536	0.000204
-1.8534	0.000204
-1.8532	0.000204
-1.8530	0.000205
-1.8528	0.000205
-1.8526	0.000206
-1.8524	0.000206
-1.8522	0.000206
-1.8520	0.000207
-1.8518	0.000207
-1.8516	0.000207
-1.8514	0.000208
-1.8512	0.000208
-1.8510	0.000209
-1.8508	0.000209
-1.8506	0.000209
-1.8504	0.000210
-1.8502	0.000210
-1.8500	0.000211
-1.8498	0.000211
-1.8496	0.000211
-1.8494	0.000212
-1.8492	0.000212
-1.8490	0.000213
-1.8488	0.000213
-1.8486	0.000213
-1.8484	0.000214
-1.8482	0.000214
-1.8480	0.000215
-1.8478	0.000215
-1.8476	0.000215
-1.8474	0.000216
-1.8472	0.000216
-1.8470	0.000217
-1.8468	0.000217
-1.8466	0.000217
-1.8464	0.000218
-1.8462	0.000218
-1.8460	0.000219
-1.8458	0.000219
-1.8456	0.000219
-1.8454	0.000220
-1.8452	0.000220
-1.8450	0.000221
-1.8448	0.000221
-1.8446	0.000221
-1.8444	0.000222
-1.8442	0.000222
-1.8440	0.000223
-1.8438	0.000223
-1.8436	0.000223
-1.8434	0.000224
-1.8432	0.000224
-1.8430	0.000225
-1.8428	0.000225
-1.8426	0.000225
-1.8424	0.000226
-1.8422	0.000226
-1.8420	0.000227
-1.8418	0.000227
-1.8416	0.000227
-1.8414	0.000228
-1.8412	0.000228
-1.8410	0.000229
-1.8408	0.000229
-1.8406	0.000229
-1.8404	0.000230
-1.8402	0.000230
-1.8400	0.000231
-1.8398	0.000231
-1.8396	0.000232
-1.8394	0.000232
-1.8392	0.000232
-1.8390	0.000233
-1.8388	0.000233
-1.8386	0.000234
-1.8384	0.000234
-1.8382	0.000234
-1.8380	0.000235
-1.8378	0.000235
-1.8376	0.000236
-1.8374	0.000236
-1.8372	0.000236
-1.8370	0.000237
-1.8368	0.000237
-1.8366	0.000238
-1.8364	0.000238
-1.8362	0.000239
-1.8360	0.000239
-1.8358	0.000239
-1.8356	0.000240
-1.8354	0.000240
-1.8352	0.000241
-1.8350	0.000241
-1.8348	0.000242
-1.8346	0.000242
-1.8344	0.000242
-1.8342	0.000243
-1.8340	0.000243
-1.8338	0.000244
-1.8336	0.000244
-1.8334	0.000244
-1.8332	0.000245
-1.8330	0.000245
-1.8328	0.000246
-1.8326	0.000246
-1.8324	0.000247
-1.8322	0.000247
-1.8320	0.000247
-1.8318	0.000248
-1.8316	0.000248
-1.8314	0.000249
-1.8312	0.000249
-1.8310	0.000250
-1.8308	0.000250
-1.8306	0.000250
-1.8304	0.000251
-1.8302	0.000251
-1.8300	0.000252
-1.8298	0.000252
-1.8296	0.000253
-1.8294	0.000253
-1.8292	0.000254
-1.8290	0.000254
-1.8288	0.000254
-1.8286	0.000255
-1.8284	0.000255
-1.8282	0.000256
-1.8280	0.000256
-1.8278	0.000257
-1.8276	0.000257
-1.8274	0.000257
-1.8272	0.000258
-1.8270	0.000258
-1.8268	0.000259
-1.8266	0.000259
-1.8264	0.000260
-1.8262	0.000260
-1.8260	0.000260
-1.8258	0.000261
-1.8256	0.000261
-1.8254	0.000262
-1.8252	0.000262
-1.8250	0.000263
-1.8248	0.000263
-1.8246	0.000264
-1.8244	0.000264
-1.8242	0.000264
-1.8240	0.000265
-1.8238	0.000265
-1.8236	0.000266
-1.8234	0.000266
-1.8232	0.000267
-1.8230	0.000267
-1.8228	0.000268
-1.8226	0.000268
-1.8224	0.000268
-1.8222	0.000269
-1.8220	0.000269
-1.8218	0.000270
-1.8216	0.000270
-1.8214	0.000271
-1.8212	0.000271
-1.8210	0.000272
-1.8208	0.000272
-1.8206	0.000273
-1.8204	0.000273
-1.8202	0.000273
-1.8200	0.000274
-1.8198	0.000274
-1.8196	0.000275
-1.8194	0.000275
-1.8192	0.000276
-1.8190	0.000276
-1.8188	0.000277
-1.8186	0.000277
-1.8184	0.000278
-1.8182	0.000278
-1.8180	0.000278
-1.8178	0.000279
-1.8176	0.000279
-1.8174	0.000280
-1.8172	0.000280
-1.8170	0.000281
-1.8168	0.000281
-1.8166	0.000282
-1.8164	0.000282
-1.8162	0.000283
-1.8160	0.000283
-1.8158	0.000284
-1.8156	0.000284
-1.8154	0.000284
-1.8152	0.000285
-1.8150	0.000285
-1.8148	0.000286
-1.8146	0.000286
-1.8144	0.000287
-1.8142	0.000287
-1.8140	0.000288
-1.8138	0.000288
-1.8136	0.000289
-1.8134	0.000289
-1.8132	0.000290
-1.8130	0.000290
-1.8128	0.000291
-1.8126	0.000291
-1.8124	0.000291
-1.8122	0.000292
-1.8120	0.000292
-1.8118	0.000293
-1.8116	0.000293
-1.8114	0.000294
-1.8112	0.000294
-1.8110	0.000295
-1.8108	0.000295
-1.8106	0.000296
-1.8104	0.000296
-1.8102	0.000297
-1.8100	0.000297
-1.8098	0.000298
-1.8096	0.000298
-1.8094	0.000299
-1.8092	0.000299
-1.8090	0.000300
-1.8088	0.000300
-1.8086	0.000300
-1.8084	0.000301
-1.8082	0.000301
-1.8080	0.000302
-1.8078	0.000302
-1.8076	0.000303
-1.8074	0.000303
-1.8072	0.000304
-1.8070	0.000304
-1.8068	0.000305
-1.8066	0.000305
-1.8064	0.000306
-1.8062	0.000306
-1.8060	0.000307
-1.8058	0.000307
-1.8056	0.000308
-1.8054	0.000308
-1.8052	0.000309
-1.8050	0.000309
-1.8048	0.000310
-1.8046	0.000310
-1.8044	0.000311
-1.8042	0.000311
-1.8040	0.000312
-1.8038	0.000312
-1.8036	0.000313
-1.8034	0.000313
-1.8032	0.000314
-1.8030	0.000314
-1.8028	0.000315
-1.8026	0.000315
-1.8024	0.000316
-1.8022	0.000316
-1.8020	0.000317
-1.8018	0.000317
-1.8016	0.000318
-1.8014	0.000318
-1.8012	0.000319
-1.8010	0.000319
-1.8008	0.000320
-1.8006	0.000320
-1.8004	0.000321
-1.8002	0.000321
-1.8000	0.000322
-1.7998	0.000322
-1.7996	0.000323
-1.7994	0.000323
-1.7992	0.000324
-1.7990	0.000324
-1.7988	0.000325
-1.7986	0.000325
-1.7984	0.000326
-1.7982	0.000326
-1.7980	0.000327
-1.7978	0.000327
-1.7976	0.000328
-1.7974	0.000328
-1.7972	0.000329
-1.7970	0.000329
-1.7968	0.000330
-1.7966	0.000330
-1.7964	0.000331
-1.7962	0.000331
-1.7960	0.000332
-1.7958	0.000332
-1.7956	0.000333
-1.7954	0.000333
-1.7952	0.000334
-1.7950	0.000334
-1.7948	0.000335
-1.7946	0.000335
-1.7944	0.000336
-1.7942	0.000336
-1.7940	0.000337
-1.7938	0.000337
-1.7936	0.000338
-1.7934	0.000338
-1.7932	0.000339
-1.7930	0.000339
-1.7928	0.000340
-1.7926	0.000340
-1.7924	0.000341
-1.7922	0.000341
-1.7920	0.000342
-1.7918	0.000342
-1.7916	0.000343
-1.7914	0.000344
-1.7912	0.000344
-1.7910	0.000345
-1.7908	0.000345
-1.7906	0.000346
-1.7904	0.000346
-1.7902	0.000347
-1.7900	0.000347
-1.7898	0.000348
-1.7896	0.000348
-1.7894	0.000349
-1.7892	0.000349
-1.7890	0.000350
-1.7888	0.000350
-1.7886	0.000351
-1.7884	0.000351
-1.7882	0.000352
-1.7880	0.000352
-1.7878	0.000353
-1.7876	0.000354
-1.7874	0.000354
-1.7872	0.000355
-1.7870	0.000355
-1.7868	0.000356
-1.7866	0.000356
-1.7864	0.000357
-1.7862	0.000357
-1.7860	0.000358
-1.7858	0.000358
-1.7856	0.000359
-1.7854	0.000359
-1.7852	0.000360
-1.7850	0.000360
-1.7848	0.000361
-1.7846	0.000362
-1.7844	0.000362
-1.7842	0.000363
-1.7840	0.000363
-1.7838	0.000364
-1.7836	0.000364
-1.7834	0.000365
-1.7832	0.000365
-1.7830	0.000366
-1.7828	0.000366
-1.7826	0.000367
-1.7824	0.000368
-1.7822	0.000368
-1.7820	0.000369
-1.7818	0.000369
-1.7816	0.000370
-1.7814	0.000370
-1.7812	0.000371
-1.7810	0.000371
-1.7808	0.000372
-1.7806	0.000372
-1.7804	0.000373
-1.7802	0.000374
-1.7800	0.000374
-1.7798	0.000375
-1.7796	0.000375
-1.7794	0.000376
-1.7792	0.000376
-1.7790	0.000377
-1.7788	0.000377
-1.7786	0.000378
-1.7784	0.000379
-1.7782	0.000379
-1.7780	0.000380
-1.7778	0.000380
-1.7776	0.000381
-1.7774	0.000381
-1.7772	0.000382
-1.7770	0.000382
-1.7768	0.000383
-1.7766	0.000384
-1.7764	0.000384
-1.7762	0.000385
-1.7760	0.000385
-1.7758	0.000386
-1.7756	0.000386
-1.7754	0.000387
-1.7752	0.000388
-1.7750	0.000388
-1.7748	0.000389
-1.7746	0.000389
-1.7744	0.000390
-1.7742	0.000390
-1.7740	0.000391
-1.7738	0.000392
-1.7736	0.000392
-1.7734	0.000393
-1.7732	0.000393
-1.7730	0.000394
-1.7728	0.000394
-1.7726	0.000395
-1.7724	0.000396
-1.7722	0.000396
-1.7720	0.000397
-1.7718	0.000397
-1.7716	0.000398
-1.7714	0.000398
-1.7712	0.000399
-1.7710	0.000400
-1.7708	0.000400
-1.7706	0.000401
-1.7704	0.000401
-1.7702	0.000402
-1.7700	0.000402
-1.7698	0.000403
-1.7696	0.000404
-1.7694	0.000404
-1.7692	0.000405
-1.7690	0.000405
-1.7688	0.000406
-1.7686	0.000407
-1.7684	0.000407
-1.7682	0.000408
-1.7680	0.000408
-1.7678	0.000409
-1.7676	0.000409
-1.7674	0.000410
-1.7672	0.000411
-1.7670	0.000411
-1.7668	0.000412
-1.7666	0.000412
-1.7664	0.000413
-1.7662	0.000414
-1.7660	0.000414
-1.7658	0.000415
-1.7656	0.000415
-1.7654	0.000416
-1.7652	0.000417
-1.7650	0.000417
-1.7648	0.000418
-1.7646	0.000418
-1.7644	0.000419
-1.7642	0.000420
-1.7640	0.000420
-1.7638	0.000421
-1.7636	0.000421
-1.7634	0.000422
-1.7632	0.000423
-1.7630	0.000423
-1.7628	0.000424
-1.7626	0.000424
-1.7624	0.000425
-1.7622	0.000426
-1.7620	0.000426
-1.7618	0.000427
-1.7616	0.000427
-1.7614	0.000428
-1.7612	0.000429
-1.7610	0.000429
-1.7608	0.000430
-1.7606	0.000430
-1.7604	0.000431
-1.7602	0.000432
-1.7600	0.000432
-1.7598	0.000433
-1.7596	0.000434
-1.7594	0.000434
-1.7592	0.000435
-1.7590	0.000435
-1.7588	0.000436
-1.7586	0.000437
-1.7584	0.000437
-1.7582	0.000438
-1.7580	0.000438
-1.7578	0.000439
-1.7576	0.000440
-1.7574	0.000440
-1.7572	0.000441
-1.7570	0.000442
-1.7568	0.000442
-1.7566	0.000443
-1.7564	0.000443
-1.7562	0.000444
-1.7560	0.000445
-1.7558	0.000445
-1.7556	0.000446
-1.7554	0.000447
-1.7552	0.000447
-1.7550	0.000448
-1.7548	0.000448
-1.7546	0.000449
-1.7544	0.000450
-1.7542	0.000450
-1.7540	0.000451
-1.7538	0.000452
-1.7536	0.000452
-1.7534	0.000453
-1.7532	0.000453
-1.7530	0.000454
-1.7528	0.000455
-1.7526	0.000455
-1.7524	0.000456
-1.7522	0.000457
-1.7520	0.000457
-1.7518	0.000458
-1.7516	0.000459
-1.7514	0.000459
-1.7512	0.000460
-1.7510	0.000460
-1.7508	0.000461
-1.7506	0.000462
-1.7504	0.000462
-1.7502	0.000463
-1.7500	0.000464
-1.7498	0.000464
-1.7496	0.000465
-1.7494	0.000466
-1.7492	0.000466
-1.7490	0.000467
-1.7488	0.000468
-1.7486	0.000468
-1.7484	0.000469
-1.7482	0.000469
-1.7480	0.000470
-1.7478	0.000471
-1.7476	0.000471
-1.7474	0.000472
-1.7472	0.000473
-1.7470	0.000473
-1.7468	0.000474
-1.7466	0.000475
-1.7464	0.000475
-1.7462	0.000476
-1.7460	0.000477
-1.7458	0.000477
-1.7456	0.000478
-1.7454	0.000479
-1.7452	0.000479
-1.7450	0.000480
-1.7448	0.000481
-1.7446	0.000481
-1.7444	0.000482
-1.7442	0.000483
-1.7440	0.000483
-1.7438	0.000484
-1.7436	0.000485
-1.7434	0.000485
-1.7432	0.000486
-1.7430	0.000487
-1.7428	0.000487
-1.7426	0.000488
-1.7424	0.000489
-1.7422	0.000489
-1.7420	0.000490
-1.7418	0.000491
-1.7416	0.000491
-1.7414	0.000492
-1.7412	0.000493
-1.7410	0.000493
-1.7408	0.000494
-1.7406	0.000495
-1.7404	0.000495
-1.7402	0.000496
-1.7400	0.000497
-1.7398	0.000497
-1.7396	0.000498
-1.7394	0.000499
-1.7392	0.000499
-1.7390	0.000500
-1.7388	0.000501
-1.7386	0.000501
-1.7384	0.000502
-1.7382	0.000503
-1.7380	0.000503
-1.7378	0.000504
-1.7376	0.000505
-1.7374	0.000506
-1.7372	0.000506
-1.7370	0.000507
-1.7368	0.000508
-1.7366	0.000508
-1.7364	0.000509
-1.7362	0.000510
-1.7360	0.000510
-1.7358	0.000511
-1.7356	0.000512
-1.7354	0.000512
-1.7352	0.000513
-1.7350	0.000514
-1.7348	0.000515
-1.7346	0.000515
-1.7344	0.000516
-1.7342	0.000517
-1.7340	0.000517
-1.7338	0.000518
-1.7336	0.000519
-1.7334	0.000519
-1.7332	0.000520
-1.7330	0.000521
-1.7328	0.000522
-1.7326	0.000522
-1.7324	0.000523
-1.7322	0.000524
-1.7320	0.000524
-1.7318	0.000525
-1.7316	0.000526
-1.7314	0.000526
-1.7312	0.000527
-1.7310	0.000528
-1.7308	0.000529
-1.7306	0.000529
-1.7304	0.000530
-1.7302	0.000531
-1.7300	0.000531
-1.7298	0.000532
-1.7296	0.000533
-1.7294	0.000534
-1.7292	0.000534
-1.7290	0.000535
-1.7288	0.000536
-1.7286	0.000536
-1.7284	0.000537
-1.7282	0.000538
-1.7280	0.000539
-1.7278	0.000539
-1.7276	0.000540
-1.7274	0.000541
-1.7272	0.000541
-1.7270	0.000542
-1.7268	0.000543
-1.7266	0.000544
-1.7264	0.000544
-1.7262	0.000545
-1.7260	0.000546
-1.7258	0.000547
-1.7256	0.000547
-1.7254	0.000548
-1.7252	0.000549
-1.7250	0.000550
-1.7248	0.000550
-1.7246	0.000551
-1.7244	0.000552
-1.7242	0.000552
-1.7240	0.000553
-1.7238	0.000554
-1.7236	0.000555
-1.7234	0.000555
-1.7232	0.000556
-1.7230	0.000557
-1.7228	0.000558
-1.7226	0.000558
-1.7224	0.000559
-1.7222	0.000560
-1.7220	0.000561
-1.7218	0.000561
-1.7216	0.000562
-1.7214	0.000563
-1.7212	0.000564
-1.7210	0.000564
-1.7208	0.000565
-1.7206	0.000566
-1.7204	0.000567
-1.7202	0.000567
-1.7200	0.000568
-1.7198	0.000569
-1.7196	0.000570
-1.7194	0.000570
-1.7192	0.000571
-1.7190	0.000572
-1.7188	0.000573
-1.7186	0.000573
-1.7184	0.000574
-1.7182	0.000575
-1.7180	0.000576
-1.7178	0.000576
-1.7176	0.000577
-1.7174	0.000578
-1.7172	0.000579
-1.7170	0.000579
-1.7168	0.000580
-1.7166	0.000581
-1.7164	0.000582
-1.7162	0.000582
-1.7160	0.000583
-1.7158	0.000584
-1.7156	0.000585
-1.7154	0.000586
-1.7152	0.000586
-1.7150	0.000587
-1.7148	0.000588
-1.7146	0.000589
-1.7144	0.000589
-1.7142	0.000590
-1.7140	0.000591
-1.7138	0.000592
-1.7136	0.000593
-1.7134	0.000593
-1.7132	0.000594
-1.7130	0.000595
-1.7128	0.000596
-1.7126	0.000596
-1.7124	0.000597
-1.7122	0.000598
-1.7120	0.000599
-1.7118	0.000600
-1.7116	0.000600
-1.7114	0.000601
-1.7112	0.000602
-1.7110	0.000603
-1.7108	0.000603
-1.7106	0.000604
-1.7104	0.000605
-1.7102	0.000606
-1.7100	0.000607
-1.7098	0.000607
-1.7096	0.000608
-1.7094	0.000609
-1.7092	0.000610
-1.7090	0.000611
-1.7088	0.000611
-1.7086	0.000612
-1.7084	0.000613
-1.7082	0.000614
-1.7080	0.000615
-1.7078	0.000615
-1.7076	0.000616
-1.7074	0.000617
-1.7072	0.000618
-1.7070	0.000619
-1.7068	0.000619
-1.7066	0.000620
-1.7064	0.000621
-1.7062	0.000622
-1.7060	0.000623
-1.7058	0.000623
-1.7056	0.000624
-1.7054	0.000625
-1.7052	0.000626
-1.7050	0.000627
-1.7048	0.000628
-1.7046	0.000628
-1.7044	0.000629
-1.7042	0.000630
-1.7040	0.000631
-1.7038	0.000632
-1.7036	0.000632
-1.7034	0.000633
-1.7032	0.000634
-1.7030	0.000635
-1.7028	0.000636
-1.7026	0.000637
-1.7024	0.000637
-1.7022	0.000638
-1.7020	0.000639
-1.7018	0.000640
-1.7016	0.000641
-1.7014	0.000641
-1.7012	0.000642
-1.7010	0.000643
-1.7008	0.000644
-1.7006	0.000645
-1.7004	0.000646
-1.7002	0.000646
-1.7000	0.000647
-1.6998	0.000648
-1.6996	0.000649
-1.6994	0.000650
-1.6992	0.000651
-1.6990	0.000652
-1.6988	0.000652
-1.6986	0.000653
-1.6984	0.000654
-1.6982	0.000655
-1.6980	0.000656
-1.6978	0.000657
-1.6976	0.000657
-1.6974	0.000658
-1.6972	0.000659
-1.6970	0.000660
-1.6968	0.000661
-1.6966	0.000662
-1.6964	0.000663
-1.6962	0.000663
-1.6960	0.000664
-1.6958	0.000665
-1.6956	0.000666
-1.6954	0.000667
-1.6952	0.000668
-1.6950	0.000668
-1.6948	0.000669
-1.6946	0.000670
-1.6944	0.000671
-1.6942	0.000672
-1.6940	0.000673
-1.6938	0.000674
-1.6936	0.000675
-1.6934	0.000675
-1.6932	0.000676
-1.6930	0.000677
-1.6928	0.000678
-1.6926	0.000679
-1.6924	0.000680
-1.6922	0.000681
-1.6920	0.000681
-1.6918	0.000682
-1.6916	0.000683
-1.6914	0.000684
-1.6912	0.000685
-1.6910	0.000686
-1.6908	0.000687
-1.6906	0.000688
-1.6904	0.000688
-1.6902	0.000689
-1.6900	0.000690
-1.6898	0.000691
-1.6896	0.000692
-1.6894	0.000693
-1.6892	0.000694
-1.6890	0.000695
-1.6888	0.000696
-1.6886	0.000696
-1.6884	0.000697
-1.6882	0.000698
-1.6880	0.000699
-1.6878	0.000700
-1.6876	0.000701
-1.6874	0.000702
-1.6872	0.000703
-1.6870	0.000704
-1.6868	0.000704
-1.6866	0.000705
-1.6864	0.000706
-1.6862	0.000707
-1.6860	0.000708
-1.6858	0.000709
-1.6856	0.000710
-1.6854	0.000711
-1.6852	0.000712
-1.6850	0.000713
-1.6848	0.000713
-1.6846	0.000714
-1.6844	0.000715
-1.6842	0.000716
-1.6840	0.000717
-1.6838	0.000718
-1.6836	0.000719
-1.6834	0.000720
-1.6832	0.000721
-1.6830	0.000722
-1.6828	0.000723
-1.6826	0.000724
-1.6824	0.000724
-1.6822	0.000725
-1.6820	0.000726
-1.6818	0.000727
-1.6816	0.000728
-1.6814	0.000729
-1.6812	0.000730
-1.6810	0.000731
-1.6808	0.000732
-1.6806	0.000733
-1.6804	0.000734
-1.6802	0.000735
-1.6800	0.000736
-1.6798	0.000736
-1.6796	0.000737
-1.6794	0.000738
-1.6792	0.000739
-1.6790	0.000740
-1.6788	0.000741
-1.6786	0.000742
-1.6784	0.000743
-1.6782	0.000744
-1.6780	0.000745
-1.6778	0.000746
-1.6776	0.000747
-1.6774	0.000748
-1.6772	0.000749
-1.6770	0.000750
-1.6768	0.000751
-1.6766	0.000751
-1.6764	0.000752
-1.6762	0.000753
-1.6760	0.000754
-1.6758	0.000755
-1.6756	0.000756
-1.6754	0.000757
-1.6752	0.000758
-1.6750	0.000759
-1.6748	0.000760
-1.6746	0.000761
-1.6744	0.000762
-1.6742	0.000763
-1.6740	0.000764
-1.6738	0.000765
-1.6736	0.000766
-1.6734	0.000767
-1.6732	0.000768
-1.6730	0.000769
-1.6728	0.000770
-1.6726	0.000771
-1.6724	0.000772
-1.6722	0.000773
-1.6720	0.000774
-1.6718	0.000775
-1.6716	0.000776
-1.6714	0.000776
-1.6712	0.000777
-1.6710	0.000778
-1.6708	0.000779
-1.6706	0.000780
-1.6704	0.000781
-1.6702	0.000782
-1.6700	0.000783
-1.6698	0.000784
-1.6696	0.000785
-1.6694	0.000786
-1.6692	0.000787
-1.6690	0.000788
-1.6688	0.000789
-1.6686	0.000790
-1.6684	0.000791
-1.6682	0.000792
-1.6680	0.000793
-1.6678	0.000794
-1.6676	0.000795
-1.6674	0.000796
-1.6672	0.000797
-1.6670	0.000798
-1.6668	0.000799
-1.6666	0.000800
-1.6664	0.000801
-1.6662	0.000802
-1.6660	0.000803
-1.6658	0.000804
-1.6656	0.000805
-1.6654	0.000806
-1.6652	0.000807
-1.6650	0.000808
-1.6648	0.000809
-1.6646	0.000810
-1.6644	0.000811
-1.6642	0.000812
-1.6640	0.000813
-1.6638	0.000814
-1.6636	0.000815
-1.6634	0.000816
-1.6632	0.000817
-1.6630	0.000818
-1.6628	0.000819
-1.6626	0.000820
-1.6624	0.000821
-1.6622	0.000822
-1.6620	0.000824
-1.6618	0.000825
-1.6616	0.000826
-1.6614	0.000827
-1.6612	0.000828
-1.6610	0.000829
-1.6608	0.000830
-1.6606	0.000831
-1.6604	0.000832
-1.6602	0.000833
-1.6600	0.000834
-1.6598	0.000835
-1.6596	0.000836
-1.6594	0.000837
-1.6592	0.000838
-1.6590	0.000839
-1.6588	0.000840
-1.6586	0.000841
-1.6584	0.000842
-1.6582	0.000843
-1.6580	0.000844
-1.6578	0.000845
-1.6576	0.000846
-1.6574	0.000847
-1.6572	0.000848
-1.6570	0.000850
-1.6568	0.000851
-1.6566	0.000852
-1.6564	0.000853
-1.6562	0.000854
-1.6560	0.000855
-1.6558	0.000856
-1.6556	0.000857
-1.6554	0.000858
-1.6552	0.000859
-1.6550	0.000860
-1.6548	0.000861
-1.6546	0.000862
-1.6544	0.000863
-1.6542	0.000864
-1.6540	0.000866
-1.6538	0.000867
-1.6536	0.000868
-1.6534	0.000869
-1.6532	0.000870
-1.6530	0.000871
-1.6528	0.000872
-1.6526	0.000873
-1.6524	0.000874
-1.6522	0.000875
-1.6520	0.000876
-1.6518	0.000877
-1.6516	0.000878
-1.6514	0.000880
-1.6512	0.000881
-1.6510	0.000882
-1.6508	0.000883
-1.6506	0.000884
-1.6504	0.000885
-1.6502	0.000886
-1.6500	0.000887
-1.6498	0.000888
-1.6496	0.000889
-1.6494	0.000891
-1.6492	0.000892
-1.6490	0.000893
-1.6488	0.000894
-1.6486	0.000895
-1.6484	0.000896
-1.6482	0.000897
-1.6480	0.000898
-1.6478	0.000899
-1.6476	0.000900
-1.6474	0.000902
-1.6472	0.000903
-1.6470	0.000904
-1.6468	0.000905
-1.6466	0.000906
-1.6464	0.000907
-1.6462	0.000908
-1.6460	0.000909
-1.6458	0.000911
-1.6456	0.000912
-1.6454	0.000913
-1.6452	0.000914
-1.6450	0.000915
-1.6448	0.000916
-1.6446	0.000917
-1.6444	0.000918
-1.6442	0.000920
-1.6440	0.000921
-1.6438	0.000922
-1.6436	0.000923
-1.6434	0.000924
-1.6432	0.000925
-1.6430	0.000926
-1.6428	0.000928
-1.6426	0.000929
-1.6424	0.000930
-1.6422	0.000931
-1.6420	0.000932
-1.6418	0.000933
-1.6416	0.000934
-1.6414	0.000936
-1.6412	0.000937
-1.6410	0.000938
-1.6408	0.000939
-1.6406	0.000940
-1.6404	0.000941
-1.6402	0.000943
-1.6400	0.000944
-1.6398	0.000945
-1.6396	0.000946
-1.6394	0.000947
-1.6392	0.000948
-1.6390	0.000949
-1.6388	0.000951
-1.6386	0.000952
-1.6384	0.000953
-1.6382	0.000954
-1.6380	0.000955
-1.6378	0.000957
-1.6376	0.000958
-1.6374	0.000959
-1.6372	0.000960
-1.6370	0.000961
-1.6368	0.000962
-1.6366	0.000964
-1.6364	0.000965
-1.6362	0.000966
-1.6360	0.000967
-1.6358	0.000968
-1.6356	0.000970
-1.6354	0.000971
-1.6352	0.000972
-1.6350	0.000973
-1.6348	0.000974
-1.6346	0.000976
-1.6344	0.000977
-1.6342	0.000978
-1.6340	0.000979
-1.6338	0.000980
-1.6336	0.000982
-1.6334	0.000983
-1.6332	0.000984
-1.6330	0.000985
-1.6328	0.000986
-1.6326	0.000988
-1.6324	0.000989
-1.6322	0.000990
-1.6320	0.000991
-1.6318	0.000992
-1.6316	0.000994
-1.6314	0.000995
-1.6312	0.000996
-1.6310	0.000997
-1.6308	0.000999
-1.6306	0.001000
-1.6304	0.001001
-1.6302	0.001002
-1.6300	0.001003
-1.6298	0.001005
-1.6296	0.001006
-1.6294	0.001007
-1.6292	0.001008
-1.6290	0.001010
-1.6288	0.001011
-1.6286	0.001012
-1.6284	0.001013
-1.6282	0.001015
-1.6280	0.001016
-1.6278	0.001017
-1.6276	0.001018
-1.6274	0.001020
-1.6272	0.001021
-1.6270	0.001022
-1.6268	0.001023
-1.6266	0.001025
-1.6264	0.001026
-1.6262	0.001027
-1.6260	0.001028
-1.6258	0.001030
-1.6256	0.001031
-1.6254	0.001032
-1.6252	0.001033
-1.6250	0.001035
-1.6248	0.001036
-1.6246	0.001037
-1.6244	0.001038
-1.6242	0.001040
-1.6240	0.001041
-1.6238	0.001042
-1.6236	0.001043
-1.6234	0.001045
-1.6232	0.001046
-1.6230	0.001047
-1.6228	0.001049
-1.6226	0.001050
-1.6224	0.001051
-1.6222	0.001052
-1.6220	0.001054
-1.6218	0.001055
-1.6216	0.001056
-1.6214	0.001058
-1.6212	0.001059
-1.6210	0.001060
-1.6208	0.001061
-1.6206	0.001063
-1.6204	0.001064
-1.6202	0.001065
-1.6200	0.001067
-1.6198	0.001068
-1.6196	0.001069
-1.6194	0.001071
-1.6192	0.001072
-1.6190	0.001073
-1.6188	0.001074
-1.6186	0.001076
-1.6184	0.001077
-1.6182	0.001078
-1.6180	0.001080
-1.6178	0.001081
-1.6176	0.001082
-1.6174	0.001084
-1.6172	0.001085
-1.6170	0.001086
-1.6168	0.001088
-1.6166	0.001089
-1.6164	0.001090
-1.6162	0.001092
-1.6160	0.001093
-1.6158	0.001094
-1.6156	0.001096
-1.6154	0.001097
-1.6152	0.001098
-1.6150	0.001100
-1.6148	0.001101
-1.6146	0.001102
-1.6144	0.001104
-1.6142	0.001105
-1.6140	0.001106
-1.6138	0.001108
-1.6136	0.001109
-1.6134	0.001110
-1.6132	0.001112
-1.6130	0.001113
-1.6128	0.001114
-1.6126	0.001116
-1.6124	0.001117
-1.6122	0.001119
-1.6120	0.001120
-1.6118	0.001121
-1.6116	0.001123
-1.6114	0.001124
-1.6112	0.001125
-1.6110	0.001127
-1.6108	0.001128
-1.6106	0.001130
-1.6104	0.001131
-1.6102	0.001132
-1.6100	0.001134
-1.6098	0.001135
-1.6096	0.001136
-1.6094	0.001138
-1.6092	0.001139
-1.6090	0.001141
-1.6088	0.001142
-1.6086	0.001143
-1.6084	0.001145
-1.6082	0.001146
-1.6080	0.001148
-1.6078	0.001149
-1.6076	0.001150
-1.6074	0.001152
-1.6072	0.001153
-1.6070	0.001155
-1.6068	0.001156
-1.6066	0.001157
-1.6064	0.001159
-1.6062	0.001160
-1.6060	0.001162
-1.6058	0.001163
-1.6056	0.001164
-1.6054	0.001166
-1.6052	0.001167
-1.6050	0.001169
-1.6048	0.001170
-1.6046	0.001171
-1.6044	0.001173
-1.6042	0.001174
-1.6040	0.001176
-1.6038	0.001177
-1.6036	0.001179
-1.6034	0.001180
-1.6032	0.001181
-1.6030	0.001183
-1.6028	0.001184
-1.6026	0.001186
-1.6024	0.001187
-1.6022	0.001189
-1.6020	0.001190
-1.6018	0.001192
-1.6016	0.001193
-1.6014	0.001194
-1.6012	0.001196
-1.6010	0.001197
-1.6008	0.001199
-1.6006	0.001200
-1.6004	0.001202
-1.6002	0.001203
-1.6000	0.001205
-1.5998	0.001206
-1.5996	0.001208
-1.5994	0.001209
-1.5992	0.001211
-1.5990	0.001212
-1.5988	0.001213
-1.5986	0.001215
-1.5984	0.001216
-1.5982	0.001218
-1.5980	0.001219
-1.5978	0.001221
-1.5976	0.001222
-1.5974	0.001224
-1.5972	0.001225
-1.5970	0.001227
-1.5968	0.001228
-1.5966	0.001230
-1.5964	0.001231
-1.5962	0.001233
-1.5960	0.001234
-1.5958	0.001236
-1.5956	0.001237
-1.5954	0.001239
-1.5952	0.001240
-1.5950	0.001242
-1.5948	0.001243
-1.5946	0.001245
-1.5944	0.001246
-1.5942	0.001248
-1.5940	0.001249
-1.5938	0.001251
-1.5936	0.001252
-1.5934	0.001254
-1.5932	0.001255
-1.5930	0.001257
-1.5928	0.001258
-1.5926	0.001260
-1.5924	0.001262
-1.5922	0.001263
-1.5920	0.001265
-1.5918	0.001266
-1.5916	0.001268
-1.5914	0.001269
-1.5912	0.001271
-1.5910	0.001272
-1.5908	0.001274
-1.5906	0.001275
-1.5904	0.001277
-1.5902	0.001278
-1.5900	0.001280
-1.5898	0.001282
-1.5896	0.001283
-1.5894	0.001285
-1.5892	0.001286
-1.5890	0.001288
-1.5888	0.001289
-1.5886	0.001291
-1.5884	0.001293
-1.5882	0.001294
-1.5880	0.001296
-1.5878	0.001297
-1.5876	0.001299
-1.5874	0.001300
-1.5872	0.001302
-1.5870	0.001304
-1.5868	0.001305
-1.5866	0.001307
-1.5864	0.001308
-1.5862	0.001310
-1.5860	0.001311
-1.5858	0.001313
-1.5856	0.001315
-1.5854	0.001316
-1.5852	0.001318
-1.5850	0.001319
-1.5848	0.001321
-1.5846	0.001323
-1.5844	0.001324
-1.5842	0.001326
-1.5840	0.001327
-1.5838	0.001329
-1.5836	0.001331
-1.5834	0.001332
-1.5832	0.001334
-1.5830	0.001336
-1.5828	0.001337
-1.5826	0.001339
-1.5824	0.001340
-1.5822	0.001342
-1.5820	0.001344
-1.5818	0.001345
-1.5816	0.001347
-1.5814	0.001349
-1.5812	0.001350
-1.5810	0.001352
-1.5808	0.001353
-1.5806	0.001355
-1.5804	0.001357
-1.5802	0.001358
-1.5800	0.001360
-1.5798	0.001362
-1.5796	0.001363
-1.5794	0.001365
-1.5792	0.001367
-1.5790	0.001368
-1.5788	0.001370
-1.5786	0.001372
-1.5784	0.001373
-1.5782	0.001375
-1.5780	0.001377
-1.5778	0.001378
-1.5776	0.001380
-1.5774	0.001382
-1.5772	0.001383
-1.5770	0.001385
-1.5768	0.001387
-1.5766	0.001388
-1.5764	0.001390
-1.5762	0.001392
-1.5760	0.001393
-1.5758	0.001395
-1.5756	0.001397
-1.5754	0.001398
-1.5752	0.001400
-1.5750	0.001402
-1.5748	0.001404
-1.5746	0.001405
-1.5744	0.001407
-1.5742	0.001409
-1.5740	0.001410
-1.5738	0.001412
-1.5736	0.001414
-1.5734	0.001416
-1.5732	0.001417
-1.5730	0.001419
-1.5728	0.001421
-1.5726	0.001422
-1.5724	0.001424
-1.5722	0.001426
-1.5720	0.001428
-1.5718	0.001429
-1.5716	0.001431
-1.5714	0.001433
-1.5712	0.001435
-1.5710	0.001436
-1.5708	0.001438
-1.5706	0.001440
-1.5704	0.001442
-1.5702	0.001443
-1.5700	0.001445
-1.5698	0.001447
-1.5696	0.001449
-1.5694	0.001450
-1.5692	0.001452
-1.5690	0.001454
-1.5688	0.001456
-1.5686	0.001457
-1.5684	0.001459
-1.5682	0.001461
-1.5680	0.001463
-1.5678	0.001464
-1.5676	0.001466
-1.5674	0.001468
-1.5672	0.001470
-1.5670	0.001472
-1.5668	0.001473
-1.5666	0.001475
-1.5664	0.001477
-1.5662	0.001479
-1.5660	0.001480
-1.5658	0.001482
-1.5656	0.001484
-1.5654	0.001486
-1.5652	0.001488
-1.5650	0.001489
-1.5648	0.001491
-1.5646	0.001493
-1.5644	0.001495
-1.5642	0.001497
-1.5640	0.001499
-1.5638	0.001500
-1.5636	0.001502
-1.5634	0.001504
-1.5632	0.001506
-1.5630	0.001508
-1.5628	0.001510
-1.5626	0.001511
-1.5624	0.001513
-1.5622	0.001515
-1.5620	0.001517
-1.5618	0.001519
-1.5616	0.001521
-1.5614	0.001522
-1.5612	0.001524
-1.5610	0.001526
-1.5608	0.001528
-1.5606	0.001530
-1.5604	0.001532
-1.5602	0.001534
-1.5600	0.001535
-1.5598	0.001537
-1.5596	0.001539
-1.5594	0.001541
-1.5592	0.001543
-1.5590	0.001545
-1.5588	0.001547
-1.5586	0.001548
-1.5584	0.001550
-1.5582	0.001552
-1.5580	0.001554
-1.5578	0.001556
-1.5576	0.001558
-1.5574	0.001560
-1.5572	0.001562
-1.5570	0.001564
-1.5568	0.001565
-1.5566	0.001567
-1.5564	0.001569
-1.5562	0.001571
-1.5560	0.001573
-1.5558	0.001575
-1.5556	0.001577
-1.5554	0.001579
-1.5552	0.001581
-1.5550	0.001583
-1.5548	0.001585
-1.5546	0.001587
-1.5544	0.001588
-1.5542	0.001590
-1.5540	0.001592
-1.5538	0.001594
-1.5536	0.001596
-1.5534	0.001598
-1.5532	0.001600
-1.5530	0.001602
-1.5528	0.001604
-1.5526	0.001606
-1.5524	0.001608
-1.5522	0.001610
-1.5520	0.001612
-1.5518	0.001614
-1.5516	0.001616
-1.5514	0.001618
-1.5512	0.001620
-1.5510	0.001622
-1.5508	0.001624
-1.5506	0.001626
-1.5504	0.001628
-1.5502	0.001630
-1.5500	0.001632
-1.5498	0.001634
-1.5496	0.001635
-1.5494	0.001637
-1.5492	0.001639
-1.5490	0.001641
-1.5488	0.001643
-1.5486	0.001645
-1.5484	0.001647
-1.5482	0.001649
-1.5480	0.001651
-1.5478	0.001653
-1.5476	0.001656
-1.5474	0.001658
-1.5472	0.001660
-1.5470	0.001662
-1.5468	0.001664
-1.5466	0.001666
-1.5464	0.001668
-1.5462	0.001670
-1.5460	0.001672
-1.5458	0.001674
-1.5456	0.001676
-1.5454	0.001678
-1.5452	0.001680
-1.5450	0.001682
-1.5448	0.001684
-1.5446	0.001686
-1.5444	0.001688
-1.5442	0.001690
-1.5440	0.001692
-1.5438	0.001694
-1.5436	0.001696
-1.5434	0.001698
-1.5432	0.001700
-1.5430	0.001703
-1.5428	0.001705
-1.5426	0.001707
-1.5424	0.001709
-1.5422	0.001711
-1.5420	0.001713
-1.5418	0.001715
-1.5416	0.001717
-1.5414	0.001719
-1.5412	0.001721
-1.5410	0.001723
-1.5408	0.001725
-1.5406	0.001728
-1.5404	0.001730
-1.5402	0.001732
-1.5400	0.001734
-1.5398	0.001736
-1.5396	0.001738
-1.5394	0.001740
-1.5392	0.001742
-1.5390	0.001745
-1.5388	0.001747
-1.5386	0.001749
-1.5384	0.001751
-1.5382	0.001753
-1.5380	0.001755
-1.5378	0.001757
-1.5376	0.001759
-1.5374	0.001762
-1.5372	0.001764
-1.5370	0.001766
-1.5368	0.001768
-1.5366	0.001770
-1.5364	0.001772
-1.5362	0.001775
-1.5360	0.001777
-1.5358	0.001779
-1.5356	0.001781
-1.5354	0.001783
-1.5352	0.001785
-1.5350	0.001788
-1.5348	0.001790
-1.5346	0.001792
-1.5344	0.001794
-1.5342	0.001796
-1.5340	0.001799
-1.5338	0.001801
-1.5336	0.001803
-1.5334	0.001805
-1.5332	0.001807
-1.5330	0.001810
-1.5328	0.001812
-1.5326	0.001814
-1.5324	0.001816
-1.5322	0.001818
-1.5320	0.001821
-1.5318	0.001823
-1.5316	0.001825
-1.5314	0.001827
-1.5312	0.001830
-1.5310	0.001832
-1.5308	0.001834
-1.5306	0.001836
-1.5304	0.001839
-1.5302	0.001841
-1.5300	0.001843
-1.5298	0.001845
-1.5296	0.001848
-1.5294	0.001850
-1.5292	0.001852
-1.5290	0.001854
-1.5288	0.001857
-1.5286	0.001859
-1.5284	0.001861
-1.5282	0.001863
-1.5280	0.001866
-1.5278	0.001868
-1.5276	0.001870
-1.5274	0.001873
-1.5272	0.001875
-1.5270	0.001877
-1.5268	0.001879
-1.5266	0.001882
-1.5264	0.001884
-1.5262	0.001886
-1.5260	0.001889
-1.5258	0.001891
-1.5256	0.001893
-1.5254	0.001896
-1.5252	0.001898
-1.5250	0.001900
-1.5248	0.001903
-1.5246	0.001905
-1.5244	0.001907
-1.5242	0.001910
-1.5240	0.001912
-1.5238	0.001914
-1.5236	0.001917
-1.5234	0.001919
-1.5232	0.001921
-1.5230	0.001924
-1.5228	0.001926
-1.5226	0.001928
-1.5224	0.001931
-1.5222	0.001933
-1.5220	0.001936
-1.5218	0.001938
-1.5216	0.001940
-1.5214	0.001943
-1.5212	0.001945
-1.5210	0.001948
-1.5208	0.001950
-1.5206	0.001952
-1.5204	0.001955
-1.5202	0.001957
-1.5200	0.001960
-1.5198	0.001962
-1.5196	0.001964
-1.5194	0.001967
-1.5192	0.001969
-1.5190	0.001972
-1.5188	0.001974
-1.5186	0.001976
-1.5184	0.001979
-1.5182	0.001981
-1.5180	0.001984
-1.5178	0.001986
-1.5176	0.001989
-1.5174	0.001991
-1.5172	0.001993
-1.5170	0.001996
-1.5168	0.001998
-1.5166	0.002001
-1.5164	0.002003
-1.5162	0.002006
-1.5160	0.002008
-1.5158	0.002011
-1.5156	0.002013
-1.5154	0.002016
-1.5152	0.002018
-1.5150	0.002021
-1.5148	0.002023
-1.5146	0.002026
-1.5144	0.002028
-1.5142	0.002031
-1.5140	0.002033
-1.5138	0.002036
-1.5136	0.002038
-1.5134	0.002041
-1.5132	0.002043
-1.5130	0.002046
-1.5128	0.002048
-1.5126	0.002051
-1.5124	0.002053
-1.5122	0.002056
-1.5120	0.002058
-1.5118	0.002061
-1.5116	0.002063
-1.5114	0.002066
-1.5112	0.002068
-1.5110	0.002071
-1.5108	0.002074
-1.5106	0.002076
-1.5104	0.002079
-1.5102	0.002081
-1.5100	0.002084
-1.5098	0.002086
-1.5096	0.002089
-1.5094	0.002092
-1.5092	0.002094
-1.5090	0.002097
-1.5088	0.002099
-1.5086	0.002102
-1.5084	0.002105
-1.5082	0.002107
-1.5080	0.002110
-1.5078	0.002112
-1.5076	0.002115
-1.5074	0.002118
-1.5072	0.002120
-1.5070	0.002123
-1.5068	0.002125
-1.5066	0.002128
-1.5064	0.002131
-1.5062	0.002133
-1.5060	0.002136
-1.5058	0.002139
-1.5056	0.002141
-1.5054	0.002144
-1.5052	0.002147
-1.5050	0.002149
-1.5048	0.002152
-1.5046	0.002155
-1.5044	0.002157
-1.5042	0.002160
-1.5040	0.002163
-1.5038	0.002165
-1.5036	0.002168
-1.5034	0.002171
-1.5032	0.002173
-1.5030	0.002176
-1.5028	0.002179
-1.5026	0.002181
-1.5024	0.002184
-1.5022	0.002187
-1.5020	0.002189
-1.5018	0.002192
-1.5016	0.002195
-1.5014	0.002198
-1.5012	0.002200
-1.5010	0.002203
-1.5008	0.002206
-1.5006	0.002209
-1.5004	0.002211
-1.5002	0.002214
-1.5000	0.002217
-1.4998	0.002220
-1.4996	0.002222
-1.4994	0.002225
-1.4992	0.002228
-1.4990	0.002231
-1.4988	0.002233
-1.4986	0.002236
-1.4984	0.002239
-1.4982	0.002242
-1.4980	0.002244
-1.4978	0.002247
-1.4976	0.002250
-1.4974	0.002253
-1.4972	0.002256
-1.4970	0.002258
-1.4968	0.002261
-1.4966	0.002264
-1.4964	0.002267
-1.4962	0.002270
-1.4960	0.002273
-1.4958	0.002275
-1.4956	0.002278
-1.4954	0.002281
-1.4952	0.002284
-1.4950	0.002287
-1.4948	0.002290
-1.4946	0.002292
-1.4944	0.002295
-1.4942	0.002298
-1.4940	0.002301
-1.4938	0.002304
-1.4936	0.002307
-1.4934	0.002310
-1.4932	0.002312
-1.4930	0.002315
-1.4928	0.002318
-1.4926	0.002321
-1.4924	0.002324
-1.4922	0.002327
-1.4920	0.002330
-1.4918	0.002333
-1.4916	0.002336
-1.4914	0.002339
-1.4912	0.002341
-1.4910	0.002344
-1.4908	0.002347
-1.4906	0.002350
-1.4904	0.002353
-1.4902	0.002356
-1.4900	0.002359
-1.4898	0.002362
-1.4896	0.002365
-1.4894	0.002368
-1.4892	0.002371
-1.4890	0.002374
-1.4888	0.002377
-1.4886	0.002380
-1.4884	0.002383
-1.4882	0.002386
-1.4880	0.002389
-1.4878	0.002392
-1.4876	0.002395
-1.4874	0.002398
-1.4872	0.002401
-1.4870	0.002404
-1.4868	0.002407
-1.4866	0.002410
-1.4864	0.002413
-1.4862	0.002416
-1.4860	0.002419
-1.4858	0.002422
-1.4856	0.002425
-1.4854	0.002428
-1.4852	0.002431
-1.4850	0.002434
-1.4848	0.002437
-1.4846	0.002440
-1.4844	0.002443
-1.4842	0.002446
-1.4840	0.002449
-1.4838	0.002452
-1.4836	0.002455
-1.4834	0.002458
-1.4832	0.002462
-1.4830	0.002465
-1.4828	0.002468
-1.4826	0.002471
-1.4824	0.002474
-1.4822	0.002477
-1.4820	0.002480
-1.4818	0.002483
-1.4816	0.002486
-1.4814	0.002489
-1.4812	0.002493
-1.4810	0.002496
-1.4808	0.002499
-1.4806	0.002502
-1.4804	0.002505
-1.4802	0.002508
-1.4800	0.002511
-1.4798	0.002515
-1.4796	0.002518
-1.4794	0.002521
-1.4792	0.002524
-1.4790	0.002527
-1.4788	0.002530
-1.4786	0.002534
-1.4784	0.002537
-1.4782	0.002540
-1.4780	0.002543
-1.4778	0.002546
-1.4776	0.002550
-1.4774	0.002553
-1.4772	0.002556
-1.4770	0.002559
-1.4768	0.002562
-1.4766	0.002566
-1.4764	0.002569
-1.4762	0.002572
-1.4760	0.002575
-1.4758	0.002579
-1.4756	0.002582
-1.4754	0.002585
-1.4752	0.002588
-1.4750	0.002592
-1.4748	0.002595
-1.4746	0.002598
-1.4744	0.002602
-1.4742	0.002605
-1.4740	0.002608
-1.4738	0.002611
-1.4736	0.002615
-1.4734	0.002618
-1.4732	0.002621
-1.4730	0.002625
-1.4728	0.002628
-1.4726	0.002631
-1.4724	0.002635
-1.4722	0.002638
-1.4720	0.002641
-1.4718	0.002645
-1.4716	0.002648
-1.4714	0.002651
-1.4712	0.002655
-1.4710	0.002658
-1.4708	0.002661
-1.4706	0.002665
-1.4704	0.002668
-1.4702	0.002671
-1.4700	0.002675
-1.4698	0.002678
-1.4696	0.002682
-1.4694	0.002685
-1.4692	0.002688
-1.4690	0.002692
-1.4688	0.002695
-1.4686	0.002699
-1.4684	0.002702
-1.4682	0.002706
-1.4680	0.002709
-1.4678	0.002712
-1.4676	0.002716
-1.4674	0.002719
-1.4672	0.002723
-1.4670	0.002726
-1.4668	0.002730
-1.4666	0.002733
-1.4664	0.002737
-1.4662	0.002740
-1.4660	0.002744
-1.4658	0.002747
-1.4656	0.002751
-1.4654	0.002754
-1.4652	0.002758
-1.4650	0.002761
-1.4648	0.002765
-1.4646	0.002768
-1.4644	0.002772
-1.4642	0.002775
-1.4640	0.002779
-1.4638	0.002782
-1.4636	0.002786
-1.4634	0.002789
-1.4632	0.002793
-1.4630	0.002796
-1.4628	0.002800
-1.4626	0.002804
-1.4624	0.002807
-1.4622	0.002811
-1.4620	0.002814
-1.4618	0.002818
-1.4616	0.002821
-1.4614	0.002825
-1.4612	0.002829
-1.4610	0.002832
-1.4608	0.002836
-1.4606	0.002839
-1.4604	0.002843
-1.4602	0.002847
-1.4600	0.002850
-1.4598	0.002854
-1.4596	0.002858
-1.4594	0.002861
-1.4592	0.002865
-1.4590	0.002869
-1.4588	0.002872
-1.4586	0.002876
-1.4584	0.002880
-1.4582	0.002883
-1.4580	0.002887
-1.4578	0.002891
-1.4576	0.002894
-1.4574	0.002898
-1.4572	0.002902
-1.4570	0.002906
-1.4568	0.002909
-1.4566	0.002913
-1.4564	0.002917
-1.4562	0.002920
-1.4560	0.002924
-1.4558	0.002928
-1.4556	0.002932
-1.4554	0.002935
-1.4552	0.002939
-1.4550	0.002943
-1.4548	0.002947
-1.4546	0.002951
-1.4544	0.002954
-1.4542	0.002958
-1.4540	0.002962
-1.4538	0.002966
-1.4536	0.002970
-1.4534	0.002973
-1.4532	0.002977
-1.4530	0.002981
-1.4528	0.002985
-1.4526	0.002989
-1.4524	0.002993
-1.4522	0.002996
-1.4520	0.003000
-1.4518	0.003004
-1.4516	0.003008
-1.4514	0.003012
-1.4512	0.003016
-1.4510	0.003020
-1.4508	0.003023
-1.4506	0.003027
-1.4504	0.003031
-1.4502	0.003035
-1.4500	0.003039
-1.4498	0.003043
-1.4496	0.003047
-1.4494	0.003051
-1.4492	0.003055
-1.4490	0.003059
-1.4488	0.003063
-1.4486	0.003067
-1.4484	0.003071
-1.4482	0.003075
-1.4480	0.003079
-1.4478	0.003082
-1.4476	0.003086
-1.4474	0.003090
-1.4472	0.003094
-1.4470	0.003098
-1.4468	0.003102
-1.4466	0.003106
-1.4464	0.003110
-1.4462	0.003114
-1.4460	0.003119
-1.4458	0.003123
-1.4456	0.003127
-1.4454	0.003131
-1.4452	0.003135
-1.4450	0.003139
-1.4448	0.003143
-1.4446	0.003147
-1.4444	0.003151
-1.4442	0.003155
-1.4440	0.003159
-1.4438	0.003163
-1.4436	0.003167
-1.4434	0.003171
-1.4432	0.003176
-1.4430	0.003180
-1.4428	0.003184
-1.4426	0.003188
-1.4424	0.003192
-1.4422	0.003196
-1.4420	0.003200
-1.4418	0.003205
-1.4416	0.003209
-1.4414	0.003213
-1.4412	0.003217
-1.4410	0.003221
-1.4408	0.003225
-1.4406	0.003230
-1.4404	0.003234
-1.4402	0.003238
-1.4400	0.003242
-1.4398	0.003246
-1.4396	0.003251
-1.4394	0.003255
-1.4392	0.003259
-1.4390	0.003263
-1.4388	0.003268
-1.4386	0.003272
-1.4384	0.003276
-1.4382	0.003280
-1.4380	0.003285
-1.4378	0.003289
-1.4376	0.003293
-1.4374	0.003298
-1.4372	0.003302
-1.4370	0.003306
-1.4368	0.003311
-1.4366	0.003315
-1.4364	0.003319
-1.4362	0.003324
-1.4360	0.003328
-1.4358	0.003332
-1.4356	0.003337
-1.4354	0.003341
-1.4352	0.003345
-1.4350	0.003350
-1.4348	0.003354
-1.4346	0.003358
-1.4344	0.003363
-1.4342	0.003367
-1.4340	0.003372
-1.4338	0.003376
-1.4336	0.003380
-1.4334	0.003385
-1.4332	0.003389
-1.4330	0.003394
-1.4328	0.003398
-1.4326	0.003403
-1.4324	0.003407
-1.4322	0.003412
-1.4320	0.003416
-1.4318	0.003421
-1.4316	0.003425
-1.4314	0.003430
-1.4312	0.003434
-1.4310	0.003439
-1.4308	0.003443
-1.4306	0.003448
-1.4304	0.003452
-1.4302	0.003457
-1.4300	0.003461
-1.4298	0.003466
-1.4296	0.003470
-1.4294	0.003475
-1.4292	0.003480
-1.4290	0.003484
-1.4288	0.003489
-1.4286	0.003493
-1.4284	0.003498
-1.4282	0.003502
-1.4280	0.003507
-1.4278	0.003512
-1.4276	0.003516
-1.4274	0.003521
-1.4272	0.003526
-1.4270	0.003530
-1.4268	0.003535
-1.4266	0.003540
-1.4264	0.003544
-1.4262	0.003549
-1.4260	0.003554
-1.4258	0.003558
-1.4256	0.003563
-1.4254	0.003568
-1.4252	0.003572
-1.4250	0.003577
-1.4248	0.003582
-1.4246	0.003587
-1.4244	0.003591
-1.4242	0.003596
-1.4240	0.003601
-1.4238	0.003606
-1.4236	0.003610
-1.4234	0.003615
-1.4232	0.003620
-1.4230	0.003625
-1.4228	0.003630
-1.4226	0.003634
-1.4224	0.003639
-1.4222	0.003644
-1.4220	0.003649
-1.4218	0.003654
-1.4216	0.003659
-1.4214	0.003664
-1.4212	0.003668
-1.4210	0.003673
-1.4208	0.003678
-1.4206	0.003683
-1.4204	0.003688
-1.4202	0.003693
-1.4200	0.003698
-1.4198	0.003703
-1.4196	0.003708
-1.4194	0.003713
-1.4192	0.003717
-1.4190	0.003722
-1.4188	0.003727
-1.4186	0.003732
-1.4184	0.003737
-1.4182	0.003742
-1.4180	0.003747
-1.4178	0.003752
-1.4176	0.003757
-1.4174	0.003762
-1.4172	0.003767
-1.4170	0.003772
-1.4168	0.003777
-1.4166	0.003782
-1.4164	0.003787
-1.4162	0.003793
-1.4160	0.003798
-1.4158	0.003803
-1.4156	0.003808
-1.4154	0.003813
-1.4152	0.003818
-1.4150	0.003823
-1.4148	0.003828
-1.4146	0.003833
-1.4144	0.003838
-1.4142	0.003844
-1.4140	0.003849
-1.4138	0.003854
-1.4136	0.003859
-1.4134	0.003864
-1.4132	0.003869
-1.4130	0.003875
-1.4128	0.003880
-1.4126	0.003885
-1.4124	0.003890
-1.4122	0.003895
-1.4120	0.003901
-1.4118	0.003906
-1.4116	0.003911
-1.4114	0.003916
-1.4112	0.003922
-1.4110	0.003927
-1.4108	0.003932
-1.4106	0.003938
-1.4104	0.003943
-1.4102	0.003948
-1.4100	0.003953
-1.4098	0.003959
-1.4096	0.003964
-1.4094	0.003969
-1.4092	0.003975
-1.4090	0.003980
-1.4088	0.003986
-1.4086	0.003991
-1.4084	0.003996
-1.4082	0.004002
-1.4080	0.004007
-1.4078	0.004012
-1.4076	0.004018
-1.4074	0.004023
-1.4072	0.004029
-1.4070	0.004034
-1.4068	0.004040
-1.4066	0.004045
-1.4064	0.004051
-1.4062	0.004056
-1.4060	0.004062
-1.4058	0.004067
-1.4056	0.004073
-1.4054	0.004078
-1.4052	0.004084
-1.4050	0.004089
-1.4048	0.004095
-1.4046	0.004100
-1.4044	0.004106
-1.4042	0.004111
-1.4040	0.004117
-1.4038	0.004123
-1.4036	0.004128
-1.4034	0.004134
-1.4032	0.004139
-1.4030	0.004145
-1.4028	0.004151
-1.4026	0.004156
-1.4024	0.004162
-1.4022	0.004168
-1.4020	0.004173
-1.4018	0.004179
-1.4016	0.004185
-1.4014	0.004190
-1.4012	0.004196
-1.4010	0.004202
-1.4008	0.004207
-1.4006	0.004213
-1.4004	0.004219
-1.4002	0.004225
-1.4000	0.004230
-1.3998	0.004236
-1.3996	0.004242
-1.3994	0.004248
-1.3992	0.004254
-1.3990	0.004259
-1.3988	0.004265
-1.3986	0.004271
-1.3984	0.004277
-1.3982	0.004283
-1.3980	0.004289
-1.3978	0.004294
-1.3976	0.004300
-1.3974	0.004306
-1.3972	0.004312
-1.3970	0.004318
-1.3968	0.004324
-1.3966	0.004330
-1.3964	0.004336
-1.3962	0.004342
-1.3960	0.004348
-1.3958	0.004354
-1.3956	0.004360
-1.3954	0.004366
-1.3952	0.004372
-1.3950	0.004378
-1.3948	0.004384
-1.3946	0.004390
-1.3944	0.004396
-1.3942	0.004402
-1.3940	0.004408
-1.3938	0.004414
-1.3936	0.004420
-1.3934	0.004426
-1.3932	0.004432
-1.3930	0.004438
-1.3928	0.004444
-1.3926	0.004450
-1.3924	0.004457
-1.3922	0.004463
-1.3920	0.004469
-1.3918	0.004475
-1.3916	0.004481
-1.3914	0.004487
-1.3912	0.004494
-1.3910	0.004500
-1.3908	0.004506
-1.3906	0.004512
-1.3904	0.004518
-1.3902	0.004525
-1.3900	0.004531
-1.3898	0.004537
-1.3896	0.004543
-1.3894	0.004550
-1.3892	0.004556
-1.3890	0.004562
-1.3888	0.004569
-1.3886	0.004575
-1.3884	0.004581
-1.3882	0.004588
-1.3880	0.004594
-1.3878	0.004600
-1.3876	0.004607
-1.3874	0.004613
-1.3872	0.004620
-1.3870	0.004626
-1.3868	0.004633
-1.3866	0.004639
-1.3864	0.004645
-1.3862	0.004652
-1.3860	0.004658
-1.3858	0.004665
-1.3856	0.004671
-1.3854	0.004678
-1.3852	0.004684
-1.3850	0.004691
-1.3848	0.004697
-1.3846	0.004704
-1.3844	0.004710
-1.3842	0.004717
-1.3840	0.004724
-1.3838	0.004730
-1.3836	0.004737
-1.3834	0.004743
-1.3832	0.004750
-1.3830	0.004757
-1.3828	0.004763
-1.3826	0.004770
-1.3824	0.004777
-1.3822	0.004783
-1.3820	0.004790
-1.3818	0.004797
-1.3816	0.004803
-1.3814	0.004810
-1.3812	0.004817
-1.3810	0.004824
-1.3808	0.004830
-1.3806	0.004837
-1.3804	0.004844
-1.3802	0.004851
-1.3800	0.004858
-1.3798	0.004864
-1.3796	0.004871
-1.3794	0.004878
-1.3792	0.004885
-1.3790	0.004892
-1.3788	0.004899
-1.3786	0.004906
-1.3784	0.004912
-1.3782	0.004919
-1.3780	0.004926
-1.3778	0.004933
-1.3776	0.004940
-1.3774	0.004947
-1.3772	0.004954
-1.3770	0.004961
-1.3768	0.004968
-1.3766	0.004975
-1.3764	0.004982
-1.3762	0.004989
-1.3760	0.004996
-1.3758	0.005003
-1.3756	0.005010
-1.3754	0.005017
-1.3752	0.005025
-1.3750	0.005032
-1.3748	0.005039
-1.3746	0.005046
-1.3744	0.005053
-1.3742	0.005060
-1.3740	0.005067
-1.3738	0.005075
-1.3736	0.005082
-1.3734	0.005089
-1.3732	0.005096
-1.3730	0.005103
-1.3728	0.005111
-1.3726	0.005118
-1.3724	0.005125
-1.3722	0.005132
-1.3720	0.005140
-1.3718	0.005147
-1.3716	0.005154
-1.3714	0.005162
-1.3712	0.005169
-1.3710	0.005176
-1.3708	0.005184
-1.3706	0.005191
-1.3704	0.005199
-1.3702	0.005206
-1.3700	0.005213
-1.3698	0.005221
-1.3696	0.005228
-1.3694	0.005236
-1.3692	0.005243
-1.3690	0.005251
-1.3688	0.005258
-1.3686	0.005266
-1.3684	0.005273
-1.3682	0.005281
-1.3680	0.005288
-1.3678	0.005296
-1.3676	0.005303
-1.3674	0.005311
-1.3672	0.005319
-1.3670	0.005326
-1.3668	0.005334
-1.3666	0.005342
-1.3664	0.005349
-1.3662	0.005357
-1.3660	0.005365
-1.3658	0.005372
-1.3656	0.005380
-1.3654	0.005388
-1.3652	0.005395
-1.3650	0.005403
-1.3648	0.005411
-1.3646	0.005419
-1.3644	0.005427
-1.3642	0.005434
-1.3640	0.005442
-1.3638	0.005450
-1.3636	0.005458
-1.3634	0.005466
-1.3632	0.005474
-1.3630	0.005482
-1.3628	0.005489
-1.3626	0.005497
-1.3624	0.005505
-1.3622	0.005513
-1.3620	0.005521
-1.3618	0.005529
-1.3616	0.005537
-1.3614	0.005545
-1.3612	0.005553
-1.3610	0.005561
-1.3608	0.005569
-1.3606	0.005577
-1.3604	0.005585
-1.3602	0.005593
-1.3600	0.005602
-1.3598	0.005610
-1.3596	0.005618
-1.3594	0.005626
-1.3592	0.005634
-1.3590	0.005642
-1.3588	0.005651
-1.3586	0.005659
-1.3584	0.005667
-1.3582	0.005675
-1.3580	0.005683
-1.3578	0.005692
-1.3576	0.005700
-1.3574	0.005708
-1.3572	0.005717
-1.3570	0.005725
-1.3568	0.005733
-1.3566	0.005742
-1.3564	0.005750
-1.3562	0.005758
-1.3560	0.005767
-1.3558	0.005775
-1.3556	0.005784
-1.3554	0.005792
-1.3552	0.005801
-1.3550	0.005809
-1.3548	0.005818
-1.3546	0.005826
-1.3544	0.005835
-1.3542	0.005843
-1.3540	0.005852
-1.3538	0.005860
-1.3536	0.005869
-1.3534	0.005877
-1.3532	0.005886
-1.3530	0.005895
-1.3528	0.005903
-1.3526	0.005912
-1.3524	0.005921
-1.3522	0.005929
-1.3520	0.005938
-1.3518	0.005947
-1.3516	0.005956
-1.3514	0.005964
-1.3512	0.005973
-1.3510	0.005982
-1.3508	0.005991
-1.3506	0.006000
-1.3504	0.006008
-1.3502	0.006017
-1.3500	0.006026
-1.3498	0.006035
-1.3496	0.006044
-1.3494	0.006053
-1.3492	0.006062
-1.3490	0.006071
-1.3488	0.006080
-1.3486	0.006089
-1.3484	0.006098
-1.3482	0.006107
-1.3480	0.006116
-1.3478	0.006125
-1.3476	0.006134
-1.3474	0.006143
-1.3472	0.006152
-1.3470	0.006161
-1.3468	0.006170
-1.3466	0.006180
-1.3464	0.006189
-1.3462	0.006198
-1.3460	0.006207
-1.3458	0.006216
-1.3456	0.006226
-1.3454	0.006235
-1.3452	0.006244
-1.3450	0.006253
-1.3448	0.006263
-1.3446	0.006272
-1.3444	0.006281
-1.3442	0.006291
-1.3440	0.006300
-1.3438	0.006310
-1.3436	0.006319
-1.3434	0.006328
-1.3432	0.006338
-1.3430	0.006347
-1.3428	0.006357
-1.3426	0.006366
-1.3424	0.006376
-1.3422	0.006385
-1.3420	0.006395
-1.3418	0.006405
-1.3416	0.006414
-1.3414	0.006424
-1.3412	0.006433
-1.3410	0.006443
-1.3408	0.006453
-1.3406	0.006462
-1.3404	0.006472
-1.3402	0.006482
-1.3400	0.006492
-1.3398	0.006501
-1.3396	0.006511
-1.3394	0.006521
-1.3392	0.006531
-1.3390	0.006541
-1.3388	0.006550
-1.3386	0.006560
-1.3384	0.006570
-1.3382	0.006580
-1.3380	0.006590
-1.3378	0.006600
-1.3376	0.006610
-1.3374	0.006620
-1.3372	0.006630
-1.3370	0.006640
-1.3368	0.006650
-1.3366	0.006660
-1.3364	0.006670
-1.3362	0.006680
-1.3360	0.006690
-1.3358	0.006700
-1.3356	0.006711
-1.3354	0.006721
-1.3352	0.006731
-1.3350	0.006741
-1.3348	0.006751
-1.3346	0.006762
-1.3344	0.006772
-1.3342	0.006782
-1.3340	0.006793
-1.3338	0.006803
-1.3336	0.006813
-1.3334	0.006824
-1.3332	0.006834
-1.3330	0.006844
-1.3328	0.006855
-1.3326	0.006865
-1.3324	0.006876
-1.3322	0.006886
-1.3320	0.006897
-1.3318	0.006907
-1.3316	0.006918
-1.3314	0.006928
-1.3312	0.006939
-1.3310	0.006950
-1.3308	0.006960
-1.3306	0.006971
-1.3304	0.006982
-1.3302	0.006992
-1.3300	0.007003
-1.3298	0.007014
-1.3296	0.007025
-1.3294	0.007035
-1.3292	0.007046
-1.3290	0.007057
-1.3288	0.007068
-1.3286	0.007079
-1.3284	0.007090
-1.3282	0.007100
-1.3280	0.007111
-1.3278	0.007122
-1.3276	0.007133
-1.3274	0.007144
-1.3272	0.007155
-1.3270	0.007166
-1.3268	0.007177
-1.3266	0.007188
-1.3264	0.007200
-1.3262	0.007211
-1.3260	0.007222
-1.3258	0.007233
-1.3256	0.007244
-1.3254	0.007255
-1.3252	0.007267
-1.3250	0.007278
-1.3248	0.007289
-1.3246	0.007300
-1.3244	0.007312
-1.3242	0.007323
-1.3240	0.007334
-1.3238	0.007346
-1.3236	0.007357
-1.3234	0.007369
-1.3232	0.007380
-1.3230	0.007392
-1.3228	0.007403
-1.3226	0.007415
-1.3224	0.007426
-1.3222	0.007438
-1.3220	0.007449
-1.3218	0.007461
-1.3216	0.007473
-1.3214	0.007484
-1.3212	0.007496
-1.3210	0.007508
-1.3208	0.007519
-1.3206	0.007531
-1.3204	0.007543
-1.3202	0.007555
-1.3200	0.007566
-1.3198	0.007578
-1.3196	0.007590
-1.3194	0.007602
-1.3192	0.007614
-1.3190	0.007626
-1.3188	0.007638
-1.3186	0.007650
-1.3184	0.007662
-1.3182	0.007674
-1.3180	0.007686
-1.3178	0.007698
-1.3176	0.007710
-1.3174	0.007722
-1.3172	0.007734
-1.3170	0.007747
-1.3168	0.007759
-1.3166	0.007771
-1.3164	0.007783
-1.3162	0.007796
-1.3160	0.007808
-1.3158	0.007820
-1.3156	0.007833
-1.3154	0.007845
-1.3152	0.007857
-1.3150	0.007870
-1.3148	0.007882
-1.3146	0.007895
-1.3144	0.007907
-1.3142	0.007920
-1.3140	0.007932
-1.3138	0.007945
-1.3136	0.007958
-1.3134	0.007970
-1.3132	0.007983
-1.3130	0.007996
-1.3128	0.008008
-1.3126	0.008021
-1.3124	0.008034
-1.3122	0.008047
-1.3120	0.008059
-1.3118	0.008072
-1.3116	0.008085
-1.3114	0.008098
-1.3112	0.008111
-1.3110	0.008124
-1.3108	0.008137
-1.3106	0.008150
-1.3104	0.008163
-1.3102	0.008176
-1.3100	0.008189
-1.3098	0.008202
-1.3096	0.008215
-1.3094	0.008228
-1.3092	0.008242
-1.3090	0.008255
-1.3088	0.008268
-1.3086	0.008281
-1.3084	0.008295
-1.3082	0.008308
-1.3080	0.008321
-1.3078	0.008335
-1.3076	0.008348
-1.3074	0.008361
-1.3072	0.008375
-1.3070	0.008388
-1.3068	0.008402
-1.3066	0.008415
-1.3064	0.008429
-1.3062	0.008443
-1.3060	0.008456
-1.3058	0.008470
-1.3056	0.008484
-1.3054	0.008497
-1.3052	0.008511
-1.3050	0.008525
-1.3048	0.008539
-1.3046	0.008552
-1.3044	0.008566
-1.3042	0.008580
-1.3040	0.008594
-1.3038	0.008608
-1.3036	0.008622
-1.3034	0.008636
-1.3032	0.008650
-1.3030	0.008664
-1.3028	0.008678
-1.3026	0.008692
-1.3024	0.008707
-1.3022	0.008721
-1.3020	0.008735
-1.3018	0.008749
-1.3016	0.008763
-1.3014	0.008778
-1.3012	0.008792
-1.3010	0.008806
-1.3008	0.008821
-1.3006	0.008835
-1.3004	0.008850
-1.3002	0.008864
-1.3000	0.008879
-1.2998	0.008893
-1.2996	0.008908
-1.2994	0.008922
-1.2992	0.008937
-1.2990	0.008952
-1.2988	0.008966
-1.2986	0.008981
-1.2984	0.008996
-1.2982	0.009011
-1.2980	0.009026
-1.2978	0.009040
-1.2976	0.009055
-1.2974	0.009070
-1.2972	0.009085
-1.2970	0.009100
-1.2968	0.009115
-1.2966	0.009130
-1.2964	0.009145
-1.2962	0.009160
-1.2960	0.009176
-1.2958	0.009191
-1.2956	0.009206
-1.2954	0.009221
-1.2952	0.009236
-1.2950	0.009252
-1.2948	0.009267
-1.2946	0.009282
-1.2944	0.009298
-1.2942	0.009313
-1.2940	0.009329
-1.2938	0.009344
-1.2936	0.009360
-1.2934	0.009375
-1.2932	0.009391
-1.2930	0.009407
-1.2928	0.009422
-1.2926	0.009438
-1.2924	0.009454
-1.2922	0.009470
-1.2920	0.009485
-1.2918	0.009501
-1.2916	0.009517
-1.2914	0.009533
-1.2912	0.009549
-1.2910	0.009565
-1.2908	0.009581
-1.2906	0.009597
-1.2904	0.009613
-1.2902	0.009629
-1.2900	0.009645
-1.2898	0.009662
-1.2896	0.009678
-1.2894	0.009694
-1.2892	0.009710
-1.2890	0.009727
-1.2888	0.009743
-1.2886	0.009759
-1.2884	0.009776
-1.2882	0.009792
-1.2880	0.009809
-1.2878	0.009825
-1.2876	0.009842
-1.2874	0.009859
-1.2872	0.009875
-1.2870	0.009892
-1.2868	0.009909
-1.2866	0.009926
-1.2864	0.009942
-1.2862	0.009959
-1.2860	0.009976
-1.2858	0.009993
-1.2856	0.010010
-1.2854	0.010027
-1.2852	0.010044
-1.2850	0.010061
-1.2848	0.010078
-1.2846	0.010095
-1.2844	0.010113
-1.2842	0.010130
-1.2840	0.010147
-1.2838	0.010164
-1.2836	0.010182
-1.2834	0.010199
-1.2832	0.010216
-1.2830	0.010234
-1.2828	0.010251
-1.2826	0.010269
-1.2824	0.010287
-1.2822	0.010304
-1.2820	0.010322
-1.2818	0.010339
-1.2816	0.010357
-1.2814	0.010375
-1.2812	0.010393
-1.2810	0.010411
-1.2808	0.010429
-1.2806	0.010446
-1.2804	0.010464
-1.2802	0.010482
-1.2800	0.010501
-1.2798	0.010519
-1.2796	0.010537
-1.2794	0.010555
-1.2792	0.010573
-1.2790	0.010591
-1.2788	0.010610
-1.2786	0.010628
-1.2784	0.010646
-1.2782	0.010665
-1.2780	0.010683
-1.2778	0.010702
-1.2776	0.010720
-1.2774	0.010739
-1.2772	0.010758
-1.2770	0.010776
-1.2768	0.010795
-1.2766	0.010814
-1.2764	0.010833
-1.2762	0.010851
-1.2760	0.010870
-1.2758	0.010889
-1.2756	0.010908
-1.2754	0.010927
-1.2752	0.010946
-1.2750	0.010965
-1.2748	0.010985
-1.2746	0.011004
-1.2744	0.011023
-1.2742	0.011042
-1.2740	0.011062
-1.2738	0.011081
-1.2736	0.011100
-1.2734	0.011120
-1.2732	0.011139
-1.2730	0.011159
-1.2728	0.011179
-1.2726	0.011198
-1.2724	0.011218
-1.2722	0.011238
-1.2720	0.011257
-1.2718	0.011277
-1.2716	0.011297
-1.2714	0.011317
-1.2712	0.011337
-1.2710	0.011357
-1.2708	0.011377
-1.2706	0.011397
-1.2704	0.011417
-1.2702	0.011438
-1.2700	0.011458
-1.2698	0.011478
-1.2696	0.011498
-1.2694	0.011519
-1.2692	0.011539
-1.2690	0.011560
-1.2688	0.011580
-1.2686	0.011601
-1.2684	0.011622
-1.2682	0.011642
-1.2680	0.011663
-1.2678	0.011684
-1.2676	0.011705
-1.2674	0.011725
-1.2672	0.011746
-1.2670	0.011767
-1.2668	0.011788
-1.2666	0.011809
-1.2664	0.011831
-1.2662	0.011852
-1.2660	0.011873
-1.2658	0.011894
-1.2656	0.011916
-1.2654	0.011937
-1.2652	0.011958
-1.2650	0.011980
-1.2648	0.012001
-1.2646	0.012023
-1.2644	0.012045
-1.2642	0.012066
-1.2640	0.012088
-1.2638	0.012110
-1.2636	0.012132
-1.2634	0.012153
-1.2632	0.012175
-1.2630	0.012197
-1.2628	0.012219
-1.2626	0.012242
-1.2624	0.012264
-1.2622	0.012286
-1.2620	0.012308
-1.2618	0.012330
-1.2616	0.012353
-1.2614	0.012375
-1.2612	0.012398
-1.2610	0.012420
-1.2608	0.012443
-1.2606	0.012466
-1.2604	0.012488
-1.2602	0.012511
-1.2600	0.012534
-1.2598	0.012557
-1.2596	0.012580
-1.2594	0.012602
-1.2592	0.012626
-1.2590	0.012649
-1.2588	0.012672
-1.2586	0.012695
-1.2584	0.012718
-1.2582	0.012741
-1.2580	0.012765
-1.2578	0.012788
-1.2576	0.012812
-1.2574	0.012835
-1.2572	0.012859
-1.2570	0.012883
-1.2568	0.012906
-1.2566	0.012930
-1.2564	0.012954
-1.2562	0.012978
-1.2560	0.013002
-1.2558	0.013026
-1.2556	0.013050
-1.2554	0.013074
-1.2552	0.013098
-1.2550	0.013122
-1.2548	0.013147
-1.2546	0.013171
-1.2544	0.013195
-1.2542	0.013220
-1.2540	0.013244
-1.2538	0.013269
-1.2536	0.013294
-1.2534	0.013318
-1.2532	0.013343
-1.2530	0.013368
-1.2528	0.013393
-1.2526	0.013418
-1.2524	0.013443
-1.2522	0.013468
-1.2520	0.013493
-1.2518	0.013518
-1.2516	0.013544
-1.2514	0.013569
-1.2512	0.013594
-1.2510	0.013620
-1.2508	0.013645
-1.2506	0.013671
-1.2504	0.013697
-1.2502	0.013722
-1.2500	0.013748
-1.2498	0.013774
-1.2496	0.013800
-1.2494	0.013826
-1.2492	0.013852
-1.2490	0.013878
-1.2488	0.013904
-1.2486	0.013931
-1.2484	0.013957
-1.2482	0.013983
-1.2480	0.014010
-1.2478	0.014036
-1.2476	0.014063
-1.2474	0.014090
-1.2472	0.014116
-1.2470	0.014143
-1.2468	0.014170
-1.2466	0.014197
-1.2464	0.014224
-1.2462	0.014251
-1.2460	0.014278
-1.2458	0.014305
-1.2456	0.014332
-1.2454	0.014360
-1.2452	0.014387
-1.2450	0.014415
-1.2448	0.014442
-1.2446	0.014470
-1.2444	0.014498
-1.2442	0.014525
-1.2440	0.014553
-1.2438	0.014581
-1.2436	0.014609
-1.2434	0.014637
-1.2432	0.014665
-1.2430	0.014693
-1.2428	0.014722
-1.2426	0.014750
-1.2424	0.014779
-1.2422	0.014807
-1.2420	0.014836
-1.2418	0.014864
-1.2416	0.014893
-1.2414	0.014922
-1.2412	0.014951
-1.2410	0.014980
-1.2408	0.015009
-1.2406	0.015038
-1.2404	0.015067
-1.2402	0.015096
-1.2400	0.015125
-1.2398	0.015155
-1.2396	0.015184
-1.2394	0.015214
-1.2392	0.015243
-1.2390	0.015273
-1.2388	0.015303
-1.2386	0.015333
-1.2384	0.015363
-1.2382	0.015393
-1.2380	0.015423
-1.2378	0.015453
-1.2376	0.015483
-1.2374	0.015514
-1.2372	0.015544
-1.2370	0.015575
-1.2368	0.015605
-1.2366	0.015636
-1.2364	0.015666
-1.2362	0.015697
-1.2360	0.015728
-1.2358	0.015759
-1.2356	0.015790
-1.2354	0.015821
-1.2352	0.015853
-1.2350	0.015884
-1.2348	0.015915
-1.2346	0.015947
-1.2344	0.015978
-1.2342	0.016010
-1.2340	0.016042
-1.2338	0.016074
-1.2336	0.016106
-1.2334	0.016138
-1.2332	0.016170
-1.2330	0.016202
-1.2328	0.016234
-1.2326	0.016266
-1.2324	0.016299
-1.2322	0.016331
-1.2320	0.016364
-1.2318	0.016397
-1.2316	0.016429
-1.2314	0.016462
-1.2312	0.016495
-1.2310	0.016528
-1.2308	0.016561
-1.2306	0.016595
-1.2304	0.016628
-1.2302	0.016661
-1.2300	0.016695
-1.2298	0.016729
-1.2296	0.016762
-1.2294	0.016796
-1.2292	0.016830
-1.2290	0.016864
-1.2288	0.016898
-1.2286	0.016932
-1.2284	0.016966
-1.2282	0.017001
-1.2280	0.017035
-1.2278	0.017070
-1.2276	0.017104
-1.2274	0.017139
-1.2272	0.017174
-1.2270	0.017209
-1.2268	0.017244
-1.2266	0.017279
-1.2264	0.017314
-1.2262	0.017349
-1.2260	0.017385
-1.2258	0.017420
-1.2256	0.017456
-1.2254	0.017491
-1.2252	0.017527
-1.2250	0.017563
-1.2248	0.017599
-1.2246	0.017635
-1.2244	0.017671
-1.2242	0.017708
-1.2240	0.017744
-1.2238	0.017780
-1.2236	0.017817
-1.2234	0.017854
-1.2232	0.017891
-1.2230	0.017927
-1.2228	0.017964
-1.2226	0.018002
-1.2224	0.018039
-1.2222	0.018076
-1.2220	0.018113
-1.2218	0.018151
-1.2216	0.018189
-1.2214	0.018226
-1.2212	0.018264
-1.2210	0.018302
-1.2208	0.018340
-1.2206	0.018378
-1.2204	0.018417
-1.2202	0.018455
-1.2200	0.018494
-1.2198	0.018532
-1.2196	0.018571
-1.2194	0.018610
-1.2192	0.018649
-1.2190	0.018688
-1.2188	0.018727
-1.2186	0.018766
-1.2184	0.018806
-1.2182	0.018845
-1.2180	0.018885
-1.2178	0.018924
-1.2176	0.018964
-1.2174	0.019004
-1.2172	0.019044
-1.2170	0.019084
-1.2168	0.019125
-1.2166	0.019165
-1.2164	0.019206
-1.2162	0.019246
-1.2160	0.019287
-1.2158	0.019328
-1.2156	0.019369
-1.2154	0.019410
-1.2152	0.019451
-1.2150	0.019493
-1.2148	0.019534
-1.2146	0.019576
-1.2144	0.019618
-1.2142	0.019659
-1.2140	0.019701
-1.2138	0.019744
-1.2136	0.019786
-1.2134	0.019828
-1.2132	0.019871
-1.2130	0.019913
-1.2128	0.019956
-1.2126	0.019999
-1.2124	0.020042
-1.2122	0.020085
-1.2120	0.020128
-1.2118	0.020171
-1.2116	0.020215
-1.2114	0.020258
-1.2112	0.020302
-1.2110	0.020346
-1.2108	0.020390
-1.2106	0.020434
-1.2104	0.020478
-1.2102	0.020523
-1.2100	0.020567
-1.2098	0.020612
-1.2096	0.020657
-1.2094	0.020702
-1.2092	0.020747
-1.2090	0.020792
-1.2088	0.020837
-1.2086	0.020883
-1.2084	0.020928
-1.2082	0.020974
-1.2080	0.021020
-1.2078	0.021066
-1.2076	0.021112
-1.2074	0.021158
-1.2072	0.021205
-1.2070	0.021251
-1.2068	0.021298
-1.2066	0.021345
-1.2064	0.021392
-1.2062	0.021439
-1.2060	0.021486
-1.2058	0.021534
-1.2056	0.021581
-1.2054	0.021629
-1.2052	0.021677
-1.2050	0.021725
-1.2048	0.021773
-1.2046	0.021821
-1.2044	0.021870
-1.2042	0.021918
-1.2040	0.021967
-1.2038	0.022016
-1.2036	0.022065
-1.2034	0.022114
-1.2032	0.022163
-1.2030	0.022213
-1.2028	0.022262
-1.2026	0.022312
-1.2024	0.022362
-1.2022	0.022412
-1.2020	0.022463
-1.2018	0.022513
-1.2016	0.022564
-1.2014	0.022614
-1.2012	0.022665
-1.2010	0.022716
-1.2008	0.022767
-1.2006	0.022819
-1.2004	0.022870
-1.2002	0.022922
-1.2000	0.022974
-1.1998	0.023026
-1.1996	0.023078
-1.1994	0.023130
-1.1992	0.023183
-1.1990	0.023235
-1.1988	0.023288
-1.1986	0.023341
-1.1984	0.023394
-1.1982	0.023448
-1.1980	0.023501
-1.1978	0.023555
-1.1976	0.023609
-1.1974	0.023663
-1.1972	0.023717
-1.1970	0.023771
-1.1968	0.023826
-1.1966	0.023880
-1.1964	0.023935
-1.1962	0.023990
-1.1960	0.024045
-1.1958	0.024101
-1.1956	0.024156
-1.1954	0.024212
-1.1952	0.024268
-1.1950	0.024324
-1.1948	0.024380
-1.1946	0.024437
-1.1944	0.024493
-1.1942	0.024550
-1.1940	0.024607
-1.1938	0.024664
-1.1936	0.024722
-1.1934	0.024779
-1.1932	0.024837
-1.1930	0.024895
-1.1928	0.024953
-1.1926	0.025011
-1.1924	0.025070
-1.1922	0.025129
-1.1920	0.025187
-1.1918	0.025247
-1.1916	0.025306
-1.1914	0.025365
-1.1912	0.025425
-1.1910	0.025485
-1.1908	0.025545
-1.1906	0.025605
-1.1904	0.025665
-1.1902	0.025726
-1.1900	0.025787
-1.1898	0.025848
-1.1896	0.025909
-1.1894	0.025970
-1.1892	0.026032
-1.1890	0.026094
-1.1888	0.026156
-1.1886	0.026218
-1.1884	0.026281
-1.1882	0.026343
-1.1880	0.026406
-1.1878	0.026469
-1.1876	0.026532
-1.1874	0.026596
-1.1872	0.026660
-1.1870	0.026724
-1.1868	0.026788
-1.1866	0.026852
-1.1864	0.026917
-1.1862	0.026981
-1.1860	0.027046
-1.1858	0.027111
-1.1856	0.027177
-1.1854	0.027243
-1.1852	0.027308
-1.1850	0.027374
-1.1848	0.027441
-1.1846	0.027507
-1.1844	0.027574
-1.1842	0.027641
-1.1840	0.027708
-1.1838	0.027776
-1.1836	0.027843
-1.1834	0.027911
-1.1832	0.027979
-1.1830	0.028048
-1.1828	0.028116
-1.1826	0.028185
-1.1824	0.028254
-1.1822	0.028323
-1.1820	0.028393
-1.1818	0.028463
-1.1816	0.028533
-1.1814	0.028603
-1.1812	0.028673
-1.1810	0.028744
-1.1808	0.028815
-1.1806	0.028886
-1.1804	0.028958
-1.1802	0.029030
-1.1800	0.029102
-1.1798	0.029174
-1.1796	0.029246
-1.1794	0.029319
-1.1792	0.029392
-1.1790	0.029465
-1.1788	0.029539
-1.1786	0.029612
-1.1784	0.029686
-1.1782	0.029761
-1.1780	0.029835
-1.1778	0.029910
-1.1776	0.029985
-1.1774	0.030060
-1.1772	0.030136
-1.1770	0.030211
-1.1768	0.030288
-1.1766	0.030364
-1.1764	0.030441
-1.1762	0.030517
-1.1760	0.030595
-1.1758	0.030672
-1.1756	0.030750
-1.1754	0.030828
-1.1752	0.030906
-1.1750	0.030985
-1.1748	0.031063
-1.1746	0.031142
-1.1744	0.031222
-1.1742	0.031301
-1.1740	0.031381
-1.1738	0.031462
-1.1736	0.031542
-1.1734	0.031623
-1.1732	0.031704
-1.1730	0.031786
-1.1728	0.031867
-1.1726	0.031949
-1.1724	0.032031
-1.1722	0.032114
-1.1720	0.032197
-1.1718	0.032280
-1.1716	0.032364
-1.1714	0.032447
-1.1712	0.032531
-1.1710	0.032616
-1.1708	0.032700
-1.1706	0.032785
-1.1704	0.032871
-1.1702	0.032956
-1.1700	0.033042
-1.1698	0.033129
-1.1696	0.033215
-1.1694	0.033302
-1.1692	0.033389
-1.1690	0.033477
-1.1688	0.033565
-1.1686	0.033653
-1.1684	0.033741
-1.1682	0.033830
-1.1680	0.033919
-1.1678	0.034009
-1.1676	0.034099
-1.1674	0.034189
-1.1672	0.034279
-1.1670	0.034370
-1.1668	0.034461
-1.1666	0.034553
-1.1664	0.034645
-1.1662	0.034737
-1.1660	0.034829
-1.1658	0.034922
-1.1656	0.035015
-1.1654	0.035109
-1.1652	0.035203
-1.1650	0.035297
-1.1648	0.035392
-1.1646	0.035487
-1.1644	0.035582
-1.1642	0.035678
-1.1640	0.035774
-1.1638	0.035870
-1.1636	0.035967
-1.1634	0.036064
-1.1632	0.036162
-1.1630	0.036260
-1.1628	0.036358
-1.1626	0.036457
-1.1624	0.036556
-1.1622	0.036655
-1.1620	0.036755
-1.1618	0.036855
-1.1616	0.036956
-1.1614	0.037057
-1.1612	0.037158
-1.1610	0.037260
-1.1608	0.037362
-1.1606	0.037464
-1.1604	0.037567
-1.1602	0.037670
-1.1600	0.037774
-1.1598	0.037878
-1.1596	0.037983
-1.1594	0.038088
-1.1592	0.038193
-1.1590	0.038299
-1.1588	0.038405
-1.1586	0.038512
-1.1584	0.038619
-1.1582	0.038726
-1.1580	0.038834
-1.1578	0.038942
-1.1576	0.039051
-1.1574	0.039160
-1.1572	0.039269
-1.1570	0.039379
-1.1568	0.039490
-1.1566	0.039601
-1.1564	0.039712
-1.1562	0.039824
-1.1560	0.039936
-1.1558	0.040048
-1.1556	0.040161
-1.1554	0.040275
-1.1552	0.040389
-1.1550	0.040503
-1.1548	0.040618
-1.1546	0.040734
-1.1544	0.040849
-1.1542	0.040966
-1.1540	0.041082
-1.1538	0.041200
-1.1536	0.041317
-1.1534	0.041435
-1.1532	0.041554
-1.1530	0.041673
-1.1528	0.041793
-1.1526	0.041913
-1.1524	0.042033
-1.1522	0.042154
-1.1520	0.042276
-1.1518	0.042398
-1.1516	0.042521
-1.1514	0.042644
-1.1512	0.042767
-1.1510	0.042891
-1.1508	0.043016
-1.1506	0.043141
-1.1504	0.043266
-1.1502	0.043393
-1.1500	0.043519
-1.1498	0.043646
-1.1496	0.043774
-1.1494	0.043902
-1.1492	0.044031
-1.1490	0.044160
-1.1488	0.044290
-1.1486	0.044420
-1.1484	0.044551
-1.1482	0.044683
-1.1480	0.044815
-1.1478	0.044947
-1.1476	0.045080
-1.1474	0.045214
-1.1472	0.045348
-1.1470	0.045483
-1.1468	0.045618
-1.1466	0.045754
-1.1464	0.045891
-1.1462	0.046028
-1.1460	0.046166
-1.1458	0.046304
-1.1456	0.046443
-1.1454	0.046582
-1.1452	0.046722
-1.1450	0.046863
-1.1448	0.047004
-1.1446	0.047146
-1.1444	0.047288
-1.1442	0.047431
-1.1440	0.047575
-1.1438	0.047719
-1.1436	0.047864
-1.1434	0.048009
-1.1432	0.048156
-1.1430	0.048302
-1.1428	0.048450
-1.1426	0.048598
-1.1424	0.048746
-1.1422	0.048896
-1.1420	0.049046
-1.1418	0.049196
-1.1416	0.049348
-1.1414	0.049500
-1.1412	0.049652
-1.1410	0.049805
-1.1408	0.049959
-1.1406	0.050114
-1.1404	0.050269
-1.1402	0.050425
-1.1400	0.050582
-1.1398	0.050739
-1.1396	0.050897
-1.1394	0.051056
-1.1392	0.051216
-1.1390	0.051376
-1.1388	0.051537
-1.1386	0.051698
-1.1384	0.051861
-1.1382	0.052024
-1.1380	0.052187
-1.1378	0.052352
-1.1376	0.052517
-1.1374	0.052683
-1.1372	0.052850
-1.1370	0.053017
-1.1368	0.053186
-1.1366	0.053355
-1.1364	0.053524
-1.1362	0.053695
-1.1360	0.053866
-1.1358	0.054038
-1.1356	0.054211
-1.1354	0.054385
-1.1352	0.054559
-1.1350	0.054734
-1.1348	0.054910
-1.1346	0.055087
-1.1344	0.055265
-1.1342	0.055443
-1.1340	0.055622
-1.1338	0.055803
-1.1336	0.055984
-1.1334	0.056165
-1.1332	0.056348
-1.1330	0.056531
-1.1328	0.056716
-1.1326	0.056901
-1.1324	0.057087
-1.1322	0.057274
-1.1320	0.057461
-1.1318	0.057650
-1.1316	0.057840
-1.1314	0.058030
-1.1312	0.058221
-1.1310	0.058413
-1.1308	0.058606
-1.1306	0.058800
-1.1304	0.058995
-1.1302	0.059191
-1.1300	0.059388
-1.1298	0.059586
-1.1296	0.059784
-1.1294	0.059984
-1.1292	0.060184
-1.1290	0.060386
-1.1288	0.060588
-1.1286	0.060792
-1.1284	0.060996
-1.1282	0.061201
-1.1280	0.061408
-1.1278	0.061615
-1.1276	0.061823
-1.1274	0.062033
-1.1272	0.062243
-1.1270	0.062454
-1.1268	0.062667
-1.1266	0.062880
-1.1264	0.063094
-1.1262	0.063310
-1.1260	0.063526
-1.1258	0.063744
-1.1256	0.063963
-1.1254	0.064182
-1.1252	0.064403
-1.1250	0.064625
-1.1248	0.064848
-1.1246	0.065072
-1.1244	0.065297
-1.1242	0.065523
-1.1240	0.065751
-1.1238	0.065979
-1.1236	0.066209
-1.1234	0.066440
-1.1232	0.066672
-1.1230	0.066905
-1.1228	0.067139
-1.1226	0.067374
-1.1224	0.067611
-1.1222	0.067849
-1.1220	0.068088
-1.1218	0.068328
-1.1216	0.068569
-1.1214	0.068812
-1.1212	0.069055
-1.1210	0.069301
-1.1208	0.069547
-1.1206	0.069794
-1.1204	0.070043
-1.1202	0.070293
-1.1200	0.070544
-1.1198	0.070797
-1.1196	0.071051
-1.1194	0.071306
-1.1192	0.071563
-1.1190	0.071820
-1.1188	0.072079
-1.1186	0.072340
-1.1184	0.072602
-1.1182	0.072865
-1.1180	0.073129
-1.1178	0.073395
-1.1176	0.073662
-1.1174	0.073931
-1.1172	0.074201
-1.1170	0.074473
-1.1168	0.074745
-1.1166	0.075020
-1.1164	0.075295
-1.1162	0.075573
-1.1160	0.075851
-1.1158	0.076131
-1.1156	0.076413
-1.1154	0.076696
-1.1152	0.076980
-1.1150	0.077266
-1.1148	0.077554
-1.1146	0.077843
-1.1144	0.078134
-1.1142	0.078426
-1.1140	0.078720
-1.1138	0.079015
-1.1136	0.079312
-1.1134	0.079610
-1.1132	0.079910
-1.1130	0.080212
-1.1128	0.080515
-1.1126	0.080820
-1.1124	0.081127
-1.1122	0.081435
-1.1120	0.081745
-1.1118	0.082056
-1.1116	0.082370
-1.1114	0.082685
-1.1112	0.083001
-1.1110	0.083320
-1.1108	0.083640
-1.1106	0.083962
-1.1104	0.084285
-1.1102	0.084611
-1.1100	0.084938
-1.1098	0.085267
-1.1096	0.085598
-1.1094	0.085931
-1.1092	0.086265
-1.1090	0.086602
-1.1088	0.086940
-1.1086	0.087280
-1.1084	0.087622
-1.1082	0.087966
-1.1080	0.088312
-1.1078	0.088660
-1.1076	0.089009
-1.1074	0.089361
-1.1072	0.089715
-1.1070	0.090070
-1.1068	0.090428
-1.1066	0.090788
-1.1064	0.091150
-1.1062	0.091513
-1.1060	0.091879
-1.1058	0.092247
-1.1056	0.092617
-1.1054	0.092989
-1.1052	0.093364
-1.1050	0.093740
-1.1048	0.094119
-1.1046	0.094500
-1.1044	0.094883
-1.1042	0.095268
-1.1040	0.095655
-1.1038	0.096045
-1.1036	0.096437
-1.1034	0.096831
-1.1032	0.097227
-1.1030	0.097626
-1.1028	0.098027
-1.1026	0.098431
-1.1024	0.098836
-1.1022	0.099245
-1.1020	0.099655
-1.1018	0.100068
-1.1016	0.100484
-1.1014	0.100901
-1.1012	0.101322
-1.1010	0.101745
-1.1008	0.102170
-1.1006	0.102598
-1.1004	0.103028
-1.1002	0.103461
-1.1000	0.103897
-1.0998	0.104335
-1.0996	0.104776
-1.0994	0.105219
-1.0992	0.105665
-1.0990	0.106114
-1.0988	0.106565
-1.0986	0.107020
-1.0984	0.107477
-1.0982	0.107936
-1.0980	0.108399
-1.0978	0.108864
-1.0976	0.109332
-1.0974	0.109803
-1.0972	0.110277
-1.0970	0.110754
-1.0968	0.111234
-1.0966	0.111716
-1.0964	0.112202
-1.0962	0.112691
-1.0960	0.113182
-1.0958	0.113677
-1.0956	0.114175
-1.0954	0.114676
-1.0952	0.115180
-1.0950	0.115687
-1.0948	0.116197
-1.0946	0.116710
-1.0944	0.117227
-1.0942	0.117747
-1.0940	0.118270
-1.0938	0.118796
-1.0936	0.119326
-1.0934	0.119859
-1.0932	0.120396
-1.0930	0.120936
-1.0928	0.121479
-1.0926	0.122026
-1.0924	0.122576
-1.0922	0.123130
-1.0920	0.123687
-1.0918	0.124248
-1.0916	0.124812
-1.0914	0.125380
-1.0912	0.125952
-1.0910	0.126527
-1.0908	0.127106
-1.0906	0.127689
-1.0904	0.128276
-1.0902	0.128866
-1.0900	0.129460
-1.0898	0.130058
-1.0896	0.130660
-1.0894	0.131266
-1.0892	0.131876
-1.0890	0.132490
-1.0888	0.133108
-1.0886	0.133730
-1.0884	0.134356
-1.0882	0.134986
-1.0880	0.135620
-1.0878	0.136259
-1.0876	0.136902
-1.0874	0.137549
-1.0872	0.138200
-1.0870	0.138856
-1.0868	0.139516
-1.0866	0.140180
-1.0864	0.140849
-1.0862	0.141523
-1.0860	0.142201
-1.0858	0.142883
-1.0856	0.143570
-1.0854	0.144262
-1.0852	0.144958
-1.0850	0.145659
-1.0848	0.146365
-1.0846	0.147076
-1.0844	0.147791
-1.0842	0.148512
-1.0840	0.149237
-1.0838	0.149967
-1.0836	0.150703
-1.0834	0.151443
-1.0832	0.152188
-1.0830	0.152939
-1.0828	0.153695
-1.0826	0.154456
-1.0824	0.155222
-1.0822	0.155993
-1.0820	0.156770
-1.0818	0.157552
-1.0816	0.158340
-1.0814	0.159133
-1.0812	0.159932
-1.0810	0.160737
-1.0808	0.161547
-1.0806	0.162362
-1.0804	0.163184
-1.0802	0.164011
-1.0800	0.164844
-1.0798	0.165683
-1.0796	0.166528
-1.0794	0.167379
-1.0792	0.168236
-1.0790	0.169099
-1.0788	0.169968
-1.0786	0.170844
-1.0784	0.171725
-1.0782	0.172613
-1.0780	0.173508
-1.0778	0.174409
-1.0776	0.175316
-1.0774	0.176230
-1.0772	0.177150
-1.0770	0.178077
-1.0768	0.179011
-1.0766	0.179952
-1.0764	0.180899
-1.0762	0.181853
-1.0760	0.182815
-1.0758	0.183783
-1.0756	0.184758
-1.0754	0.185741
-1.0752	0.186730
-1.0750	0.187728
-1.0748	0.188732
-1.0746	0.189744
-1.0744	0.190763
-1.0742	0.191790
-1.0740	0.192824
-1.0738	0.193866
-1.0736	0.194916
-1.0734	0.195973
-1.0732	0.197039
-1.0730	0.198112
-1.0728	0.199193
-1.0726	0.200283
-1.0724	0.201381
-1.0722	0.202486
-1.0720	0.203601
-1.0718	0.204723
-1.0716	0.205854
-1.0714	0.206994
-1.0712	0.208142
-1.0710	0.209299
-1.0708	0.210465
-1.0706	0.211639
-1.0704	0.212823
-1.0702	0.214015
-1.0700	0.215217
-1.0698	0.216427
-1.0696	0.217647
-1.0694	0.218876
-1.0692	0.220115
-1.0690	0.221363
-1.0688	0.222621
-1.0686	0.223889
-1.0684	0.225166
-1.0682	0.226453
-1.0680	0.227750
-1.0678	0.229057
-1.0676	0.230374
-1.0674	0.231702
-1.0672	0.233039
-1.0670	0.234387
-1.0668	0.235746
-1.0666	0.237115
-1.0664	0.238495
-1.0662	0.239885
-1.0660	0.241287
-1.0658	0.242699
-1.0656	0.244123
-1.0654	0.245557
-1.0652	0.247003
-1.0650	0.248461
-1.0648	0.249929
-1.0646	0.251410
-1.0644	0.252902
-1.0642	0.254405
-1.0640	0.255921
-1.0638	0.257449
-1.0636	0.258988
-1.0634	0.260540
-1.0632	0.262104
-1.0630	0.263681
-1.0628	0.265270
-1.0626	0.266872
-1.0624	0.268486
-1.0622	0.270114
-1.0620	0.271754
-1.0618	0.273408
-1.0616	0.275074
-1.0614	0.276754
-1.0612	0.278448
-1.0610	0.280154
-1.0608	0.281875
-1.0606	0.283609
-1.0604	0.285358
-1.0602	0.287120
-1.0600	0.288896
-1.0598	0.290687
-1.0596	0.292492
-1.0594	0.294312
-1.0592	0.296146
-1.0590	0.297995
-1.0588	0.299859
-1.0586	0.301738
-1.0584	0.303632
-1.0582	0.305541
-1.0580	0.307466
-1.0578	0.309406
-1.0576	0.311362
-1.0574	0.313333
-1.0572	0.315321
-1.0570	0.317324
-1.0568	0.319344
-1.0566	0.321380
-1.0564	0.323432
-1.0562	0.325501
-1.0560	0.327587
-1.0558	0.329689
-1.0556	0.331809
-1.0554	0.333945
-1.0552	0.336099
-1.0550	0.338270
-1.0548	0.340459
-1.0546	0.342665
-1.0544	0.344889
-1.0542	0.347131
-1.0540	0.349390
-1.0538	0.351668
-1.0536	0.353965
-1.0534	0.356280
-1.0532	0.358613
-1.0530	0.360965
-1.0528	0.363336
-1.0526	0.365726
-1.0524	0.368135
-1.0522	0.370563
-1.0520	0.373010
-1.0518	0.375477
-1.0516	0.377964
-1.0514	0.380470
-1.0512	0.382997
-1.0510	0.385543
-1.0508	0.388109
-1.0506	0.390696
-1.0504	0.393303
-1.0502	0.395931
-1.0500	0.398579
-1.0498	0.401249
-1.0496	0.403939
-1.0494	0.406650
-1.0492	0.409382
-1.0490	0.412135
-1.0488	0.414910
-1.0486	0.417706
-1.0484	0.420524
-1.0482	0.423364
-1.0480	0.426225
-1.0478	0.429109
-1.0476	0.432014
-1.0474	0.434941
-1.0472	0.437891
-1.0470	0.440863
-1.0468	0.443858
-1.0466	0.446874
-1.0464	0.449914
-1.0462	0.452976
-1.0460	0.456061
-1.0458	0.459169
-1.0456	0.462299
-1.0454	0.465453
-1.0452	0.468629
-1.0450	0.471829
-1.0448	0.475052
-1.0446	0.478298
-1.0444	0.481567
-1.0442	0.484859
-1.0440	0.488175
-1.0438	0.491514
-1.0436	0.494877
-1.0434	0.498262
-1.0432	0.501672
-1.0430	0.505104
-1.0428	0.508560
-1.0426	0.512039
-1.0424	0.515542
-1.0422	0.519068
-1.0420	0.522617
-1.0418	0.526190
-1.0416	0.529786
-1.0414	0.533405
-1.0412	0.537047
-1.0410	0.540712
-1.0408	0.544400
-1.0406	0.548111
-1.0404	0.551845
-1.0402	0.555601
-1.0400	0.559380
-1.0398	0.563181
-1.0396	0.567005
-1.0394	0.570851
-1.0392	0.574718
-1.0390	0.578608
-1.0388	0.582519
-1.0386	0.586451
-1.0384	0.590405
-1.0382	0.594380
-1.0380	0.598375
-1.0378	0.602391
-1.0376	0.606427
-1.0374	0.610483
-1.0372	0.614558
-1.0370	0.618653
-1.0368	0.622767
-1.0366	0.626900
-1.0364	0.631050
-1.0362	0.635219
-1.0360	0.639406
-1.0358	0.643609
-1.0356	0.647829
-1.0354	0.652066
-1.0352	0.656318
-1.0350	0.660586
-1.0348	0.664868
-1.0346	0.669165
-1.0344	0.673476
-1.0342	0.677800
-1.0340	0.682137
-1.0338	0.686486
-1.0336	0.690846
-1.0334	0.695217
-1.0332	0.699599
-1.0330	0.703990
-1.0328	0.708390
-1.0326	0.712797
-1.0324	0.717213
-1.0322	0.721635
-1.0320	0.726063
-1.0318	0.730496
-1.0316	0.734933
-1.0314	0.739373
-1.0312	0.743817
-1.0310	0.748261
-1.0308	0.752707
-1.0306	0.757152
-1.0304	0.761596
-1.0302	0.766038
-1.0300	0.770477
-1.0298	0.774911
-1.0296	0.779341
-1.0294	0.783764
-1.0292	0.788180
-1.0290	0.792587
-1.0288	0.796984
-1.0286	0.801371
-1.0284	0.805745
-1.0282	0.810107
-1.0280	0.814454
-1.0278	0.818785
-1.0276	0.823100
-1.0274	0.827396
-1.0272	0.831673
-1.0270	0.835929
-1.0268	0.840162
-1.0266	0.844372
-1.0264	0.848558
-1.0262	0.852717
-1.0260	0.856848
-1.0258	0.860950
-1.0256	0.865022
-1.0254	0.869061
-1.0252	0.873067
-1.0250	0.877038
-1.0248	0.880973
-1.0246	0.884870
-1.0244	0.888728
-1.0242	0.892544
-1.0240	0.896318
-1.0238	0.900048
-1.0236	0.903733
-1.0234	0.907371
-1.0232	0.910960
-1.0230	0.914499
-1.0228	0.917987
-1.0226	0.921421
-1.0224	0.924801
-1.0222	0.928125
-1.0220	0.931391
-1.0218	0.934599
-1.0216	0.937745
-1.0214	0.940830
-1.0212	0.943850
-1.0210	0.946806
-1.0208	0.949696
-1.0206	0.952517
-1.0204	0.955270
-1.0202	0.957952
-1.0200	0.960561
-1.0198	0.963098
-1.0196	0.965560
-1.0194	0.967946
-1.0192	0.970255
-1.0190	0.972485
-1.0188	0.974636
-1.0186	0.976706
-1.0184	0.978695
-1.0182	0.980600
-1.0180	0.982422
-1.0178	0.984159
-1.0176	0.985809
-1.0174	0.987373
-1.0172	0.988849
-1.0170	0.990236
-1.0168	0.991534
-1.0166	0.992742
-1.0164	0.993859
-1.0162	0.994884
-1.0160	0.995817
-1.0158	0.996658
-1.0156	0.997405
-1.0154	0.998059
-1.0152	0.998618
-1.0150	0.999083
-1.0148	0.999453
-1.0146	0.999728
-1.0144	0.999908
-1.0142	0.999993
-1.0140	0.999982
-1.0138	0.999876
-1.0136	0.999674
-1.0134	0.999377
-1.0132	0.998984
-1.0130	0.998497
-1.0128	0.997914
-1.0126	0.997237
-1.0124	0.996466
-1.0122	0.995601
-1.0120	0.994643
-1.0118	0.993592
-1.0116	0.992448
-1.0114	0.991213
-1.0112	0.989886
-1.0110	0.988470
-1.0108	0.986963
-1.0106	0.985368
-1.0104	0.983685
-1.0102	0.981914
-1.0100	0.980058
-1.0098	0.978116
-1.0096	0.976090
-1.0094	0.973981
-1.0092	0.971789
-1.0090	0.969517
-1.0088	0.967165
-1.0086	0.964734
-1.0084	0.962226
-1.0082	0.959642
-1.0080	0.956983
-1.0078	0.954250
-1.0076	0.951445
-1.0074	0.948570
-1.0072	0.945624
-1.0070	0.942611
-1.0068	0.939531
-1.0066	0.936386
-1.0064	0.933177
-1.0062	0.929906
-1.0060	0.926574
-1.0058	0.923183
-1.0056	0.919734
-1.0054	0.916229
-1.0052	0.912669
-1.0050	0.909056
-1.0048	0.905391
-1.0046	0.901676
-1.0044	0.897913
-1.0042	0.894103
-1.0040	0.890247
-1.0038	0.886347
-1.0036	0.882405
-1.0034	0.878422
-1.0032	0.874400
-1.0030	0.870340
-1.0028	0.866244
-1.0026	0.862113
-1.0024	0.857949
-1.0022	0.853753
-1.0020	0.849527
-1.0018	0.845271
-1.0016	0.840989
-1.0014	0.836680
-1.0012	0.832347
-1.0010	0.827991
-1.0008	0.823613
-1.0006	0.819214
-1.0004	0.814797
-1.0002	0.810362
-1.0000	0.805910
-0.9998	0.801443
-0.9996	0.796962
-0.9994	0.792469
-0.9992	0.787964
-0.9990	0.783449
-0.9988	0.778925
-0.9986	0.774394
-0.9984	0.769855
-0.9982	0.765311
-0.9980	0.760762
-0.9978	0.756210
-0.9976	0.751656
-0.9974	0.747100
-0.9972	0.742544
-0.9970	0.737988
-0.9968	0.733434
-0.9966	0.728882
-0.9964	0.724334
-0.9962	0.719790
-0.9960	0.715252
-0.9958	0.710719
-0.9956	0.706193
-0.9954	0.701675
-0.9952	0.697165
-0.9950	0.692664
-0.9948	0.688173
-0.9946	0.683693
-0.9944	0.679223
-0.9942	0.674766
-0.9940	0.670321
-0.9938	0.665890
-0.9936	0.661472
-0.9934	0.657068
-0.9932	0.652680
-0.9930	0.648306
-0.9928	0.643949
-0.9926	0.639608
-0.9924	0.635284
-0.9922	0.630978
-0.9920	0.626689
-0.9918	0.622418
-0.9916	0.618167
-0.9914	0.613934
-0.9912	0.609720
-0.9910	0.605527
-0.9908	0.601353
-0.9906	0.597200
-0.9904	0.593068
-0.9902	0.588957
-0.9900	0.584867
-0.9898	0.580799
-0.9896	0.576752
-0.9894	0.572728
-0.9892	0.568725
-0.9890	0.564746
-0.9888	0.560789
-0.9886	0.556855
-0.9884	0.552944
-0.9882	0.549056
-0.9880	0.545191
-0.9878	0.541350
-0.9876	0.537533
-0.9874	0.533739
-0.9872	0.529970
-0.9870	0.526224
-0.9868	0.522502
-0.9866	0.518804
-0.9864	0.515130
-0.9862	0.511481
-0.9860	0.507856
-0.9858	0.504255
-0.9856	0.500678
-0.9854	0.497126
-0.9852	0.493598
-0.9850	0.490095
-0.9848	0.486615
-0.9846	0.483161
-0.9844	0.479730
-0.9842	0.476324
-0.9840	0.472942
-0.9838	0.469584
-0.9836	0.466251
-0.9834	0.462942
-0.9832	0.459657
-0.9830	0.456396
-0.9828	0.453159
-0.9826	0.449946
-0.9824	0.446757
-0.9822	0.443592
-0.9820	0.440450
-0.9818	0.437332
-0.9816	0.434238
-0.9814	0.431167
-0.9812	0.428120
-0.9810	0.425096
-0.9808	0.422095
-0.9806	0.419117
-0.9804	0.416162
-0.9802	0.413231
-0.9800	0.410322
-0.9798	0.407435
-0.9796	0.404571
-0.9794	0.401730
-0.9792	0.398911
-0.9790	0.396114
-0.9788	0.393339
-0.9786	0.390586
-0.9784	0.387855
-0.9782	0.385146
-0.9780	0.382458
-0.9778	0.379792
-0.9776	0.377147
-0.9774	0.374523
-0.9772	0.371920
-0.9770	0.369338
-0.9768	0.366777
-0.9766	0.364236
-0.9764	0.361716
-0.9762	0.359217
-0.9760	0.356737
-0.9758	0.354278
-0.9756	0.351838
-0.9754	0.349419
-0.9752	0.347019
-0.9750	0.344638
-0.9748	0.342277
-0.9746	0.339935
-0.9744	0.337612
-0.9742	0.335309
-0.9740	0.333023
-0.9738	0.330757
-0.9736	0.328509
-0.9734	0.326279
-0.9732	0.324068
-0.9730	0.321875
-0.9728	0.319700
-0.9726	0.317542
-0.9724	0.315402
-0.9722	0.313280
-0.9720	0.311175
-0.9718	0.309087
-0.9716	0.307017
-0.9714	0.304963
-0.9712	0.302926
-0.9710	0.300906
-0.9708	0.298902
-0.9706	0.296915
-0.9704	0.294944
-0.9702	0.292990
-0.9700	0.291051
-0.9698	0.289128
-0.9696	0.287221
-0.9694	0.285329
-0.9692	0.283453
-0.9690	0.281592
-0.9688	0.279747
-0.9686	0.277916
-0.9684	0.276101
-0.9682	0.274300
-0.9680	0.272514
-0.9678	0.270742
-0.9676	0.268985
-0.9674	0.267242
-0.9672	0.265514
-0.9670	0.263799
-0.9668	0.262099
-0.9666	0.260412
-0.9664	0.258739
-0.9662	0.257079
-0.9660	0.255433
-0.9658	0.253800
-0.9656	0.252181
-0.9654	0.250574
-0.9652	0.248981
-0.9650	0.247400
-0.9648	0.245832
-0.9646	0.244277
-0.9644	0.242734
-0.9642	0.241204
-0.9640	0.239685
-0.9638	0.238180
-0.9636	0.236686
-0.9634	0.235204
-0.9632	0.233734
-0.9630	0.232276
-0.9628	0.230829
-0.9626	0.229394
-0.9624	0.227970
-0.9622	0.226558
-0.9620	0.225157
-0.9618	0.223767
-0.9616	0.222388
-0.9614	0.221020
-0.9612	0.219663
-0.9610	0.218316
-0.9608	0.216980
-0.9606	0.215655
-0.9604	0.214340
-0.9602	0.213036
-0.9600	0.211741
-0.9598	0.210457
-0.9596	0.209183
-0.9594	0.207919
-0.9592	0.206665
-0.9590	0.205420
-0.9588	0.204186
-0.9586	0.202960
-0.9584	0.201745
-0.9582	0.200539
-0.9580	0.199342
-0.9578	0.198154
-0.9576	0.196976
-0.9574	0.195807
-0.9572	0.194646
-0.9570	0.193495
-0.9568	0.192353
-0.9566	0.191219
-0.9564	0.190094
-0.9562	0.188978
-0.9560	0.187870
-0.9558	0.186770
-0.9556	0.185679
-0.9554	0.184597
-0.9552	0.183522
-0.9550	0.182456
-0.9548	0.181398
-0.9546	0.180347
-0.9544	0.179305
-0.9542	0.178271
-0.9540	0.177244
-0.9538	0.176225
-0.9536	0.175214
-0.9534	0.174210
-0.9532	0.173214
-0.9530	0.172225
-0.9528	0.171244
-0.9526	0.170270
-0.9524	0.169303
-0.9522	0.168344
-0.9520	0.167391
-0.9518	0.166446
-0.9516	0.165508
-0.9514	0.164576
-0.9512	0.163651
-0.9510	0.162734
-0.9508	0.161823
-0.9506	0.160918
-0.9504	0.160021
-0.9502	0.159129
-0.9500	0.158245
-0.9498	0.157366
-0.9496	0.156495
-0.9494	0.155629
-0.9492	0.154770
-0.9490	0.153917
-0.9488	0.153070
-0.9486	0.152229
-0.9484	0.151395
-0.9482	0.150566
-0.9480	0.149744
-0.9478	0.148927
-0.9476	0.148116
-0.9474	0.147311
-0.9472	0.146511
-0.9470	0.145718
-0.9468	0.144930
-0.9466	0.144147
-0.9464	0.143370
-0.9462	0.142599
-0.9460	0.141833
-0.9458	0.141073
-0.9456	0.140317
-0.9454	0.139568
-0.9452	0.138823
-0.9450	0.138084
-0.9448	0.137350
-0.9446	0.136620
-0.9444	0.135896
-0.9442	0.135178
-0.9440	0.134464
-0.9438	0.133755
-0.9436	0.133051
-0.9434	0.132351
-0.9432	0.131657
-0.9430	0.130967
-0.9428	0.130283
-0.9426	0.129602
-0.9424	0.128927
-0.9422	0.128256
-0.9420	0.127590
-0.9418	0.126928
-0.9416	0.126271
-0.9414	0.125618
-0.9412	0.124970
-0.9410	0.124326
-0.9408	0.123687
-0.9406	0.123051
-0.9404	0.122420
-0.9402	0.121794
-0.9400	0.121171
-0.9398	0.120553
-0.9396	0.119939
-0.9394	0.119329
-0.9392	0.118723
-0.9390	0.118121
-0.9388	0.117523
-0.9386	0.116929
-0.9384	0.116339
-0.9382	0.115753
-0.9380	0.115170
-0.9378	0.114592
-0.9376	0.114017
-0.9374	0.113447
-0.9372	0.112880
-0.9370	0.112316
-0.9368	0.111756
-0.9366	0.111200
-0.9364	0.110648
-0.9362	0.110099
-0.9360	0.109554
-0.9358	0.109012
-0.9356	0.108474
-0.9354	0.107939
-0.9352	0.107408
-0.9350	0.106880
-0.9348	0.106356
-0.9346	0.105835
-0.9344	0.105317
-0.9342	0.104803
-0.9340	0.104291
-0.9338	0.103783
-0.9336	0.103279
-0.9334	0.102777
-0.9332	0.102279
-0.9330	0.101784
-0.9328	0.101292
-0.9326	0.100803
-0.9324	0.100317
-0.9322	0.099835
-0.9320	0.099355
-0.9318	0.098878
-0.9316	0.098404
-0.9314	0.097934
-0.9312	0.097466
-0.9310	0.097001
-0.9308	0.096539
-0.9306	0.096080
-0.9304	0.095623
-0.9302	0.095170
-0.9300	0.094719
-0.9298	0.094271
-0.9296	0.093826
-0.9294	0.093384
-0.9292	0.092944
-0.9290	0.092507
-0.9288	0.092072
-0.9286	0.091641
-0.9284	0.091212
-0.9282	0.090785
-0.9280	0.090361
-0.9278	0.089940
-0.9276	0.089521
-0.9274	0.089105
-0.9272	0.088691
-0.9270	0.088280
-0.9268	0.087871
-0.9266	0.087465
-0.9264	0.087061
-0.9262	0.086660
-0.9260	0.086261
-0.9258	0.085864
-0.9256	0.085469
-0.9254	0.085077
-0.9252	0.084688
-0.9250	0.084300
-0.9248	0.083915
-0.9246	0.083533
-0.9244	0.083152
-0.9242	0.082774
-0.9240	0.082398
-0.9238	0.082024
-0.9236	0.081652
-0.9234	0.081283
-0.9232	0.080915
-0.9230	0.080550
-0.9228	0.080187
-0.9226	0.079826
-0.9224	0.079467
-0.9222	0.079110
-0.9220	0.078755
-0.9218	0.078403
-0.9216	0.078052
-0.9214	0.077703
-0.9212	0.077356
-0.9210	0.077012
-0.9208	0.076669
-0.9206	0.076328
-0.9204	0.075989
-0.9202	0.075652
-0.9200	0.075317
-0.9198	0.074984
-0.9196	0.074653
-0.9194	0.074324
-0.9192	0.073996
-0.9190	0.073671
-0.9188	0.073347
-0.9186	0.073025
-0.9184	0.072705
-0.9182	0.072386
-0.9180	0.072070
-0.9178	0.071755
-0.9176	0.071442
-0.9174	0.071130
-0.9172	0.070821
-0.9170	0.070513
-0.9168	0.070207
-0.9166	0.069902
-0.9164	0.069599
-0.9162	0.069298
-0.9160	0.068999
-0.9158	0.068701
-0.9156	0.068404
-0.9154	0.068110
-0.9152	0.067817
-0.9150	0.067525
-0.9148	0.067236
-0.9146	0.066947
-0.9144	0.066661
-0.9142	0.066375
-0.9140	0.066092
-0.9138	0.065810
-0.9136	0.065529
-0.9134	0.065250
-0.9132	0.064973
-0.9130	0.064697
-0.9128	0.064422
-0.9126	0.064149
-0.9124	0.063877
-0.9122	0.063607
-0.9120	0.063338
-0.9118	0.063071
-0.9116	0.062805
-0.9114	0.062541
-0.9112	0.062278
-0.9110	0.062016
-0.9108	0.061756
-0.9106	0.061497
-0.9104	0.061239
-0.9102	0.060983
-0.9100	0.060728
-0.9098	0.060474
-0.9096	0.060222
-0.9094	0.059971
-0.9092	0.059721
-0.9090	0.059473
-0.9088	0.059226
-0.9086	0.058980
-0.9084	0.058736
-0.9082	0.058493
-0.9080	0.058251
-0.9078	0.058010
-0.9076	0.057770
-0.9074	0.057532
-0.9072	0.057295
-0.9070	0.057059
-0.9068	0.056825
-0.9066	0.056591
-0.9064	0.056359
-0.9062	0.056128
-0.9060	0.055898
-0.9058	0.055669
-0.9056	0.055442
-0.9054	0.055216
-0.9052	0.054990
-0.9050	0.054766
-0.9048	0.054543
-0.9046	0.054321
-0.9044	0.054101
-0.9042	0.053881
-0.9040	0.053662
-0.9038	0.053445
-0.9036	0.053228
-0.9034	0.053013
-0.9032	0.052799
-0.9030	0.052586
-0.9028	0.052374
-0.9026	0.052163
-0.9024	0.051953
-0.9022	0.051744
-0.9020	0.051536
-0.9018	0.051329
-0.9016	0.051123
-0.9014	0.050918
-0.9012	0.050714
-0.9010	0.050511
-0.9008	0.050309
-0.9006	0.050108
-0.9004	0.049908
-0.9002	0.049709
-0.9000	0.049511
-0.8998	0.049314
-0.8996	0.049118
-0.8994	0.048923
-0.8992	0.048729
-0.8990	0.048535
-0.8988	0.048343
-0.8986	0.048152
-0.8984	0.047961
-0.8982	0.047771
-0.8980	0.047583
-0.8978	0.047395
-0.8976	0.047208
-0.8974	0.047022
-0.8972	0.046837
-0.8970	0.046653
-0.8968	0.046469
-0.8966	0.046287
-0.8964	0.046105
-0.8962	0.045924
-0.8960	0.045744
-0.8958	0.045565
-0.8956	0.045387
-0.8954	0.045210
-0.8952	0.045033
-0.8950	0.044857
-0.8948	0.044682
-0.8946	0.044508
-0.8944	0.044335
-0.8942	0.044162
-0.8940	0.043991
-0.8938	0.043820
-0.8936	0.043650
-0.8934	0.043480
-0.8932	0.043312
-0.8930	0.043144
-0.8928	0.042977
-0.8926	0.042811
-0.8924	0.042645
-0.8922	0.042480
-0.8920	0.042316
-0.8918	0.042153
-0.8916	0.041991
-0.8914	0.041829
-0.8912	0.041668
-0.8910	0.041508
-0.8908	0.041348
-0.8906	0.041189
-0.8904	0.041031
-0.8902	0.040874
-0.8900	0.040717
-0.8898	0.040561
-0.8896	0.040406
-0.8894	0.040251
-0.8892	0.040098
-0.8890	0.039944
-0.8888	0.039792
-0.8886	0.039640
-0.8884	0.039489
-0.8882	0.039338
-0.8880	0.039189
-0.8878	0.039039
-0.8876	0.038891
-0.8874	0.038743
-0.8872	0.038596
-0.8870	0.038449
-0.8868	0.038303
-0.8866	0.038158
-0.8864	0.038014
-0.8862	0.037870
-0.8860	0.037726
-0.8858	0.037584
-0.8856	0.037442
-0.8854	0.037300
-0.8852	0.037159
-0.8850	0.037019
-0.8848	0.036879
-0.8846	0.036740
-0.8844	0.036602
-0.8842	0.036464
-0.8840	0.036327
-0.8838	0.036190
-0.8836	0.036054
-0.8834	0.035919
-0.8832	0.035784
-0.8830	0.035650
-0.8828	0.035516
-0.8826	0.035383
-0.8824	0.035250
-0.8822	0.035118
-0.8820	0.034987
-0.8818	0.034856
-0.8816	0.034726
-0.8814	0.034596
-0.8812	0.034467
-0.8810	0.034338
-0.8808	0.034210
-0.8806	0.034082
-0.8804	0.033955
-0.8802	0.033828
-0.8800	0.033703
-0.8798	0.033577
-0.8796	0.033452
-0.8794	0.033328
-0.8792	0.033204
-0.8790	0.033080
-0.8788	0.032958
-0.8786	0.032835
-0.8784	0.032713
-0.8782	0.032592
-0.8780	0.032471
-0.8778	0.032351
-0.8776	0.032231
-0.8774	0.032112
-0.8772	0.031993
-0.8770	0.031874
-0.8768	0.031757
-0.8766	0.031639
-0.8764	0.031522
-0.8762	0.031406
-0.8760	0.031290
-0.8758	0.031174
-0.8756	0.031059
-0.8754	0.030945
-0.8752	0.030831
-0.8750	0.030717
-0.8748	0.030604
-0.8746	0.030491
-0.8744	0.030379
-0.8742	0.030267
-0.8740	0.030156
-0.8738	0.030045
-0.8736	0.029935
-0.8734	0.029825
-0.8732	0.029715
-0.8730	0.029606
-0.8728	0.029498
-0.8726	0.029389
-0.8724	0.029281
-0.8722	0.029174
-0.8720	0.029067
-0.8718	0.028961
-0.8716	0.028855
-0.8714	0.028749
-0.8712	0.028644
-0.8710	0.028539
-0.8708	0.028434
-0.8706	0.028330
-0.8704	0.028227
-0.8702	0.028124
-0.8700	0.028021
-0.8698	0.027918
-0.8696	0.027817
-0.8694	0.027715
-0.8692	0.027614
-0.8690	0.027513
-0.8688	0.027413
-0.8686	0.027313
-0.8684	0.027213
-0.8682	0.027114
-0.8680	0.027015
-0.8678	0.026916
-0.8676	0.026818
-0.8674	0.026721
-0.8672	0.026623
-0.8670	0.026526
-0.8668	0.026430
-0.8666	0.026334
-0.8664	0.026238
-0.8662	0.026142
-0.8660	0.026047
-0.8658	0.025953
-0.8656	0.025858
-0.8654	0.025764
-0.8652	0.025671
-0.8650	0.025577
-0.8648	0.025484
-0.8646	0.025392
-0.8644	0.025300
-0.8642	0.025208
-0.8640	0.025116
-0.8638	0.025025
-0.8636	0.024934
-0.8634	0.024844
-0.8632	0.024754
-0.8630	0.024664
-0.8628	0.024574
-0.8626	0.024485
-0.8624	0.024396
-0.8622	0.024308
-0.8620	0.024220
-0.8618	0.024132
-0.8616	0.024045
-0.8614	0.023957
-0.8612	0.023871
-0.8610	0.023784
-0.8608	0.023698
-0.8606	0.023612
-0.8604	0.023526
-0.8602	0.023441
-0.8600	0.023356
-0.8598	0.023272
-0.8596	0.023187
-0.8594	0.023103
-0.8592	0.023020
-0.8590	0.022936
-0.8588	0.022853
-0.8586	0.022771
-0.8584	0.022688
-0.8582	0.022606
-0.8580	0.022524
-0.8578	0.022443
-0.8576	0.022361
-0.8574	0.022280
-0.8572	0.022200
-0.8570	0.022119
-0.8568	0.022039
-0.8566	0.021959
-0.8564	0.021880
-0.8562	0.021801
-0.8560	0.021722
-0.8558	0.021643
-0.8556	0.021565
-0.8554	0.021487
-0.8552	0.021409
-0.8550	0.021331
-0.8548	0.021254
-0.8546	0.021177
-0.8544	0.021101
-0.8542	0.021024
-0.8540	0.020948
-0.8538	0.020872
-0.8536	0.020797
-0.8534	0.020721
-0.8532	0.020646
-0.8530	0.020571
-0.8528	0.020497
-0.8526	0.020423
-0.8524	0.020349
-0.8522	0.020275
-0.8520	0.020201
-0.8518	0.020128
-0.8516	0.020055
-0.8514	0.019983
-0.8512	0.019910
-0.8510	0.019838
-0.8508	0.019766
-0.8506	0.019694
-0.8504	0.019623
-0.8502	0.019552
-0.8500	0.019481
-0.8498	0.019410
-0.8496	0.019340
-0.8494	0.019269
-0.8492	0.019199
-0.8490	0.019130
-0.8488	0.019060
-0.8486	0.018991
-0.8484	0.018922
-0.8482	0.018853
-0.8480	0.018785
-0.8478	0.018716
-0.8476	0.018648
-0.8474	0.018580
-0.8472	0.018513
-0.8470	0.018446
-0.8468	0.018378
-0.8466	0.018312
-0.8464	0.018245
-0.8462	0.018178
-0.8460	0.018112
-0.8458	0.018046
-0.8456	0.017980
-0.8454	0.017915
-0.8452	0.017850
-0.8450	0.017785
-0.8448	0.017720
-0.8446	0.017655
-0.8444	0.017591
-0.8442	0.017526
-0.8440	0.017462
-0.8438	0.017399
-0.8436	0.017335
-0.8434	0.017272
-0.8432	0.017209
-0.8430	0.017146
-0.8428	0.017083
-0.8426	0.017020
-0.8424	0.016958
-0.8422	0.016896
-0.8420	0.016834
-0.8418	0.016772
-0.8416	0.016711
-0.8414	0.016650
-0.8412	0.016589
-0.8410	0.016528
-0.8408	0.016467
-0.8406	0.016407
-0.8404	0.016346
-0.8402	0.016286
-0.8400	0.016227
-0.8398	0.016167
-0.8396	0.016107
-0.8394	0.016048
-0.8392	0.015989
-0.8390	0.015930
-0.8388	0.015872
-0.8386	0.015813
-0.8384	0.015755
-0.8382	0.015697
-0.8380	0.015639
-0.8378	0.015581
-0.8376	0.015524
-0.8374	0.015466
-0.8372	0.015409
-0.8370	0.015352
-0.8368	0.015295
-0.8366	0.015239
-0.8364	0.015182
-0.8362	0.015126
-0.8360	0.015070
-0.8358	0.015014
-0.8356	0.014958
-0.8354	0.014903
-0.8352	0.014847
-0.8350	0.014792
-0.8348	0.014737
-0.8346	0.014683
-0.8344	0.014628
-0.8342	0.014573
-0.8340	0.014519
-0.8338	0.014465
-0.8336	0.014411
-0.8334	0.014357
-0.8332	0.014304
-0.8330	0.014250
-0.8328	0.014197
-0.8326	0.014144
-0.8324	0.014091
-0.8322	0.014039
-0.8320	0.013986
-0.8318	0.013934
-0.8316	0.013881
-0.8314	0.013829
-0.8312	0.013777
-0.8310	0.013726
-0.8308	0.013674
-0.8306	0.013623
-0.8304	0.013571
-0.8302	0.013520
-0.8300	0.013469
-0.8298	0.013419
-0.8296	0.013368
-0.8294	0.013318
-0.8292	0.013267
-0.8290	0.013217
-0.8288	0.013167
-0.8286	0.013117
-0.8284	0.013068
-0.8282	0.013018
-0.8280	0.012969
-0.8278	0.012920
-0.8276	0.012871
-0.8274	0.012822
-0.8272	0.012773
-0.8270	0.012724
-0.8268	0.012676
-0.8266	0.012628
-0.8264	0.012580
-0.8262	0.012532
-0.8260	0.012484
-0.8258	0.012436
-0.8256	0.012389
-0.8254	0.012341
-0.8252	0.012294
-0.8250	0.012247
-0.8248	0.012200
-0.8246	0.012153
-0.8244	0.012106
-0.8242	0.012060
-0.8240	0.012013
-0.8238	0.011967
-0.8236	0.011921
-0.8234	0.011875
-0.8232	0.011829
-0.8230	0.011784
-0.8228	0.011738
-0.8226	0.011693
-0.8224	0.011648
-0.8222	0.011602
-0.8220	0.011557
-0.8218	0.011513
-0.8216	0.011468
-0.8214	0.011423
-0.8212	0.011379
-0.8210	0.011335
-0.8208	0.011290
-0.8206	0.011246
-0.8204	0.011203
-0.8202	0.011159
-0.8200	0.011115
-0.8198	0.011072
-0.8196	0.011028
-0.8194	0.010985
-0.8192	0.010942
-0.8190	0.010899
-0.8188	0.010856
-0.8186	0.010813
-0.8184	0.010771
-0.8182	0.010728
-0.8180	0.010686
-0.8178	0.010644
-0.8176	0.010602
-0.8174	0.010560
-0.8172	0.010518
-0.8170	0.010476
-0.8168	0.010435
-0.8166	0.010393
-0.8164	0.010352
-0.8162	0.010311
-0.8160	0.010270
-0.8158	0.010229
-0.8156	0.010188
-0.8154	0.010147
-0.8152	0.010107
-0.8150	0.010066
-0.8148	0.010026
-0.8146	0.009986
-0.8144	0.009946
-0.8142	0.009906
-0.8140	0.009866
-0.8138	0.009826
-0.8136	0.009786
-0.8134	0.009747
-0.8132	0.009707
-0.8130	0.009668
-0.8128	0.009629
-0.8126	0.009590
-0.8124	0.009551
-0.8122	0.009512
-0.8120	0.009473
-0.8118	0.009435
-0.8116	0.009396
-0.8114	0.009358
-0.8112	0.009320
-0.8110	0.009282
-0.8108	0.009244
-0.8106	0.009206
-0.8104	0.009168
-0.8102	0.009130
-0.8100	0.009093
-0.8098	0.009055
-0.8096	0.009018
-0.8094	0.008981
-0.8092	0.008943
-0.8090	0.008906
-0.8088	0.008869
-0.8086	0.008833
-0.8084	0.008796
-0.8082	0.008759
-0.8080	0.008723
-0.8078	0.008687
-0.8076	0.008650
-0.8074	0.008614
-0.8072	0.008578
-0.8070	0.008542
-0.8068	0.008506
-0.8066	0.008470
-0.8064	0.008435
-0.8062	0.008399
-0.8060	0.008364
-0.8058	0.008329
-0.8056	0.008293
-0.8054	0.008258
-0.8052	0.008223
-0.8050	0.008188
-0.8048	0.008153
-0.8046	0.008119
-0.8044	0.008084
-0.8042	0.008050
-0.8040	0.008015
-0.8038	0.007981
-0.8036	0.007947
-0.8034	0.007912
-0.8032	0.007878
-0.8030	0.007845
-0.8028	0.007811
-0.8026	0.007777
-0.8024	0.007743
-0.8022	0.007710
-0.8020	0.007676
-0.8018	0.007643
-0.8016	0.007610
-0.8014	0.007577
-0.8012	0.007544
-0.8010	0.007511
-0.8008	0.007478
-0.8006	0.007445
-0.8004	0.007412
-0.8002	0.007380
-0.8000	0.007347
-0.7998	0.007315
-0.7996	0.007283
-0.7994	0.007250
-0.7992	0.007218
-0.7990	0.007186
-0.7988	0.007154
-0.7986	0.007123
-0.7984	0.007091
-0.7982	0.007059
-0.7980	0.007028
-0.7978	0.006996
-0.7976	0.006965
-0.7974	0.006934
-0.7972	0.006902
-0.7970	0.006871
-0.7968	0.006840
-0.7966	0.006809
-0.7964	0.006779
-0.7962	0.006748
-0.7960	0.006717
-0.7958	0.006687
-0.7956	0.006656
-0.7954	0.006626
-0.7952	0.006595
-0.7950	0.006565
-0.7948	0.006535
-0.7946	0.006505
-0.7944	0.006475
-0.7942	0.006445
-0.7940	0.006416
-0.7938	0.006386
-0.7936	0.006356
-0.7934	0.006327
-0.7932	0.006297
-0.7930	0.006268
-0.7928	0.006239
-0.7926	0.006210
-0.7924	0.006180
-0.7922	0.006151
-0.7920	0.006122
-0.7918	0.006094
-0.7916	0.006065
-0.7914	0.006036
-0.7912	0.006008
-0.7910	0.005979
-0.7908	0.005951
-0.7906	0.005922
-0.7904	0.005894
-0.7902	0.005866
-0.7900	0.005838
-0.7898	0.005810
-0.7896	0.005782
-0.7894	0.005754
-0.7892	0.005726
-0.7890	0.005699
-0.7888	0.005671
-0.7886	0.005643
-0.7884	0.005616
-0.7882	0.005589
-0.7880	0.005561
-0.7878	0.005534
-0.7876	0.005507
-0.7874	0.005480
-0.7872	0.005453
-0.7870	0.005426
-0.7868	0.005399
-0.7866	0.005372
-0.7864	0.005346
-0.7862	0.005319
-0.7860	0.005293
-0.7858	0.005266
-0.7856	0.005240
-0.7854	0.005214
-0.7852	0.005187
-0.7850	0.005161
-0.7848	0.005135
-0.7846	0.005109
-0.7844	0.005083
-0.7842	0.005058
-0.7840	0.005032
-0.7838	0.005006
-0.7836	0.004981
-0.7834	0.004955
-0.7832	0.004930
-0.7830	0.004904
-0.7828	0.004879
-0.7826	0.004854
-0.7824	0.004829
-0.7822	0.004804
-0.7820	0.004779
-0.7818	0.004754
-0.7816	0.004729
-0.7814	0.004704
-0.7812	0.004679
-0.7810	0.004655
-0.7808	0.004630
-0.7806	0.004606
-0.7804	0.004581
-0.7802	0.004557
-0.7800	0.004533
-0.7798	0.004509
-0.7796	0.004484
-0.7794	0.004460
-0.7792	0.004436
-0.7790	0.004413
-0.7788	0.004389
-0.7786	0.004365
-0.7784	0.004341
-0.7782	0.004318
-0.7780	0.004294
-0.7778	0.004271
-0.7776	0.004247
-0.7774	0.004224
-0.7772	0.004201
-0.7770	0.004177
-0.7768	0.004154
-0.7766	0.004131
-0.7764	0.004108
-0.7762	0.004085
-0.7760	0.004063
-0.7758	0.004040
-0.7756	0.004017
-0.7754	0.003994
-0.7752	0.003972
-0.7750	0.003949
-0.7748	0.003927
-0.7746	0.003905
-0.7744	0.003882
-0.7742	0.003860
-0.7740	0.003838
-0.7738	0.003816
-0.7736	0.003794
-0.7734	0.003772
-0.7732	0.003750
-0.7730	0.003728
-0.7728	0.003706
-0.7726	0.003685
-0.7724	0.003663
-0.7722	0.003642
-0.7720	0.003620
-0.7718	0.003599
-0.7716	0.003577
-0.7714	0.003556
-0.7712	0.003535
-0.7710	0.003514
-0.7708	0.003493
-0.7706	0.003472
-0.7704	0.003451
-0.7702	0.003430
-0.7700	0.003409
-0.7698	0.003388
-0.7696	0.003368
-0.7694	0.003347
-0.7692	0.003326
-0.7690	0.003306
-0.7688	0.003286
-0.7686	0.003265
-0.7684	0.003245
-0.7682	0.003225
-0.7680	0.003205
-0.7678	0.003184
-0.7676	0.003164
-0.7674	0.003145
-0.7672	0.003125
-0.7670	0.003105
-0.7668	0.003085
-0.7666	0.003065
-0.7664	0.003046
-0.7662	0.003026
-0.7660	0.003007
-0.7658	0.002987
-0.7656	0.002968
-0.7654	0.002948
-0.7652	0.002929
-0.7650	0.002910
-0.7648	0.002891
-0.7646	0.002872
-0.7644	0.002853
-0.7642	0.002834
-0.7640	0.002815
-0.7638	0.002796
-0.7636	0.002777
-0.7634	0.002759
-0.7632	0.002740
-0.7630	0.002722
-0.7628	0.002703
-0.7626	0.002685
-0.7624	0.002666
-0.7622	0.002648
-0.7620	0.002630
-0.7618	0.002612
-0.7616	0.002593
-0.7614	0.002575
-0.7612	0.002557
-0.7610	0.002539
-0.7608	0.002522
-0.7606	0.002504
-0.7604	0.002486
-0.7602	0.002468
-0.7600	0.002451
-0.7598	0.002433
-0.7596	0.002416
-0.7594	0.002398
-0.7592	0.002381
-0.7590	0.002364
-0.7588	0.002346
-0.7586	0.002329
-0.7584	0.002312
-0.7582	0.002295
-0.7580	0.002278
-0.7578	0.002261
-0.7576	0.002244
-0.7574	0.002227
-0.7572	0.002211
-0.7570	0.002194
-0.7568	0.002177
-0.7566	0.002161
-0.7564	0.002144
-0.7562	0.002128
-0.7560	0.002111
-0.7558	0.002095
-0.7556	0.002079
-0.7554	0.002063
-0.7552	0.002046
-0.7550	0.002030
-0.7548	0.002014
-0.7546	0.001998
-0.7544	0.001982
-0.7542	0.001967
-0.7540	0.001951
-0.7538	0.001935
-0.7536	0.001920
-0.7534	0.001904
-0.7532	0.001888
-0.7530	0.001873
-0.7528	0.001858
-0.7526	0.001842
-0.7524	0.001827
-0.7522	0.001812
-0.7520	0.001796
-0.7518	0.001781
-0.7516	0.001766
-0.7514	0.001751
-0.7512	0.001736
-0.7510	0.001722
-0.7508	0.001707
-0.7506	0.001692
-0.7504	0.001677
-0.7502	0.001663
-0.7500	0.001648
-0.7498	0.001634
-0.7496	0.001619
-0.7494	0.001605
-0.7492	0.001590
-0.7490	0.001576
-0.7488	0.001562
-0.7486	0.001548
-0.7484	0.001534
-0.7482	0.001520
-0.7480	0.001506
-0.7478	0.001492
-0.7476	0.001478
-0.7474	0.001464
-0.7472	0.001451
-0.7470	0.001437
-0.7468	0.001423
-0.7466	0.001410
-0.7464	0.001396
-0.7462	0.001383
-0.7460	0.001370
-0.7458	0.001356
-0.7456	0.001343
-0.7454	0.001330
-0.7452	0.001317
-0.7450	0.001304
-0.7448	0.001291
-0.7446	0.001278
-0.7444	0.001265
-0.7442	0.001252
-0.7440	0.001239
-0.7438	0.001227
-0.7436	0.001214
-0.7434	0.001201
-0.7432	0.001189
-0.7430	0.001177
-0.7428	0.001164
-0.7426	0.001152
-0.7424	0.001140
-0.7422	0.001127
-0.7420	0.001115
-0.7418	0.001103
-0.7416	0.001091
-0.7414	0.001079
-0.7412	0.001067
-0.7410	0.001055
-0.7408	0.001044
-0.7406	0.001032
-0.7404	0.001020
-0.7402	0.001009
-0.7400	0.000997
-0.7398	0.000986
-0.7396	0.000974
-0.7394	0.000963
-0.7392	0.000952
-0.7390	0.000940
-0.7388	0.000929
-0.7386	0.000918
-0.7384	0.000907
-0.7382	0.000896
-0.7380	0.000885
-0.7378	0.000874
-0.7376	0.000864
-0.7374	0.000853
-0.7372	0.000842
-0.7370	0.000832
-0.7368	0.000821
-0.7366	0.000811
-0.7364	0.000800
-0.7362	0.000790
-0.7360	0.000780
-0.7358	0.000769
-0.7356	0.000759
-0.7354	0.000749
-0.7352	0.000739
-0.7350	0.000729
-0.7348	0.000719
-0.7346	0.000709
-0.7344	0.000699
-0.7342	0.000690
-0.7340	0.000680
-0.7338	0.000670
-0.7336	0.000661
-0.7334	0.000651
-0.7332	0.000642
-0.7330	0.000633
-0.7328	0.000623
-0.7326	0.000614
-0.7324	0.000605
-0.7322	0.000596
-0.7320	0.000587
-0.7318	0.000578
-0.7316	0.000569
-0.7314	0.000560
-0.7312	0.000551
-0.7310	0.000543
-0.7308	0.000534
-0.7306	0.000525
-0.7304	0.000517
-0.7302	0.000508
-0.7300	0.000500
-0.7298	0.000492
-0.7296	0.000483
-0.7294	0.000475
-0.7292	0.000467
-0.7290	0.000459
-0.7288	0.000451
-0.7286	0.000443
-0.7284	0.000435
-0.7282	0.000427
-0.7280	0.000420
-0.7278	0.000412
-0.7276	0.000404
-0.7274	0.000397
-0.7272	0.000389
-0.7270	0.000382
-0.7268	0.000375
-0.7266	0.000367
-0.7264	0.000360
-0.7262	0.000353
-0.7260	0.000346
-0.7258	0.000339
-0.7256	0.000332
-0.7254	0.000325
-0.7252	0.000318
-0.7250	0.000311
-0.7248	0.000305
-0.7246	0.000298
-0.7244	0.000292
-0.7242	0.000285
-0.7240	0.000279
-0.7238	0.000272
-0.7236	0.000266
-0.7234	0.000260
-0.7232	0.000254
-0.7230	0.000248
-0.7228	0.000242
-0.7226	0.000236
-0.7224	0.000230
-0.7222	0.000224
-0.7220	0.000219
-0.7218	0.000213
-0.7216	0.000207
-0.7214	0.000202
-0.7212	0.000196
-0.7210	0.000191
-0.7208	0.000186
-0.7206	0.000180
-0.7204	0.000175
-0.7202	0.000170
-0.7200	0.000165
-0.7198	0.000160
-0.7196	0.000155
-0.7194	0.000151
-0.7192	0.000146
-0.7190	0.000141
-0.7188	0.000137
-0.7186	0.000132
-0.7184	0.000128
-0.7182	0.000123
-0.7180	0.000119
-0.7178	0.000115
-0.7176	0.000111
-0.7174	0.000107
-0.7172	0.000103
-0.7170	0.000099
-0.7168	0.000095
-0.7166	0.000091
-0.7164	0.000087
-0.7162	0.000084
-0.7160	0.000080
-0.7158	0.000077
-0.7156	0.000073
-0.7154	0.000070
-0.7152	0.000067
-0.7150	0.000063
-0.7148	0.000060
-0.7146	0.000057
-0.7144	0.000054
-0.7142	0.000051
-0.7140	0.000049
-0.7138	0.000046
-0.7136	0.000043
-0.7134	0.000041
-0.7132	0.000038
-0.7130	0.000036
-0.7128	0.000033
-0.7126	0.000031
-0.7124	0.000029
-0.7122	0.000027
-0.7120	0.000025
-0.7118	0.000023
-0.7116	0.000021
-0.7114	0.000019
-0.7112	0.000017
-0.7110	0.000016
-0.7108	0.000014
-0.7106	0.000013
-0.7104	0.000011
-0.7102	0.000010
-0.7100	0.000009
-0.7098	0.000008
-0.7096	0.000006
-0.7094	0.000005
-0.7092	0.000005
-0.7090	0.000004
-0.7088	0.000003
-0.7086	0.000002
-0.7084	0.000002
-0.7082	0.000001
-0.7080	0.000001
-0.7078	0.000001
-0.7076	0.000000
-0.7074	0.000000
-0.7072	0.000000
-0.7070	0.000000
-0.7068	0.000000
-0.7066	0.000000
-0.7064	0.000001
-0.7062	0.000001
-0.7060	0.000001
-0.7058	0.000002
-0.7056	0.000002
-0.7054	0.000003
-0.7052	0.000004
-0.7050	0.000005
-0.7048	0.000006
-0.7046	0.000007
-0.7044	0.000008
-0.7042	0.000009
-0.7040	0.000010
-0.7038	0.000012
-0.7036	0.000013
-0.7034	0.000015
-0.7032	0.000016
-0.7030	0.000018
-0.7028	0.000020
-0.7026	0.000022
-0.7024	0.000024
-0.7022	0.000026
-0.7020	0.000028
-0.7018	0.000031
-0.7016	0.000033
-0.7014	0.000036
-0.7012	0.000038
-0.7010	0.000041
-0.7008	0.000044
-0.7006	0.000046
-0.7004	0.000049
-0.7002	0.000052
-0.7000	0.000056
-0.6998	0.000059
-0.6996	0.000062
-0.6994	0.000066
-0.6992	0.000069
-0.6990	0.000073
-0.6988	0.000076
-0.6986	0.000080
-0.6984	0.000084
-0.6982	0.000088
-0.6980	0.000092
-0.6978	0.000096
-0.6976	0.000101
-0.6974	0.000105
-0.6972	0.000110
-0.6970	0.000114
-0.6968	0.000119
-0.6966	0.000124
-0.6964	0.000129
-0.6962	0.000134
-0.6960	0.000139
-0.6958	0.000144
-0.6956	0.000149
-0.6954	0.000155
-0.6952	0.000160
-0.6950	0.000166
-0.6948	0.000172
-0.6946	0.000178
-0.6944	0.000184
-0.6942	0.000190
-0.6940	0.000196
-0.6938	0.000202
-0.6936	0.000208
-0.6934	0.000215
-0.6932	0.000221
-0.6930	0.000228
-0.6928	0.000235
-0.6926	0.000242
-0.6924	0.000249
-0.6922	0.000256
-0.6920	0.000263
-0.6918	0.000271
-0.6916	0.000278
-0.6914	0.000286
-0.6912	0.000293
-0.6910	0.000301
-0.6908	0.000309
-0.6906	0.000317
-0.6904	0.000325
-0.6902	0.000334
-0.6900	0.000342
-0.6898	0.000351
-0.6896	0.000359
-0.6894	0.000368
-0.6892	0.000377
-0.6890	0.000386
-0.6888	0.000395
-0.6886	0.000404
-0.6884	0.000413
-0.6882	0.000423
-0.6880	0.000432
-0.6878	0.000442
-0.6876	0.000452
-0.6874	0.000462
-0.6872	0.000472
-0.6870	0.000482
-0.6868	0.000492
-0.6866	0.000503
-0.6864	0.000513
-0.6862	0.000524
-0.6860	0.000535
-0.6858	0.000546
-0.6856	0.000557
-0.6854	0.000568
-0.6852	0.000579
-0.6850	0.000590
-0.6848	0.000602
-0.6846	0.000614
-0.6844	0.000625
-0.6842	0.000637
-0.6840	0.000650
-0.6838	0.000662
-0.6836	0.000674
-0.6834	0.000687
-0.6832	0.000699
-0.6830	0.000712
-0.6828	0.000725
-0.6826	0.000738
-0.6824	0.000751
-0.6822	0.000764
-0.6820	0.000778
-0.6818	0.000791
-0.6816	0.000805
-0.6814	0.000819
-0.6812	0.000833
-0.6810	0.000847
-0.6808	0.000861
-0.6806	0.000875
-0.6804	0.000890
-0.6802	0.000905
-0.6800	0.000919
-0.6798	0.000934
-0.6796	0.000949
-0.6794	0.000965
-0.6792	0.000980
-0.6790	0.000996
-0.6788	0.001011
-0.6786	0.001027
-0.6784	0.001043
-0.6782	0.001059
-0.6780	0.001076
-0.6778	0.001092
-0.6776	0.001109
-0.6774	0.001125
-0.6772	0.001142
-0.6770	0.001159
-0.6768	0.001177
-0.6766	0.001194
-0.6764	0.001211
-0.6762	0.001229
-0.6760	0.001247
-0.6758	0.001265
-0.6756	0.001283
-0.6754	0.001301
-0.6752	0.001320
-0.6750	0.001339
-0.6748	0.001357
-0.6746	0.001376
-0.6744	0.001395
-0.6742	0.001415
-0.6740	0.001434
-0.6738	0.001454
-0.6736	0.001474
-0.6734	0.001493
-0.6732	0.001514
-0.6730	0.001534
-0.6728	0.001554
-0.6726	0.001575
-0.6724	0.001596
-0.6722	0.001617
-0.6720	0.001638
-0.6718	0.001659
-0.6716	0.001681
-0.6714	0.001702
-0.6712	0.001724
-0.6710	0.001746
-0.6708	0.001768
-0.6706	0.001791
-0.6704	0.001813
-0.6702	0.001836
-0.6700	0.001859
-0.6698	0.001882
-0.6696	0.001905
-0.6694	0.001929
-0.6692	0.001953
-0.6690	0.001976
-0.6688	0.002000
-0.6686	0.002025
-0.6684	0.002049
-0.6682	0.002074
-0.6680	0.002098
-0.6678	0.002123
-0.6676	0.002149
-0.6674	0.002174
-0.6672	0.002200
-0.6670	0.002225
-0.6668	0.002251
-0.6666	0.002278
-0.6664	0.002304
-0.6662	0.002330
-0.6660	0.002357
-0.6658	0.002384
-0.6656	0.002411
-0.6654	0.002439
-0.6652	0.002466
-0.6650	0.002494
-0.6648	0.002522
-0.6646	0.002550
-0.6644	0.002579
-0.6642	0.002607
-0.6640	0.002636
-0.6638	0.002665
-0.6636	0.002695
-0.6634	0.002724
-0.6632	0.002754
-0.6630	0.002784
-0.6628	0.002814
-0.6626	0.002844
-0.6624	0.002875
-0.6622	0.002906
-0.6620	0.002937
-0.6618	0.002968
-0.6616	0.002999
-0.6614	0.003031
-0.6612	0.003063
-0.6610	0.003095
-0.6608	0.003128
-0.6606	0.003160
-0.6604	0.003193
-0.6602	0.003226
-0.6600	0.003260
-0.6598	0.003293
-0.6596	0.003327
-0.6594	0.003361
-0.6592	0.003395
-0.6590	0.003430
-0.6588	0.003465
-0.6586	0.003500
-0.6584	0.003535
-0.6582	0.003570
-0.6580	0.003606
-0.6578	0.003642
-0.6576	0.003678
-0.6574	0.003715
-0.6572	0.003752
-0.6570	0.003789
-0.6568	0.003826
-0.6566	0.003864
-0.6564	0.003902
-0.6562	0.003940
-0.6560	0.003978
-0.6558	0.004017
-0.6556	0.004055
-0.6554	0.004095
-0.6552	0.004134
-0.6550	0.004174
-0.6548	0.004214
-0.6546	0.004254
-0.6544	0.004294
-0.6542	0.004335
-0.6540	0.004376
-0.6538	0.004417
-0.6536	0.004459
-0.6534	0.004501
-0.6532	0.004543
-0.6530	0.004586
-0.6528	0.004628
-0.6526	0.004671
-0.6524	0.004715
-0.6522	0.004758
-0.6520	0.004802
-0.6518	0.004847
-0.6516	0.004891
-0.6514	0.004936
-0.6512	0.004981
-0.6510	0.005026
-0.6508	0.005072
-0.6506	0.005118
-0.6504	0.005165
-0.6502	0.005211
-0.6500	0.005258
-0.6498	0.005305
-0.6496	0.005353
-0.6494	0.005401
-0.6492	0.005449
-0.6490	0.005498
-0.6488	0.005547
-0.6486	0.005596
-0.6484	0.005645
-0.6482	0.005695
-0.6480	0.005745
-0.6478	0.005796
-0.6476	0.005847
-0.6474	0.005898
-0.6472	0.005949
-0.6470	0.006001
-0.6468	0.006053
-0.6466	0.006106
-0.6464	0.006159
-0.6462	0.006212
-0.6460	0.006266
-0.6458	0.006320
-0.6456	0.006374
-0.6454	0.006429
-0.6452	0.006484
-0.6450	0.006539
-0.6448	0.006595
-0.6446	0.006651
-0.6444	0.006707
-0.6442	0.006764
-0.6440	0.006821
-0.6438	0.006879
-0.6436	0.006937
-0.6434	0.006995
-0.6432	0.007054
-0.6430	0.007113
-0.6428	0.007172
-0.6426	0.007232
-0.6424	0.007292
-0.6422	0.007353
-0.6420	0.007414
-0.6418	0.007476
-0.6416	0.007537
-0.6414	0.007600
-0.6412	0.007662
-0.6410	0.007725
-0.6408	0.007789
-0.6406	0.007853
-0.6404	0.007917
-0.6402	0.007982
-0.6400	0.008047
-0.6398	0.008112
-0.6396	0.008178
-0.6394	0.008244
-0.6392	0.008311
-0.6390	0.008379
-0.6388	0.008446
-0.6386	0.008514
-0.6384	0.008583
-0.6382	0.008652
-0.6380	0.008721
-0.6378	0.008791
-0.6376	0.008861
-0.6374	0.008932
-0.6372	0.009003
-0.6370	0.009075
-0.6368	0.009147
-0.6366	0.009220
-0.6364	0.009293
-0.6362	0.009366
-0.6360	0.009440
-0.6358	0.009515
-0.6356	0.009590
-0.6354	0.009665
-0.6352	0.009741
-0.6350	0.009818
-0.6348	0.009895
-0.6346	0.009972
-0.6344	0.010050
-0.6342	0.010128
-0.6340	0.010207
-0.6338	0.010287
-0.6336	0.010366
-0.6334	0.010447
-0.6332	0.010528
-0.6330	0.010609
-0.6328	0.010691
-0.6326	0.010774
-0.6324	0.010857
-0.6322	0.010940
-0.6320	0.011024
-0.6318	0.011109
-0.6316	0.011194
-0.6314	0.011280
-0.6312	0.011366
-0.6310	0.011453
-0.6308	0.011540
-0.6306	0.011628
-0.6304	0.011717
-0.6302	0.011806
-0.6300	0.011896
-0.6298	0.011986
-0.6296	0.012077
-0.6294	0.012168
-0.6292	0.012260
-0.6290	0.012352
-0.6288	0.012445
-0.6286	0.012539
-0.6284	0.012633
-0.6282	0.012728
-0.6280	0.012824
-0.6278	0.012920
-0.6276	0.013017
-0.6274	0.013114
-0.6272	0.013212
-0.6270	0.013311
-0.6268	0.013410
-0.6266	0.013510
-0.6264	0.013610
-0.6262	0.013712
-0.6260	0.013813
-0.6258	0.013916
-0.6256	0.014019
-0.6254	0.014123
-0.6252	0.014227
-0.6250	0.014332
-0.6248	0.014438
-0.6246	0.014545
-0.6244	0.014652
-0.6242	0.014759
-0.6240	0.014868
-0.6238	0.014977
-0.6236	0.015087
-0.6234	0.015198
-0.6232	0.015309
-0.6230	0.015421
-0.6228	0.015534
-0.6226	0.015647
-0.6224	0.015762
-0.6222	0.015876
-0.6220	0.015992
-0.6218	0.016109
-0.6216	0.016226
-0.6214	0.016344
-0.6212	0.016462
-0.6210	0.016582
-0.6208	0.016702
-0.6206	0.016823
-0.6204	0.016945
-0.6202	0.017067
-0.6200	0.017190
-0.6198	0.017315
-0.6196	0.017439
-0.6194	0.017565
-0.6192	0.017692
-0.6190	0.017819
-0.6188	0.017947
-0.6186	0.018076
-0.6184	0.018206
-0.6182	0.018337
-0.6180	0.018468
-0.6178	0.018600
-0.6176	0.018733
-0.6174	0.018868
-0.6172	0.019002
-0.6170	0.019138
-0.6168	0.019275
-0.6166	0.019412
-0.6164	0.019551
-0.6162	0.019690
-0.6160	0.019830
-0.6158	0.019971
-0.6156	0.020113
-0.6154	0.020256
-0.6152	0.020400
-0.6150	0.020545
-0.6148	0.020691
-0.6146	0.020837
-0.6144	0.020985
-0.6142	0.021134
-0.6140	0.021283
-0.6138	0.021434
-0.6136	0.021585
-0.6134	0.021738
-0.6132	0.021891
-0.6130	0.022046
-0.6128	0.022201
-0.6126	0.022357
-0.6124	0.022515
-0.6122	0.022673
-0.6120	0.022833
-0.6118	0.022994
-0.6116	0.023155
-0.6114	0.023318
-0.6112	0.023482
-0.6110	0.023646
-0.6108	0.023812
-0.6106	0.023979
-0.6104	0.024147
-0.6102	0.024316
-0.6100	0.024487
-0.6098	0.024658
-0.6096	0.024830
-0.6094	0.025004
-0.6092	0.025179
-0.6090	0.025354
-0.6088	0.025531
-0.6086	0.025710
-0.6084	0.025889
-0.6082	0.026069
-0.6080	0.026251
-0.6078	0.026434
-0.6076	0.026618
-0.6074	0.026803
-0.6072	0.026990
-0.6070	0.027178
-0.6068	0.027367
-0.6066	0.027557
-0.6064	0.027748
-0.6062	0.027941
-0.6060	0.028135
-0.6058	0.028330
-0.6056	0.028527
-0.6054	0.028725
-0.6052	0.028924
-0.6050	0.029124
-0.6048	0.029326
-0.6046	0.029529
-0.6044	0.029733
-0.6042	0.029939
-0.6040	0.030146
-0.6038	0.030355
-0.6036	0.030565
-0.6034	0.030776
-0.6032	0.030989
-0.6030	0.031203
-0.6028	0.031418
-0.6026	0.031635
-0.6024	0.031853
-0.6022	0.032073
-0.6020	0.032294
-0.6018	0.032517
-0.6016	0.032741
-0.6014	0.032967
-0.6012	0.033194
-0.6010	0.033423
-0.6008	0.033653
-0.6006	0.033885
-0.6004	0.034118
-0.6002	0.034353
-0.6000	0.034589
-0.5998	0.034827
-0.5996	0.035067
-0.5994	0.035308
-0.5992	0.035551
-0.5990	0.035795
-0.5988	0.036041
-0.5986	0.036289
-0.5984	0.036538
-0.5982	0.036789
-0.5980	0.037042
-0.5978	0.037296
-0.5976	0.037552
-0.5974	0.037810
-0.5972	0.038070
-0.5970	0.038331
-0.5968	0.038594
-0.5966	0.038858
-0.5964	0.039125
-0.5962	0.039393
-0.5960	0.039663
-0.5958	0.039935
-0.5956	0.040209
-0.5954	0.040485
-0.5952	0.040762
-0.5950	0.041041
-0.5948	0.041323
-0.5946	0.041606
-0.5944	0.041891
-0.5942	0.042177
-0.5940	0.042466
-0.5938	0.042757
-0.5936	0.043050
-0.5934	0.043345
-0.5932	0.043641
-0.5930	0.043940
-0.5928	0.044241
-0.5926	0.044543
-0.5924	0.044848
-0.5922	0.045155
-0.5920	0.045464
-0.5918	0.045775
-0.5916	0.046088
-0.5914	0.046403
-0.5912	0.046721
-0.5910	0.047040
-0.5908	0.047362
-0.5906	0.047686
-0.5904	0.048012
-0.5902	0.048340
-0.5900	0.048671
-0.5898	0.049004
-0.5896	0.049339
-0.5894	0.049676
-0.5892	0.050015
-0.5890	0.050357
-0.5888	0.050702
-0.5886	0.051048
-0.5884	0.051397
-0.5882	0.051748
-0.5880	0.052102
-0.5878	0.052458
-0.5876	0.052817
-0.5874	0.053178
-0.5872	0.053541
-0.5870	0.053907
-0.5868	0.054275
-0.5866	0.054646
-0.5864	0.055019
-0.5862	0.055395
-0.5860	0.055774
-0.5858	0.056155
-0.5856	0.056539
-0.5854	0.056925
-0.5852	0.057314
-0.5850	0.057706
-0.5848	0.058100
-0.5846	0.058497
-0.5844	0.058897
-0.5842	0.059299
-0.5840	0.059704
-0.5838	0.060112
-0.5836	0.060523
-0.5834	0.060937
-0.5832	0.061353
-0.5830	0.061772
-0.5828	0.062194
-0.5826	0.062619
-0.5824	0.063047
-0.5822	0.063478
-0.5820	0.063912
-0.5818	0.064349
-0.5816	0.064788
-0.5814	0.065231
-0.5812	0.065677
-0.5810	0.066126
-0.5808	0.066577
-0.5806	0.067032
-0.5804	0.067490
-0.5802	0.067952
-0.5800	0.068416
-0.5798	0.068884
-0.5796	0.069354
-0.5794	0.069828
-0.5792	0.070306
-0.5790	0.070786
-0.5788	0.071270
-0.5786	0.071757
-0.5784	0.072247
-0.5782	0.072741
-0.5780	0.073238
-0.5778	0.073739
-0.5776	0.074242
-0.5774	0.074750
-0.5772	0.075261
-0.5770	0.075775
-0.5768	0.076293
-0.5766	0.076814
-0.5764	0.077339
-0.5762	0.077868
-0.5760	0.078400
-0.5758	0.078935
-0.5756	0.079475
-0.5754	0.080018
-0.5752	0.080564
-0.5750	0.081115
-0.5748	0.081669
-0.5746	0.082227
-0.5744	0.082789
-0.5742	0.083354
-0.5740	0.083924
-0.5738	0.084497
-0.5736	0.085074
-0.5734	0.085655
-0.5732	0.086240
-0.5730	0.086829
-0.5728	0.087422
-0.5726	0.088019
-0.5724	0.088620
-0.5722	0.089225
-0.5720	0.089834
-0.5718	0.090448
-0.5716	0.091065
-0.5714	0.091686
-0.5712	0.092312
-0.5710	0.092942
-0.5708	0.093576
-0.5706	0.094215
-0.5704	0.094857
-0.5702	0.095504
-0.5700	0.096155
-0.5698	0.096811
-0.5696	0.097471
-0.5694	0.098136
-0.5692	0.098804
-0.5690	0.099478
-0.5688	0.100155
-0.5686	0.100838
-0.5684	0.101525
-0.5682	0.102216
-0.5680	0.102912
-0.5678	0.103612
-0.5676	0.104317
-0.5674	0.105027
-0.5672	0.105742
-0.5670	0.106461
-0.5668	0.107185
-0.5666	0.107913
-0.5664	0.108647
-0.5662	0.109385
-0.5660	0.110128
-0.5658	0.110876
-0.5656	0.111628
-0.5654	0.112386
-0.5652	0.113148
-0.5650	0.113916
-0.5648	0.114688
-0.5646	0.115465
-0.5644	0.116248
-0.5642	0.117035
-0.5640	0.117827
-0.5638	0.118625
-0.5636	0.119427
-0.5634	0.120235
-0.5632	0.121047
-0.5630	0.121865
-0.5628	0.122688
-0.5626	0.123516
-0.5624	0.124350
-0.5622	0.125188
-0.5620	0.126032
-0.5618	0.126881
-0.5616	0.127735
-0.5614	0.128595
-0.5612	0.129460
-0.5610	0.130330
-0.5608	0.131206
-0.5606	0.132087
-0.5604	0.132973
-0.5602	0.133865
-0.5600	0.134762
-0.5598	0.135665
-0.5596	0.136573
-0.5594	0.137486
-0.5592	0.138405
-0.5590	0.139329
-0.5588	0.140259
-0.5586	0.141194
-0.5584	0.142135
-0.5582	0.143082
-0.5580	0.144033
-0.5578	0.144991
-0.5576	0.145954
-0.5574	0.146922
-0.5572	0.147896
-0.5570	0.148876
-0.5568	0.149861
-0.5566	0.150851
-0.5564	0.151847
-0.5562	0.152849
-0.5560	0.153856
-0.5558	0.154869
-0.5556	0.155888
-0.5554	0.156912
-0.5552	0.157941
-0.5550	0.158976
-0.5548	0.160017
-0.5546	0.161063
-0.5544	0.162115
-0.5542	0.163172
-0.5540	0.164235
-0.5538	0.165303
-0.5536	0.166377
-0.5534	0.167456
-0.5532	0.168540
-0.5530	0.169631
-0.5528	0.170726
-0.5526	0.171827
-0.5524	0.172933
-0.5522	0.174045
-0.5520	0.175162
-0.5518	0.176284
-0.5516	0.177412
-0.5514	0.178545
-0.5512	0.179683
-0.5510	0.180826
-0.5508	0.181975
-0.5506	0.183128
-0.5504	0.184287
-0.5502	0.185450
-0.5500	0.186619
-0.5498	0.187793
-0.5496	0.188971
-0.5494	0.190155
-0.5492	0.191343
-0.5490	0.192536
-0.5488	0.193734
-0.5486	0.194936
-0.5484	0.196144
-0.5482	0.197355
-0.5480	0.198571
-0.5478	0.199792
-0.5476	0.201016
-0.5474	0.202246
-0.5472	0.203479
-0.5470	0.204716
-0.5468	0.205958
-0.5466	0.207203
-0.5464	0.208453
-0.5462	0.209706
-0.5460	0.210962
-0.5458	0.212223
-0.5456	0.213487
-0.5454	0.214754
-0.5452	0.216025
-0.5450	0.217299
-0.5448	0.218576
-0.5446	0.219855
-0.5444	0.221138
-0.5442	0.222424
-0.5440	0.223712
-0.5438	0.225002
-0.5436	0.226295
-0.5434	0.227591
-0.5432	0.228888
-0.5430	0.230187
-0.5428	0.231488
-0.5426	0.232791
-0.5424	0.234095
-0.5422	0.235400
-0.5420	0.236707
-0.5418	0.238015
-0.5416	0.239323
-0.5414	0.240632
-0.5412	0.241942
-0.5410	0.243251
-0.5408	0.244561
-0.5406	0.245871
-0.5404	0.247181
-0.5402	0.248489
-0.5400	0.249798
-0.5398	0.251105
-0.5396	0.252411
-0.5394	0.253715
-0.5392	0.255018
-0.5390	0.256319
-0.5388	0.257618
-0.5386	0.258915
-0.5384	0.260209
-0.5382	0.261500
-0.5380	0.262788
-0.5378	0.264072
-0.5376	0.265353
-0.5374	0.266629
-0.5372	0.267901
-0.5370	0.269169
-0.5368	0.270432
-0.5366	0.271689
-0.5364	0.272941
-0.5362	0.274187
-0.5360	0.275427
-0.5358	0.276660
-0.5356	0.277886
-0.5354	0.279105
-0.5352	0.280316
-0.5350	0.281520
-0.5348	0.282714
-0.5346	0.283900
-0.5344	0.285077
-0.5342	0.286244
-0.5340	0.287401
-0.5338	0.288548
-0.5336	0.289684
-0.5334	0.290808
-0.5332	0.291921
-0.5330	0.293021
-0.5328	0.294109
-0.5326	0.295184
-0.5324	0.296245
-0.5322	0.297292
-0.5320	0.298324
-0.5318	0.299341
-0.5316	0.300342
-0.5314	0.301327
-0.5312	0.302295
-0.5310	0.303246
-0.5308	0.304179
-0.5306	0.305094
-0.5304	0.305990
-0.5302	0.306866
-0.5300	0.307721
-0.5298	0.308556
-0.5296	0.309370
-0.5294	0.310161
-0.5292	0.310930
-0.5290	0.311675
-0.5288	0.312396
-0.5286	0.313093
-0.5284	0.313764
-0.5282	0.314409
-0.5280	0.315027
-0.5278	0.315618
-0.5276	0.316180
-0.5274	0.316713
-0.5272	0.317217
-0.5270	0.317690
-0.5268	0.318131
-0.5266	0.318541
-0.5264	0.318918
-0.5262	0.319260
-0.5260	0.319569
-0.5258	0.319842
-0.5256	0.320079
-0.5254	0.320278
-0.5252	0.320440
-0.5250	0.320563
-0.5248	0.320646
-0.5246	0.320689
-0.5244	0.320690
-0.5242	0.320649
-0.5240	0.320565
-0.5238	0.320436
-0.5236	0.320262
-0.5234	0.320042
-0.5232	0.319775
-0.5230	0.319459
-0.5228	0.319095
-0.5226	0.318680
-0.5224	0.318215
-0.5222	0.317698
-0.5220	0.317127
-0.5218	0.316503
-0.5216	0.315823
-0.5214	0.315088
-0.5212	0.314296
-0.5210	0.313445
-0.5208	0.312536
-0.5206	0.311566
-0.5204	0.310536
-0.5202	0.309443
-0.5200	0.308288
-0.5198	0.307068
-0.5196	0.305784
-0.5194	0.304434
-0.5192	0.303016
-0.5190	0.301532
-0.5188	0.299978
-0.5186	0.298355
-0.5184	0.296661
-0.5182	0.294897
-0.5180	0.293060
-0.5178	0.291150
-0.5176	0.289166
-0.5174	0.287109
-0.5172	0.284976
-0.5170	0.282767
-0.5168	0.280483
-0.5166	0.278121
-0.5164	0.275683
-0.5162	0.273166
-0.5160	0.270572
-0.5158	0.267899
-0.5156	0.265148
-0.5154	0.262318
-0.5152	0.259410
-0.5150	0.256422
-0.5148	0.253357
-0.5146	0.250212
-0.5144	0.246990
-0.5142	0.243690
-0.5140	0.240313
-0.5138	0.236860
-0.5136	0.233331
-0.5134	0.229727
-0.5132	0.226050
-0.5130	0.222300
-0.5128	0.218480
-0.5126	0.214589
-0.5124	0.210631
-0.5122	0.206607
-0.5120	0.202518
-0.5118	0.198368
-0.5116	0.194158
-0.5114	0.189892
-0.5112	0.185571
-0.5110	0.181198
-0.5108	0.176777
-0.5106	0.172312
-0.5104	0.167805
-0.5102	0.163260
-0.5100	0.158681
-0.5098	0.154072
-0.5096	0.149438
-0.5094	0.144782
-0.5092	0.140111
-0.5090	0.135427
-0.5088	0.130737
-0.5086	0.126045
-0.5084	0.121357
-0.5082	0.116679
-0.5080	0.112015
-0.5078	0.107372
-0.5076	0.102755
-0.5074	0.098171
-0.5072	0.093625
-0.5070	0.089123
-0.5068	0.084672
-0.5066	0.080278
-0.5064	0.075947
-0.5062	0.071685
-0.5060	0.067498
-0.5058	0.063392
-0.5056	0.059373
-0.5054	0.055447
-0.5052	0.051621
-0.5050	0.047898
-0.5048	0.044286
-0.5046	0.040788
-0.5044	0.037411
-0.5042	0.034159
-0.5040	0.031036
-0.5038	0.028047
-0.5036	0.025196
-0.5034	0.022487
-0.5032	0.019923
-0.5030	0.017506
-0.5028	0.015241
-0.5026	0.013128
-0.5024	0.011171
-0.5022	0.009370
-0.5020	0.007727
-0.5018	0.006243
-0.5016	0.004918
-0.5014	0.003753
-0.5012	0.002747
-0.5010	0.001900
-0.5008	0.001211
-0.5006	0.000678
-0.5004	0.000300
-0.5002	0.000075
-0.5000	0.000000
-0.4998	0.000074
-0.4996	0.000293
-0.4994	0.000654
-0.4992	0.001154
-0.4990	0.001789
-0.4988	0.002556
-0.4986	0.003451
-0.4984	0.004469
-0.4982	0.005607
-0.4980	0.006860
-0.4978	0.008223
-0.4976	0.009692
-0.4974	0.011262
-0.4972	0.012929
-0.4970	0.014687
-0.4968	0.016533
-0.4966	0.018461
-0.4964	0.020467
-0.4962	0.022545
-0.4960	0.024691
-0.4958	0.026901
-0.4956	0.029170
-0.4954	0.031493
-0.4952	0.033866
-0.4950	0.036284
-0.4948	0.038744
-0.4946	0.041241
-0.4944	0.043771
-0.4942	0.046331
-0.4940	0.048916
-0.4938	0.051522
-0.4936	0.054147
-0.4934	0.056787
-0.4932	0.059438
-0.4930	0.062098
-0.4928	0.064762
-0.4926	0.067430
-0.4924	0.070096
-0.4922	0.072760
-0.4920	0.075419
-0.4918	0.078069
-0.4916	0.080709
-0.4914	0.083337
-0.4912	0.085951
-0.4910	0.088548
-0.4908	0.091127
-0.4906	0.093687
-0.4904	0.096225
-0.4902	0.098741
-0.4900	0.101232
-0.4898	0.103699
-0.4896	0.106138
-0.4894	0.108550
-0.4892	0.110934
-0.4890	0.113288
-0.4888	0.115611
-0.4886	0.117904
-0.4884	0.120165
-0.4882	0.122393
-0.4880	0.124588
-0.4878	0.126750
-0.4876	0.128878
-0.4874	0.130972
-0.4872	0.133032
-0.4870	0.135057
-0.4868	0.137047
-0.4866	0.139001
-0.4864	0.140921
-0.4862	0.142805
-0.4860	0.144654
-0.4858	0.146468
-0.4856	0.148246
-0.4854	0.149990
-0.4852	0.151698
-0.4850	0.153371
-0.4848	0.155010
-0.4846	0.156613
-0.4844	0.158183
-0.4842	0.159718
-0.4840	0.161219
-0.4838	0.162687
-0.4836	0.164121
-0.4834	0.165522
-0.4832	0.166890
-0.4830	0.168225
-0.4828	0.169529
-0.4826	0.170801
-0.4824	0.172041
-0.4822	0.173250
-0.4820	0.174429
-0.4818	0.175577
-0.4816	0.176695
-0.4814	0.177783
-0.4812	0.178842
-0.4810	0.179873
-0.4808	0.180875
-0.4806	0.181849
-0.4804	0.182795
-0.4802	0.183715
-0.4800	0.184607
-0.4798	0.185473
-0.4796	0.186313
-0.4794	0.187127
-0.4792	0.187917
-0.4790	0.188681
-0.4788	0.189421
-0.4786	0.190137
-0.4784	0.190830
-0.4782	0.191499
-0.4780	0.192145
-0.4778	0.192769
-0.4776	0.193371
-0.4774	0.193952
-0.4772	0.194511
-0.4770	0.195049
-0.4768	0.195567
-0.4766	0.196064
-0.4764	0.196542
-0.4762	0.197000
-0.4760	0.197440
-0.4758	0.197860
-0.4756	0.198262
-0.4754	0.198646
-0.4752	0.199013
-0.4750	0.199362
-0.4748	0.199694
-0.4746	0.200009
-0.4744	0.200308
-0.4742	0.200591
-0.4740	0.200859
-0.4738	0.201110
-0.4736	0.201347
-0.4734	0.201569
-0.4732	0.201776
-0.4730	0.201969
-0.4728	0.202148
-0.4726	0.202314
-0.4724	0.202466
-0.4722	0.202605
-0.4720	0.202731
-0.4718	0.202844
-0.4716	0.202946
-0.4714	0.203035
-0.4712	0.203112
-0.4710	0.203178
-0.4708	0.203232
-0.4706	0.203275
-0.4704	0.203308
-0.4702	0.203330
-0.4700	0.203341
-0.4698	0.203342
-0.4696	0.203334
-0.4694	0.203315
-0.4692	0.203287
-0.4690	0.203250
-0.4688	0.203204
-0.4686	0.203148
-0.4684	0.203085
-0.4682	0.203012
-0.4680	0.202931
-0.4678	0.202842
-0.4676	0.202745
-0.4674	0.202641
-0.4672	0.202529
-0.4670	0.202409
-0.4668	0.202282
-0.4666	0.202148
-0.4664	0.202007
-0.4662	0.201859
-0.4660	0.201705
-0.4658	0.201544
-0.4656	0.201377
-0.4654	0.201204
-0.4652	0.201025
-0.4650	0.200840
-0.4648	0.200649
-0.4646	0.200453
-0.4644	0.200251
-0.4642	0.200044
-0.4640	0.199832
-0.4638	0.199615
-0.4636	0.199393
-0.4634	0.199166
-0.4632	0.198934
-0.4630	0.198698
-0.4628	0.198457
-0.4626	0.198212
-0.4624	0.197963
-0.4622	0.197710
-0.4620	0.197453
-0.4618	0.197191
-0.4616	0.196927
-0.4614	0.196658
-0.4612	0.196386
-0.4610	0.196110
-0.4608	0.195831
-0.4606	0.195549
-0.4604	0.195263
-0.4602	0.194975
-0.4600	0.194683
-0.4598	0.194388
-0.4596	0.194091
-0.4594	0.193791
-0.4592	0.193488
-0.4590	0.193182
-0.4588	0.192874
-0.4586	0.192564
-0.4584	0.192251
-0.4582	0.191935
-0.4580	0.191618
-0.4578	0.191298
-0.4576	0.190977
-0.4574	0.190653
-0.4572	0.190327
-0.4570	0.190000
-0.4568	0.189671
-0.4566	0.189339
-0.4564	0.189007
-0.4562	0.188672
-0.4560	0.188336
-0.4558	0.187999
-0.4556	0.187659
-0.4554	0.187319
-0.4552	0.186977
-0.4550	0.186634
-0.4548	0.186290
-0.4546	0.185944
-0.4544	0.185597
-0.4542	0.185249
-0.4540	0.184901
-0.4538	0.184551
-0.4536	0.184200
-0.4534	0.183848
-0.4532	0.183495
-0.4530	0.183142
-0.4528	0.182788
-0.4526	0.182433
-0.4524	0.182077
-0.4522	0.181720
-0.4520	0.181363
-0.4518	0.181006
-0.4516	0.180647
-0.4514	0.180289
-0.4512	0.179930
-0.4510	0.179570
-0.4508	0.179210
-0.4506	0.178849
-0.4504	0.178489
-0.4502	0.178128
-0.4500	0.177766
-0.4498	0.177404
-0.4496	0.177043
-0.4494	0.176681
-0.4492	0.176318
-0.4490	0.175956
-0.4488	0.175593
-0.4486	0.175231
-0.4484	0.174868
-0.4482	0.174506
-0.4480	0.174143
-0.4478	0.173780
-0.4476	0.173418
-0.4474	0.173055
-0.4472	0.172693
-0.4470	0.172330
-0.4468	0.171968
-0.4466	0.171606
-0.4464	0.171244
-0.4462	0.170882
-0.4460	0.170521
-0.4458	0.170159
-0.4456	0.169798
-0.4454	0.169438
-0.4452	0.169077
-0.4450	0.168717
-0.4448	0.168357
-0.4446	0.167998
-0.4444	0.167638
-0.4442	0.167280
-0.4440	0.166921
-0.4438	0.166563
-0.4436	0.166206
-0.4434	0.165848
-0.4432	0.165492
-0.4430	0.165135
-0.4428	0.164780
-0.4426	0.164424
-0.4424	0.164069
-0.4422	0.163715
-0.4420	0.163361
-0.4418	0.163008
-0.4416	0.162655
-0.4414	0.162303
-0.4412	0.161952
-0.4410	0.161601
-0.4408	0.161250
-0.4406	0.160900
-0.4404	0.160551
-0.4402	0.160203
-0.4400	0.159855
-0.4398	0.159507
-0.4396	0.159161
-0.4394	0.158814
-0.4392	0.158469
-0.4390	0.158124
-0.4388	0.157780
-0.4386	0.157437
-0.4384	0.157094
-0.4382	0.156752
-0.4380	0.156411
-0.4378	0.156071
-0.4376	0.155731
-0.4374	0.155392
-0.4372	0.155053
-0.4370	0.154716
-0.4368	0.154379
-0.4366	0.154043
-0.4364	0.153707
-0.4362	0.153373
-0.4360	0.153039
-0.4358	0.152706
-0.4356	0.152374
-0.4354	0.152042
-0.4352	0.151711
-0.4350	0.151381
-0.4348	0.151052
-0.4346	0.150724
-0.4344	0.150396
-0.4342	0.150070
-0.4340	0.149744
-0.4338	0.149418
-0.4336	0.149094
-0.4334	0.148771
-0.4332	0.148448
-0.4330	0.148126
-0.4328	0.147805
-0.4326	0.147485
-0.4324	0.147165
-0.4322	0.146847
-0.4320	0.146529
-0.4318	0.146212
-0.4316	0.145896
-0.4314	0.145581
-0.4312	0.145267
-0.4310	0.144953
-0.4308	0.144641
-0.4306	0.144329
-0.4304	0.144018
-0.4302	0.143708
-0.4300	0.143398
-0.4298	0.143090
-0.4296	0.142782
-0.4294	0.142476
-0.4292	0.142170
-0.4290	0.141865
-0.4288	0.141561
-0.4286	0.141258
-0.4284	0.140955
-0.4282	0.140654
-0.4280	0.140353
-0.4278	0.140053
-0.4276	0.139754
-0.4274	0.139456
-0.4272	0.139159
-0.4270	0.138862
-0.4268	0.138567
-0.4266	0.138272
-0.4264	0.137978
-0.4262	0.137685
-0.4260	0.137393
-0.4258	0.137102
-0.4256	0.136812
-0.4254	0.136522
-0.4252	0.136234
-0.4250	0.135946
-0.4248	0.135659
-0.4246	0.135373
-0.4244	0.135088
-0.4242	0.134803
-0.4240	0.134520
-0.4238	0.134237
-0.4236	0.133955
-0.4234	0.133674
-0.4232	0.133394
-0.4230	0.133115
-0.4228	0.132837
-0.4226	0.132559
-0.4224	0.132282
-0.4222	0.132007
-0.4220	0.131731
-0.4218	0.131457
-0.4216	0.131184
-0.4214	0.130912
-0.4212	0.130640
-0.4210	0.130369
-0.4208	0.130099
-0.4206	0.129830
-0.4204	0.129562
-0.4202	0.129294
-0.4200	0.129028
-0.4198	0.128762
-0.4196	0.128497
-0.4194	0.128233
-0.4192	0.127969
-0.4190	0.127707
-0.4188	0.127445
-0.4186	0.127184
-0.4184	0.126924
-0.4182	0.126665
-0.4180	0.126406
-0.4178	0.126149
-0.4176	0.125892
-0.4174	0.125636
-0.4172	0.125381
-0.4170	0.125127
-0.4168	0.124873
-0.4166	0.124620
-0.4164	0.124368
-0.4162	0.124117
-0.4160	0.123867
-0.4158	0.123617
-0.4156	0.123368
-0.4154	0.123120
-0.4152	0.122873
-0.4150	0.122627
-0.4148	0.122381
-0.4146	0.122136
-0.4144	0.121892
-0.4142	0.121649
-0.4140	0.121406
-0.4138	0.121165
-0.4136	0.120924
-0.4134	0.120683
-0.4132	0.120444
-0.4130	0.120205
-0.4128	0.119967
-0.4126	0.119730
-0.4124	0.119494
-0.4122	0.119258
-0.4120	0.119023
-0.4118	0.118789
-0.4116	0.118556
-0.4114	0.118323
-0.4112	0.118091
-0.4110	0.117860
-0.4108	0.117630
-0.4106	0.117400
-0.4104	0.117171
-0.4102	0.116943
-0.4100	0.116715
-0.4098	0.116489
-0.4096	0.116263
-0.4094	0.116037
-0.4092	0.115813
-0.4090	0.115589
-0.4088	0.115366
-0.4086	0.115143
-0.4084	0.114922
-0.4082	0.114701
-0.4080	0.114481
-0.4078	0.114261
-0.4076	0.114042
-0.4074	0.113824
-0.4072	0.113607
-0.4070	0.113390
-0.4068	0.113174
-0.4066	0.112958
-0.4064	0.112744
-0.4062	0.112530
-0.4060	0.112316
-0.4058	0.112104
-0.4056	0.111892
-0.4054	0.111681
-0.4052	0.111470
-0.4050	0.111260
-0.4048	0.111051
-0.4046	0.110843
-0.4044	0.110635
-0.4042	0.110427
-0.4040	0.110221
-0.4038	0.110015
-0.4036	0.109810
-0.4034	0.109605
-0.4032	0.109401
-0.4030	0.109198
-0.4028	0.108996
-0.4026	0.108794
-0.4024	0.108592
-0.4022	0.108392
-0.4020	0.108192
-0.4018	0.107992
-0.4016	0.107794
-0.4014	0.107595
-0.4012	0.107398
-0.4010	0.107201
-0.4008	0.107005
-0.4006	0.106809
-0.4004	0.106614
-0.4002	0.106420
-0.4000	0.106226
-0.3998	0.106033
-0.3996	0.105841
-0.3994	0.105649
-0.3992	0.105458
-0.3990	0.105267
-0.3988	0.105077
-0.3986	0.104888
-0.3984	0.104699
-0.3982	0.104511
-0.3980	0.104323
-0.3978	0.104136
-0.3976	0.103950
-0.3974	0.103764
-0.3972	0.103579
-0.3970	0.103394
-0.3968	0.103210
-0.3966	0.103026
-0.3964	0.102843
-0.3962	0.102661
-0.3960	0.102479
-0.3958	0.102298
-0.3956	0.102118
-0.3954	0.101938
-0.3952	0.101758
-0.3950	0.101579
-0.3948	0.101401
-0.3946	0.101223
-0.3944	0.101046
-0.3942	0.100869
-0.3940	0.100693
-0.3938	0.100518
-0.3936	0.100343
-0.3934	0.100168
-0.3932	0.099994
-0.3930	0.099821
-0.3928	0.099648
-0.3926	0.099476
-0.3924	0.099304
-0.3922	0.099133
-0.3920	0.098962
-0.3918	0.098792
-0.3916	0.098623
-0.3914	0.098454
-0.3912	0.098285
-0.3910	0.098117
-0.3908	0.097950
-0.3906	0.097783
-0.3904	0.097616
-0.3902	0.097451
-0.3900	0.097285
-0.3898	0.097120
-0.3896	0.096956
-0.3894	0.096792
-0.3892	0.096629
-0.3890	0.096466
-0.3888	0.096304
-0.3886	0.096142
-0.3884	0.095981
-0.3882	0.095820
-0.3880	0.095660
-0.3878	0.095500
-0.3876	0.095340
-0.3874	0.095182
-0.3872	0.095023
-0.3870	0.094865
-0.3868	0.094708
-0.3866	0.094551
-0.3864	0.094395
-0.3862	0.094239
-0.3860	0.094084
-0.3858	0.093929
-0.3856	0.093774
-0.3854	0.093620
-0.3852	0.093467
-0.3850	0.093314
-0.3848	0.093161
-0.3846	0.093009
-0.3844	0.092857
-0.3842	0.092706
-0.3840	0.092555
-0.3838	0.092405
-0.3836	0.092255
-0.3834	0.092106
-0.3832	0.091957
-0.3830	0.091809
-0.3828	0.091661
-0.3826	0.091513
-0.3824	0.091366
-0.3822	0.091219
-0.3820	0.091073
-0.3818	0.090928
-0.3816	0.090782
-0.3814	0.090637
-0.3812	0.090493
-0.3810	0.090349
-0.3808	0.090205
-0.3806	0.090062
-0.3804	0.089920
-0.3802	0.089777
-0.3800	0.089636
-0.3798	0.089494
-0.3796	0.089353
-0.3794	0.089213
-0.3792	0.089073
-0.3790	0.088933
-0.3788	0.088794
-0.3786	0.088655
-0.3784	0.088516
-0.3782	0.088378
-0.3780	0.088241
-0.3778	0.088103
-0.3776	0.087967
-0.3774	0.087830
-0.3772	0.087694
-0.3770	0.087559
-0.3768	0.087424
-0.3766	0.087289
-0.3764	0.087154
-0.3762	0.087020
-0.3760	0.086887
-0.3758	0.086754
-0.3756	0.086621
-0.3754	0.086489
-0.3752	0.086357
-0.3750	0.086225
-0.3748	0.086094
-0.3746	0.085963
-0.3744	0.085832
-0.3742	0.085702
-0.3740	0.085573
-0.3738	0.085443
-0.3736	0.085315
-0.3734	0.085186
-0.3732	0.085058
-0.3730	0.084930
-0.3728	0.084803
-0.3726	0.084676
-0.3724	0.084549
-0.3722	0.084423
-0.3720	0.084297
-0.3718	0.084171
-0.3716	0.084046
-0.3714	0.083921
-0.3712	0.083797
-0.3710	0.083673
-0.3708	0.083549
-0.3706	0.083426
-0.3704	0.083303
-0.3702	0.083180
-0.3700	0.083058
-0.3698	0.082936
-0.3696	0.082814
-0.3694	0.082693
-0.3692	0.082572
-0.3690	0.082452
-0.3688	0.082332
-0.3686	0.082212
-0.3684	0.082092
-0.3682	0.081973
-0.3680	0.081854
-0.3678	0.081736
-0.3676	0.081618
-0.3674	0.081500
-0.3672	0.081383
-0.3670	0.081265
-0.3668	0.081149
-0.3666	0.081032
-0.3664	0.080916
-0.3662	0.080800
-0.3660	0.080685
-0.3658	0.080570
-0.3656	0.080455
-0.3654	0.080341
-0.3652	0.080227
-0.3650	0.080113
-0.3648	0.079999
-0.3646	0.079886
-0.3644	0.079773
-0.3642	0.079661
-0.3640	0.079549
-0.3638	0.079437
-0.3636	0.079325
-0.3634	0.079214
-0.3632	0.079103
-0.3630	0.078992
-0.3628	0.078882
-0.3626	0.078772
-0.3624	0.078663
-0.3622	0.078553
-0.3620	0.078444
-0.3618	0.078335
-0.3616	0.078227
-0.3614	0.078119
-0.3612	0.078011
-0.3610	0.077903
-0.3608	0.077796
-0.3606	0.077689
-0.3604	0.077583
-0.3602	0.077476
-0.3600	0.077370
-0.3598	0.077264
-0.3596	0.077159
-0.3594	0.077054
-0.3592	0.076949
-0.3590	0.076844
-0.3588	0.076740
-0.3586	0.076636
-0.3584	0.076532
-0.3582	0.076429
-0.3580	0.076326
-0.3578	0.076223
-0.3576	0.076120
-0.3574	0.076018
-0.3572	0.075916
-0.3570	0.075814
-0.3568	0.075713
-0.3566	0.075612
-0.3564	0.075511
-0.3562	0.075410
-0.3560	0.075310
-0.3558	0.075210
-0.3556	0.075110
-0.3554	0.075011
-0.3552	0.074912
-0.3550	0.074813
-0.3548	0.074714
-0.3546	0.074615
-0.3544	0.074517
-0.3542	0.074419
-0.3540	0.074322
-0.3538	0.074224
-0.3536	0.074127
-0.3534	0.074031
-0.3532	0.073934
-0.3530	0.073838
-0.3528	0.073742
-0.3526	0.073646
-0.3524	0.073550
-0.3522	0.073455
-0.3520	0.073360
-0.3518	0.073265
-0.3516	0.073171
-0.3514	0.073077
-0.3512	0.072983
-0.3510	0.072889
-0.3508	0.072795
-0.3506	0.072702
-0.3504	0.072609
-0.3502	0.072517
-0.3500	0.072424
-0.3498	0.072332
-0.3496	0.072240
-0.3494	0.072148
-0.3492	0.072057
-0.3490	0.071965
-0.3488	0.071874
-0.3486	0.071784
-0.3484	0.071693
-0.3482	0.071603
-0.3480	0.071513
-0.3478	0.071423
-0.3476	0.071333
-0.3474	0.071244
-0.3472	0.071155
-0.3470	0.071066
-0.3468	0.070978
-0.3466	0.070889
-0.3464	0.070801
-0.3462	0.070713
-0.3460	0.070625
-0.3458	0.070538
-0.3456	0.070451
-0.3454	0.070364
-0.3452	0.070277
-0.3450	0.070190
-0.3448	0.070104
-0.3446	0.070018
-0.3444	0.069932
-0.3442	0.069847
-0.3440	0.069761
-0.3438	0.069676
-0.3436	0.069591
-0.3434	0.069506
-0.3432	0.069422
-0.3430	0.069337
-0.3428	0.069253
-0.3426	0.069170
-0.3424	0.069086
-0.3422	0.069002
-0.3420	0.068919
-0.3418	0.068836
-0.3416	0.068753
-0.3414	0.068671
-0.3412	0.068589
-0.3410	0.068506
-0.3408	0.068424
-0.3406	0.068343
-0.3404	0.068261
-0.3402	0.068180
-0.3400	0.068099
-0.3398	0.068018
-0.3396	0.067937
-0.3394	0.067857
-0.3392	0.067777
-0.3390	0.067697
-0.3388	0.067617
-0.3386	0.067537
-0.3384	0.067458
-0.3382	0.067378
-0.3380	0.067299
-0.3378	0.067221
-0.3376	0.067142
-0.3374	0.067064
-0.3372	0.066985
-0.3370	0.066907
-0.3368	0.066829
-0.3366	0.066752
-0.3364	0.066674
-0.3362	0.066597
-0.3360	0.066520
-0.3358	0.066443
-0.3356	0.066367
-0.3354	0.066290
-0.3352	0.066214
-0.3350	0.066138
-0.3348	0.066062
-0.3346	0.065986
-0.3344	0.065911
-0.3342	0.065835
-0.3340	0.065760
-0.3338	0.065685
-0.3336	0.065611
-0.3334	0.065536
-0.3332	0.065462
-0.3330	0.065387
-0.3328	0.065313
-0.3326	0.065240
-0.3324	0.065166
-0.3322	0.065093
-0.3320	0.065019
-0.3318	0.064946
-0.3316	0.064873
-0.3314	0.064801
-0.3312	0.064728
-0.3310	0.064656
-0.3308	0.064584
-0.3306	0.064512
-0.3304	0.064440
-0.3302	0.064368
-0.3300	0.064297
-0.3298	0.064225
-0.3296	0.064154
-0.3294	0.064083
-0.3292	0.064013
-0.3290	0.063942
-0.3288	0.063872
-0.3286	0.063801
-0.3284	0.063731
-0.3282	0.063661
-0.3280	0.063592
-0.3278	0.063522
-0.3276	0.063453
-0.3274	0.063384
-0.3272	0.063315
-0.3270	0.063246
-0.3268	0.063177
-0.3266	0.063108
-0.3264	0.063040
-0.3262	0.062972
-0.3260	0.062904
-0.3258	0.062836
-0.3256	0.062768
-0.3254	0.062701
-0.3252	0.062633
-0.3250	0.062566
-0.3248	0.062499
-0.3246	0.062432
-0.3244	0.062366
-0.3242	0.062299
-0.3240	0.062233
-0.3238	0.062166
-0.3236	0.062100
-0.3234	0.062034
-0.3232	0.061969
-0.3230	0.061903
-0.3228	0.061838
-0.3226	0.061772
-0.3224	0.061707
-0.3222	0.061642
-0.3220	0.061577
-0.3218	0.061513
-0.3216	0.061448
-0.3214	0.061384
-0.3212	0.061320
-0.3210	0.061256
-0.3208	0.061192
-0.3206	0.061128
-0.3204	0.061064
-0.3202	0.061001
-0.3200	0.060938
-0.3198	0.060875
-0.3196	0.060812
-0.3194	0.060749
-0.3192	0.060686
-0.3190	0.060624
-0.3188	0.060561
-0.3186	0.060499
-0.3184	0.060437
-0.3182	0.060375
-0.3180	0.060313
-0.3178	0.060251
-0.3176	0.060190
-0.3174	0.060129
-0.3172	0.060067
-0.3170	0.060006
-0.3168	0.059945
-0.3166	0.059885
-0.3164	0.059824
-0.3162	0.059764
-0.3160	0.059703
-0.3158	0.059643
-0.3156	0.059583
-0.3154	0.059523
-0.3152	0.059463
-0.3150	0.059404
-0.3148	0.059344
-0.3146	0.059285
-0.3144	0.059225
-0.3142	0.059166
-0.3140	0.059107
-0.3138	0.059049
-0.3136	0.058990
-0.3134	0.058931
-0.3132	0.058873
-0.3130	0.058815
-0.3128	0.058757
-0.3126	0.058699
-0.3124	0.058641
-0.3122	0.058583
-0.3120	0.058525
-0.3118	0.058468
-0.3116	0.058411
-0.3114	0.058353
-0.3112	0.058296
-0.3110	0.058239
-0.3108	0.058183
-0.3106	0.058126
-0.3104	0.058069
-0.3102	0.058013
-0.3100	0.057957
-0.3098	0.057900
-0.3096	0.057844
-0.3094	0.057789
-0.3092	0.057733
-0.3090	0.057677
-0.3088	0.057622
-0.3086	0.057566
-0.3084	0.057511
-0.3082	0.057456
-0.3080	0.057401
-0.3078	0.057346
-0.3076	0.057291
-0.3074	0.057237
-0.3072	0.057182
-0.3070	0.057128
-0.3068	0.057073
-0.3066	0.057019
-0.3064	0.056965
-0.3062	0.056911
-0.3060	0.056858
-0.3058	0.056804
-0.3056	0.056751
-0.3054	0.056697
-0.3052	0.056644
-0.3050	0.056591
-0.3048	0.056538
-0.3046	0.056485
-0.3044	0.056432
-0.3042	0.056379
-0.3040	0.056327
-0.3038	0.056274
-0.3036	0.056222
-0.3034	0.056170
-0.3032	0.056118
-0.3030	0.056066
-0.3028	0.056014
-0.3026	0.055962
-0.3024	0.055910
-0.3022	0.055859
-0.3020	0.055807
-0.3018	0.055756
-0.3016	0.055705
-0.3014	0.055654
-0.3012	0.055603
-0.3010	0.055552
-0.3008	0.055502
-0.3006	0.055451
-0.3004	0.055400
-0.3002	0.055350
-0.3000	0.055300
-0.2998	0.055250
-0.2996	0.055200
-0.2994	0.055150
-0.2992	0.055100
-0.2990	0.055050
-0.2988	0.055001
-0.2986	0.054951
-0.2984	0.054902
-0.2982	0.054852
-0.2980	0.054803
-0.2978	0.054754
-0.2976	0.054705
-0.2974	0.054657
-0.2972	0.054608
-0.2970	0.054559
-0.2968	0.054511
-0.2966	0.054462
-0.2964	0.054414
-0.2962	0.054366
-0.2960	0.054318
-0.2958	0.054270
-0.2956	0.054222
-0.2954	0.054174
-0.2952	0.054126
-0.2950	0.054079
-0.2948	0.054031
-0.2946	0.053984
-0.2944	0.053937
-0.2942	0.053890
-0.2940	0.053843
-0.2938	0.053796
-0.2936	0.053749
-0.2934	0.053702
-0.2932	0.053655
-0.2930	0.053609
-0.2928	0.053563
-0.2926	0.053516
-0.2924	0.053470
-0.2922	0.053424
-0.2920	0.053378
-0.2918	0.053332
-0.2916	0.053286
-0.2914	0.053240
-0.2912	0.053195
-0.2910	0.053149
-0.2908	0.053104
-0.2906	0.053058
-0.2904	0.053013
-0.2902	0.052968
-0.2900	0.052923
-0.2898	0.052878
-0.2896	0.052833
-0.2894	0.052788
-0.2892	0.052744
-0.2890	0.052699
-0.2888	0.052655
-0.2886	0.052610
-0.2884	0.052566
-0.2882	0.052522
-0.2880	0.052478
-0.2878	0.052434
-0.2876	0.052390
-0.2874	0.052346
-0.2872	0.052302
-0.2870	0.052259
-0.2868	0.052215
-0.2866	0.052172
-0.2864	0.052128
-0.2862	0.052085
-0.2860	0.052042
-0.2858	0.051999
-0.2856	0.051956
-0.2854	0.051913
-0.2852	0.051870
-0.2850	0.051828
-0.2848	0.051785
-0.2846	0.051743
-0.2844	0.051700
-0.2842	0.051658
-0.2840	0.051616
-0.2838	0.051573
-0.2836	0.051531
-0.2834	0.051489
-0.2832	0.051447
-0.2830	0.051406
-0.2828	0.051364
-0.2826	0.051322
-0.2824	0.051281
-0.2822	0.051239
-0.2820	0.051198
-0.2818	0.051157
-0.2816	0.051115
-0.2814	0.051074
-0.2812	0.051033
-0.2810	0.050992
-0.2808	0.050952
-0.2806	0.050911
-0.2804	0.050870
-0.2802	0.050830
-0.2800	0.050789
-0.2798	0.050749
-0.2796	0.050708
-0.2794	0.050668
-0.2792	0.050628
-0.2790	0.050588
-0.2788	0.050548
-0.2786	0.050508
-0.2784	0.050468
-0.2782	0.050428
-0.2780	0.050389
-0.2778	0.050349
-0.2776	0.050310
-0.2774	0.050270
-0.2772	0.050231
-0.2770	0.050192
-0.2768	0.050152
-0.2766	0.050113
-0.2764	0.050074
-0.2762	0.050035
-0.2760	0.049996
-0.2758	0.049958
-0.2756	0.049919
-0.2754	0.049880
-0.2752	0.049842
-0.2750	0.049803
-0.2748	0.049765
-0.2746	0.049727
-0.2744	0.049689
-0.2742	0.049650
-0.2740	0.049612
-0.2738	0.049574
-0.2736	0.049536
-0.2734	0.049499
-0.2732	0.049461
-0.2730	0.049423
-0.2728	0.049386
-0.2726	0.049348
-0.2724	0.049311
-0.2722	0.049273
-0.2720	0.049236
-0.2718	0.049199
-0.2716	0.049162
-0.2714	0.049125
-0.2712	0.049088
-0.2710	0.049051
-0.2708	0.049014
-0.2706	0.048977
-0.2704	0.048940
-0.2702	0.048904
-0.2700	0.048867
-0.2698	0.048831
-0.2696	0.048795
-0.2694	0.048758
-0.2692	0.048722
-0.2690	0.048686
-0.2688	0.048650
-0.2686	0.048614
-0.2684	0.048578
-0.2682	0.048542
-0.2680	0.048506
-0.2678	0.048470
-0.2676	0.048435
-0.2674	0.048399
-0.2672	0.048364
-0.2670	0.048328
-0.2668	0.048293
-0.2666	0.048258
-0.2664	0.048222
-0.2662	0.048187
-0.2660	0.048152
-0.2658	0.048117
-0.2656	0.048082
-0.2654	0.048047
-0.2652	0.048013
-0.2650	0.047978
-0.2648	0.047943
-0.2646	0.047909
-0.2644	0.047874
-0.2642	0.047840
-0.2640	0.047805
-0.2638	0.047771
-0.2636	0.047737
-0.2634	0.047703
-0.2632	0.047668
-0.2630	0.047634
-0.2628	0.047600
-0.2626	0.047567
-0.2624	0.047533
-0.2622	0.047499
-0.2620	0.047465
-0.2618	0.047432
-0.2616	0.047398
-0.2614	0.047365
-0.2612	0.047331
-0.2610	0.047298
-0.2608	0.047264
-0.2606	0.047231
-0.2604	0.047198
-0.2602	0.047165
-0.2600	0.047132
-0.2598	0.047099
-0.2596	0.047066
-0.2594	0.047033
-0.2592	0.047000
-0.2590	0.046968
-0.2588	0.046935
-0.2586	0.046903
-0.2584	0.046870
-0.2582	0.046838
-0.2580	0.046805
-0.2578	0.046773
-0.2576	0.046741
-0.2574	0.046708
-0.2572	0.046676
-0.2570	0.046644
-0.2568	0.046612
-0.2566	0.046580
-0.2564	0.046548
-0.2562	0.046517
-0.2560	0.046485
-0.2558	0.046453
-0.2556	0.046422
-0.2554	0.046390
-0.2552	0.046359
-0.2550	0.046327
-0.2548	0.046296
-0.2546	0.046264
-0.2544	0.046233
-0.2542	0.046202
-0.2540	0.046171
-0.2538	0.046140
-0.2536	0.046109
-0.2534	0.046078
-0.2532	0.046047
-0.2530	0.046016
-0.2528	0.045985
-0.2526	0.045955
-0.2524	0.045924
-0.2522	0.045893
-0.2520	0.045863
-0.2518	0.045832
-0.2516	0.045802
-0.2514	0.045772
-0.2512	0.045741
-0.2510	0.045711
-0.2508	0.045681
-0.2506	0.045651
-0.2504	0.045621
-0.2502	0.045591
-0.2500	0.045561
-0.2498	0.045531
-0.2496	0.045501
-0.2494	0.045471
-0.2492	0.045442
-0.2490	0.045412
-0.2488	0.045382
-0.2486	0.045353
-0.2484	0.045323
-0.2482	0.045294
-0.2480	0.045265
-0.2478	0.045235
-0.2476	0.045206
-0.2474	0.045177
-0.2472	0.045148
-0.2470	0.045119
-0.2468	0.045090
-0.2466	0.045061
-0.2464	0.045032
-0.2462	0.045003
-0.2460	0.044974
-0.2458	0.044945
-0.2456	0.044917
-0.2454	0.044888
-0.2452	0.044860
-0.2450	0.044831
-0.2448	0.044803
-0.2446	0.044774
-0.2444	0.044746
-0.2442	0.044718
-0.2440	0.044689
-0.2438	0.044661
-0.2436	0.044633
-0.2434	0.044605
-0.2432	0.044577
-0.2430	0.044549
-0.2428	0.044521
-0.2426	0.044493
-0.2424	0.044465
-0.2422	0.044438
-0.2420	0.044410
-0.2418	0.044382
-0.2416	0.044355
-0.2414	0.044327
-0.2412	0.044300
-0.2410	0.044272
-0.2408	0.044245
-0.2406	0.044217
-0.2404	0.044190
-0.2402	0.044163
-0.2400	0.044136
-0.2398	0.044108
-0.2396	0.044081
-0.2394	0.044054
-0.2392	0.044027
-0.2390	0.044000
-0.2388	0.043974
-0.2386	0.043947
-0.2384	0.043920
-0.2382	0.043893
-0.2380	0.043867
-0.2378	0.043840
-0.2376	0.043813
-0.2374	0.043787
-0.2372	0.043760
-0.2370	0.043734
-0.2368	0.043708
-0.2366	0.043681
-0.2364	0.043655
-0.2362	0.043629
-0.2360	0.043603
-0.2358	0.043577
-0.2356	0.043551
-0.2354	0.043524
-0.2352	0.043499
-0.2350	0.043473
-0.2348	0.043447
-0.2346	0.043421
-0.2344	0.043395
-0.2342	0.043369
-0.2340	0.043344
-0.2338	0.043318
-0.2336	0.043293
-0.2334	0.043267
-0.2332	0.043242
-0.2330	0.043216
-0.2328	0.043191
-0.2326	0.043165
-0.2324	0.043140
-0.2322	0.043115
-0.2320	0.043090
-0.2318	0.043064
-0.2316	0.043039
-0.2314	0.043014
-0.2312	0.042989
-0.2310	0.042964
-0.2308	0.042939
-0.2306	0.042915
-0.2304	0.042890
-0.2302	0.042865
-0.2300	0.042840
-0.2298	0.042816
-0.2296	0.042791
-0.2294	0.042766
-0.2292	0.042742
-0.2290	0.042717
-0.2288	0.042693
-0.2286	0.042669
-0.2284	0.042644
-0.2282	0.042620
-0.2280	0.042596
-0.2278	0.042571
-0.2276	0.042547
-0.2274	0.042523
-0.2272	0.042499
-0.2270	0.042475
-0.2268	0.042451
-0.2266	0.042427
-0.2264	0.042403
-0.2262	0.042379
-0.2260	0.042355
-0.2258	0.042332
-0.2256	0.042308
-0.2254	0.042284
-0.2252	0.042261
-0.2250	0.042237
-0.2248	0.042213
-0.2246	0.042190
-0.2244	0.042167
-0.2242	0.042143
-0.2240	0.042120
-0.2238	0.042096
-0.2236	0.042073
-0.2234	0.042050
-0.2232	0.042027
-0.2230	0.042004
-0.2228	0.041980
-0.2226	0.041957
-0.2224	0.041934
-0.2222	0.041911
-0.2220	0.041888
-0.2218	0.041865
-0.2216	0.041843
-0.2214	0.041820
-0.2212	0.041797
-0.2210	0.041774
-0.2208	0.041752
-0.2206	0.041729
-0.2204	0.041706
-0.2202	0.041684
-0.2200	0.041661
-0.2198	0.041639
-0.2196	0.041616
-0.2194	0.041594
-0.2192	0.041572
-0.2190	0.041549
-0.2188	0.041527
-0.2186	0.041505
-0.2184	0.041483
-0.2182	0.041461
-0.2180	0.041438
-0.2178	0.041416
-0.2176	0.041394
-0.2174	0.041372
-0.2172	0.041350
-0.2170	0.041329
-0.2168	0.041307
-0.2166	0.041285
-0.2164	0.041263
-0.2162	0.041241
-0.2160	0.041220
-0.2158	0.041198
-0.2156	0.041176
-0.2154	0.041155
-0.2152	0.041133
-0.2150	0.041112
-0.2148	0.041090
-0.2146	0.041069
-0.2144	0.041047
-0.2142	0.041026
-0.2140	0.041005
-0.2138	0.040984
-0.2136	0.040962
-0.2134	0.040941
-0.2132	0.040920
-0.2130	0.040899
-0.2128	0.040878
-0.2126	0.040857
-0.2124	0.040836
-0.2122	0.040815
-0.2120	0.040794
-0.2118	0.040773
-0.2116	0.040752
-0.2114	0.040731
-0.2112	0.040711
-0.2110	0.040690
-0.2108	0.040669
-0.2106	0.040649
-0.2104	0.040628
-0.2102	0.040608
-0.2100	0.040587
-0.2098	0.040566
-0.2096	0.040546
-0.2094	0.040526
-0.2092	0.040505
-0.2090	0.040485
-0.2088	0.040465
-0.2086	0.040444
-0.2084	0.040424
-0.2082	0.040404
-0.2080	0.040384
-0.2078	0.040364
-0.2076	0.040344
-0.2074	0.040324
-0.2072	0.040304
-0.2070	0.040284
-0.2068	0.040264
-0.2066	0.040244
-0.2064	0.040224
-0.2062	0.040204
-0.2060	0.040184
-0.2058	0.040164
-0.2056	0.040145
-0.2054	0.040125
-0.2052	0.040105
-0.2050	0.040086
-0.2048	0.040066
-0.2046	0.040047
-0.2044	0.040027
-0.2042	0.040008
-0.2040	0.039988
-0.2038	0.039969
-0.2036	0.039950
-0.2034	0.039930
-0.2032	0.039911
-0.2030	0.039892
-0.2028	0.039873
-0.2026	0.039853
-0.2024	0.039834
-0.2022	0.039815
-0.2020	0.039796
-0.2018	0.039777
-0.2016	0.039758
-0.2014	0.039739
-0.2012	0.039720
-0.2010	0.039701
-0.2008	0.039682
-0.2006	0.039664
-0.2004	0.039645
-0.2002	0.039626
-0.2000	0.039607
-0.1998	0.039589
-0.1996	0.039570
-0.1994	0.039551
-0.1992	0.039533
-0.1990	0.039514
-0.1988	0.039496
-0.1986	0.039477
-0.1984	0.039459
-0.1982	0.039440
-0.1980	0.039422
-0.1978	0.039403
-0.1976	0.039385
-0.1974	0.039367
-0.1972	0.039349
-0.1970	0.039330
-0.1968	0.039312
-0.1966	0.039294
-0.1964	0.039276
-0.1962	0.039258
-0.1960	0.039240
-0.1958	0.039222
-0.1956	0.039204
-0.1954	0.039186
-0.1952	0.039168
-0.1950	0.039150
-0.1948	0.039132
-0.1946	0.039114
-0.1944	0.039097
-0.1942	0.039079
-0.1940	0.039061
-0.1938	0.039043
-0.1936	0.039026
-0.1934	0.039008
-0.1932	0.038991
-0.1930	0.038973
-0.1928	0.038955
-0.1926	0.038938
-0.1924	0.038920
-0.1922	0.038903
-0.1920	0.038886
-0.1918	0.038868
-0.1916	0.038851
-0.1914	0.038834
-0.1912	0.038816
-0.1910	0.038799
-0.1908	0.038782
-0.1906	0.038765
-0.1904	0.038748
-0.1902	0.038730
-0.1900	0.038713
-0.1898	0.038696
-0.1896	0.038679
-0.1894	0.038662
-0.1892	0.038645
-0.1890	0.038628
-0.1888	0.038611
-0.1886	0.038595
-0.1884	0.038578
-0.1882	0.038561
-0.1880	0.038544
-0.1878	0.038527
-0.1876	0.038511
-0.1874	0.038494
-0.1872	0.038477
-0.1870	0.038461
-0.1868	0.038444
-0.1866	0.038428
-0.1864	0.038411
-0.1862	0.038395
-0.1860	0.038378
-0.1858	0.038362
-0.1856	0.038345
-0.1854	0.038329
-0.1852	0.038312
-0.1850	0.038296
-0.1848	0.038280
-0.1846	0.038264
-0.1844	0.038247
-0.1842	0.038231
-0.1840	0.038215
-0.1838	0.038199
-0.1836	0.038183
-0.1834	0.038167
-0.1832	0.038151
-0.1830	0.038135
-0.1828	0.038119
-0.1826	0.038103
-0.1824	0.038087
-0.1822	0.038071
-0.1820	0.038055
-0.1818	0.038039
-0.1816	0.038023
-0.1814	0.038007
-0.1812	0.037992
-0.1810	0.037976
-0.1808	0.037960
-0.1806	0.037945
-0.1804	0.037929
-0.1802	0.037913
-0.1800	0.037898
-0.1798	0.037882
-0.1796	0.037867
-0.1794	0.037851
-0.1792	0.037836
-0.1790	0.037820
-0.1788	0.037805
-0.1786	0.037789
-0.1784	0.037774
-0.1782	0.037759
-0.1780	0.037743
-0.1778	0.037728
-0.1776	0.037713
-0.1774	0.037698
-0.1772	0.037682
-0.1770	0.037667
-0.1768	0.037652
-0.1766	0.037637
-0.1764	0.037622
-0.1762	0.037607
-0.1760	0.037592
-0.1758	0.037577
-0.1756	0.037562
-0.1754	0.037547
-0.1752	0.037532
-0.1750	0.037517
-0.1748	0.037502
-0.1746	0.037487
-0.1744	0.037473
-0.1742	0.037458
-0.1740	0.037443
-0.1738	0.037428
-0.1736	0.037414
-0.1734	0.037399
-0.1732	0.037384
-0.1730	0.037370
-0.1728	0.037355
-0.1726	0.037341
-0.1724	0.037326
-0.1722	0.037311
-0.1720	0.037297
-0.1718	0.037283
-0.1716	0.037268
-0.1714	0.037254
-0.1712	0.037239
-0.1710	0.037225
-0.1708	0.037211
-0.1706	0.037196
-0.1704	0.037182
-0.1702	0.037168
-0.1700	0.037154
-0.1698	0.037139
-0.1696	0.037125
-0.1694	0.037111
-0.1692	0.037097
-0.1690	0.037083
-0.1688	0.037069
-0.1686	0.037055
-0.1684	0.037041
-0.1682	0.037027
-0.1680	0.037013
-0.1678	0.036999
-0.1676	0.036985
-0.1674	0.036971
-0.1672	0.036957
-0.1670	0.036944
-0.1668	0.036930
-0.1666	0.036916
-0.1664	0.036902
-0.1662	0.036888
-0.1660	0.036875
-0.1658	0.036861
-0.1656	0.036847
-0.1654	0.036834
-0.1652	0.036820
-0.1650	0.036807
-0.1648	0.036793
-0.1646	0.036780
-0.1644	0.036766
-0.1642	0.036753
-0.1640	0.036739
-0.1638	0.036726
-0.1636	0.036712
-0.1634	0.036699
-0.1632	0.036686
-0.1630	0.036672
-0.1628	0.036659
-0.1626	0.036646
-0.1624	0.036633
-0.1622	0.036619
-0.1620	0.036606
-0.1618	0.036593
-0.1616	0.036580
-0.1614	0.036567
-0.1612	0.036554
-0.1610	0.036540
-0.1608	0.036527
-0.1606	0.036514
-0.1604	0.036501
-0.1602	0.036488
-0.1600	0.036475
-0.1598	0.036463
-0.1596	0.036450
-0.1594	0.036437
-0.1592	0.036424
-0.1590	0.036411
-0.1588	0.036398
-0.1586	0.036386
-0.1584	0.036373
-0.1582	0.036360
-0.1580	0.036347
-0.1578	0.036335
-0.1576	0.036322
-0.1574	0.036309
-0.1572	0.036297
-0.1570	0.036284
-0.1568	0.036272
-0.1566	0.036259
-0.1564	0.036246
-0.1562	0.036234
-0.1560	0.036222
-0.1558	0.036209
-0.1556	0.036197
-0.1554	0.036184
-0.1552	0.036172
-0.1550	0.036160
-0.1548	0.036147
-0.1546	0.036135
-0.1544	0.036123
-0.1542	0.036110
-0.1540	0.036098
-0.1538	0.036086
-0.1536	0.036074
-0.1534	0.036062
-0.1532	0.036049
-0.1530	0.036037
-0.1528	0.036025
-0.1526	0.036013
-0.1524	0.036001
-0.1522	0.035989
-0.1520	0.035977
-0.1518	0.035965
-0.1516	0.035953
-0.1514	0.035941
-0.1512	0.035929
-0.1510	0.035917
-0.1508	0.035905
-0.1506	0.035894
-0.1504	0.035882
-0.1502	0.035870
-0.1500	0.035858
-0.1498	0.035846
-0.1496	0.035835
-0.1494	0.035823
-0.1492	0.035811
-0.1490	0.035800
-0.1488	0.035788
-0.1486	0.035776
-0.1484	0.035765
-0.1482	0.035753
-0.1480	0.035742
-0.1478	0.035730
-0.1476	0.035719
-0.1474	0.035707
-0.1472	0.035696
-0.1470	0.035684
-0.1468	0.035673
-0.1466	0.035661
-0.1464	0.035650
-0.1462	0.035639
-0.1460	0.035627
-0.1458	0.035616
-0.1456	0.035605
-0.1454	0.035593
-0.1452	0.035582
-0.1450	0.035571
-0.1448	0.035560
-0.1446	0.035549
-0.1444	0.035537
-0.1442	0.035526
-0.1440	0.035515
-0.1438	0.035504
-0.1436	0.035493
-0.1434	0.035482
-0.1432	0.035471
-0.1430	0.035460
-0.1428	0.035449
-0.1426	0.035438
-0.1424	0.035427
-0.1422	0.035416
-0.1420	0.035405
-0.1418	0.035394
-0.1416	0.035383
-0.1414	0.035373
-0.1412	0.035362
-0.1410	0.035351
-0.1408	0.035340
-0.1406	0.035329
-0.1404	0.035319
-0.1402	0.035308
-0.1400	0.035297
-0.1398	0.035287
-0.1396	0.035276
-0.1394	0.035265
-0.1392	0.035255
-0.1390	0.035244
-0.1388	0.035234
-0.1386	0.035223
-0.1384	0.035212
-0.1382	0.035202
-0.1380	0.035191
-0.1378	0.035181
-0.1376	0.035171
-0.1374	0.035160
-0.1372	0.035150
-0.1370	0.035139
-0.1368	0.035129
-0.1366	0.035119
-0.1364	0.035108
-0.1362	0.035098
-0.1360	0.035088
-0.1358	0.035078
-0.1356	0.035067
-0.1354	0.035057
-0.1352	0.035047
-0.1350	0.035037
-0.1348	0.035027
-0.1346	0.035016
-0.1344	0.035006
-0.1342	0.034996
-0.1340	0.034986
-0.1338	0.034976
-0.1336	0.034966
-0.1334	0.034956
-0.1332	0.034946
-0.1330	0.034936
-0.1328	0.034926
-0.1326	0.034916
-0.1324	0.034906
-0.1322	0.034896
-0.1320	0.034886
-0.1318	0.034877
-0.1316	0.034867
-0.1314	0.034857
-0.1312	0.034847
-0.1310	0.034837
-0.1308	0.034828
-0.1306	0.034818
-0.1304	0.034808
-0.1302	0.034798
-0.1300	0.034789
-0.1298	0.034779
-0.1296	0.034770
-0.1294	0.034760
-0.1292	0.034750
-0.1290	0.034741
-0.1288	0.034731
-0.1286	0.034722
-0.1284	0.034712
-0.1282	0.034703
-0.1280	0.034693
-0.1278	0.034684
-0.1276	0.034674
-0.1274	0.034665
-0.1272	0.034655
-0.1270	0.034646
-0.1268	0.034637
-0.1266	0.034627
-0.1264	0.034618
-0.1262	0.034609
-0.1260	0.034599
-0.1258	0.034590
-0.1256	0.034581
-0.1254	0.034572
-0.1252	0.034562
-0.1250	0.034553
-0.1248	0.034544
-0.1246	0.034535
-0.1244	0.034526
-0.1242	0.034517
-0.1240	0.034508
-0.1238	0.034498
-0.1236	0.034489
-0.1234	0.034480
-0.1232	0.034471
-0.1230	0.034462
-0.1228	0.034453
-0.1226	0.034444
-0.1224	0.034435
-0.1222	0.034427
-0.1220	0.034418
-0.1218	0.034409
-0.1216	0.034400
-0.1214	0.034391
-0.1212	0.034382
-0.1210	0.034373
-0.1208	0.034365
-0.1206	0.034356
-0.1204	0.034347
-0.1202	0.034338
-0.1200	0.034330
-0.1198	0.034321
-0.1196	0.034312
-0.1194	0.034303
-0.1192	0.034295
-0.1190	0.034286
-0.1188	0.034278
-0.1186	0.034269
-0.1184	0.034260
-0.1182	0.034252
-0.1180	0.034243
-0.1178	0.034235
-0.1176	0.034226
-0.1174	0.034218
-0.1172	0.034209
-0.1170	0.034201
-0.1168	0.034192
-0.1166	0.034184
-0.1164	0.034176
-0.1162	0.034167
-0.1160	0.034159
-0.1158	0.034151
-0.1156	0.034142
-0.1154	0.034134
-0.1152	0.034126
-0.1150	0.034117
-0.1148	0.034109
-0.1146	0.034101
-0.1144	0.034093
-0.1142	0.034084
-0.1140	0.034076
-0.1138	0.034068
-0.1136	0.034060
-0.1134	0.034052
-0.1132	0.034044
-0.1130	0.034036
-0.1128	0.034028
-0.1126	0.034020
-0.1124	0.034012
-0.1122	0.034003
-0.1120	0.033995
-0.1118	0.033988
-0.1116	0.033980
-0.1114	0.033972
-0.1112	0.033964
-0.1110	0.033956
-0.1108	0.033948
-0.1106	0.033940
-0.1104	0.033932
-0.1102	0.033924
-0.1100	0.033916
-0.1098	0.033909
-0.1096	0.033901
-0.1094	0.033893
-0.1092	0.033885
-0.1090	0.033878
-0.1088	0.033870
-0.1086	0.033862
-0.1084	0.033854
-0.1082	0.033847
-0.1080	0.033839
-0.1078	0.033831
-0.1076	0.033824
-0.1074	0.033816
-0.1072	0.033809
-0.1070	0.033801
-0.1068	0.033794
-0.1066	0.033786
-0.1064	0.033779
-0.1062	0.033771
-0.1060	0.033764
-0.1058	0.033756
-0.1056	0.033749
-0.1054	0.033741
-0.1052	0.033734
-0.1050	0.033726
-0.1048	0.033719
-0.1046	0.033712
-0.1044	0.033704
-0.1042	0.033697
-0.1040	0.033690
-0.1038	0.033682
-0.1036	0.033675
-0.1034	0.033668
-0.1032	0.033661
-0.1030	0.033653
-0.1028	0.033646
-0.1026	0.033639
-0.1024	0.033632
-0.1022	0.033625
-0.1020	0.033617
-0.1018	0.033610
-0.1016	0.033603
-0.1014	0.033596
-0.1012	0.033589
-0.1010	0.033582
-0.1008	0.033575
-0.1006	0.033568
-0.1004	0.033561
-0.1002	0.033554
-0.1000	0.033547
-0.0998	0.033540
-0.0996	0.033533
-0.0994	0.033526
-0.0992	0.033519
-0.0990	0.033512
-0.0988	0.033505
-0.0986	0.033499
-0.0984	0.033492
-0.0982	0.033485
-0.0980	0.033478
-0.0978	0.033471
-0.0976	0.033464
-0.0974	0.033458
-0.0972	0.033451
-0.0970	0.033444
-0.0968	0.033437
-0.0966	0.033431
-0.0964	0.033424
-0.0962	0.033417
-0.0960	0.033411
-0.0958	0.033404
-0.0956	0.033398
-0.0954	0.033391
-0.0952	0.033384
-0.0950	0.033378
-0.0948	0.033371
-0.0946	0.033365
-0.0944	0.033358
-0.0942	0.033352
-0.0940	0.033345
-0.0938	0.033339
-0.0936	0.033332
-0.0934	0.033326
-0.0932	0.033319
-0.0930	0.033313
-0.0928	0.033307
-0.0926	0.033300
-0.0924	0.033294
-0.0922	0.033287
-0.0920	0.033281
-0.0918	0.033275
-0.0916	0.033269
-0.0914	0.033262
-0.0912	0.033256
-0.0910	0.033250
-0.0908	0.033243
-0.0906	0.033237
-0.0904	0.033231
-0.0902	0.033225
-0.0900	0.033219
-0.0898	0.033213
-0.0896	0.033206
-0.0894	0.033200
-0.0892	0.033194
-0.0890	0.033188
-0.0888	0.033182
-0.0886	0.033176
-0.0884	0.033170
-0.0882	0.033164
-0.0880	0.033158
-0.0878	0.033152
-0.0876	0.033146
-0.0874	0.033140
-0.0872	0.033134
-0.0870	0.033128
-0.0868	0.033122
-0.0866	0.033116
-0.0864	0.033110
-0.0862	0.033104
-0.0860	0.033099
-0.0858	0.033093
-0.0856	0.033087
-0.0854	0.033081
-0.0852	0.033075
-0.0850	0.033069
-0.0848	0.033064
-0.0846	0.033058
-0.0844	0.033052
-0.0842	0.033046
-0.0840	0.033041
-0.0838	0.033035
-0.0836	0.033029
-0.0834	0.033024
-0.0832	0.033018
-0.0830	0.033012
-0.0828	0.033007
-0.0826	0.033001
-0.0824	0.032996
-0.0822	0.032990
-0.0820	0.032985
-0.0818	0.032979
-0.0816	0.032973
-0.0814	0.032968
-0.0812	0.032962
-0.0810	0.032957
-0.0808	0.032952
-0.0806	0.032946
-0.0804	0.032941
-0.0802	0.032935
-0.0800	0.032930
-0.0798	0.032924
-0.0796	0.032919
-0.0794	0.032914
-0.0792	0.032908
-0.0790	0.032903
-0.0788	0.032898
-0.0786	0.032892
-0.0784	0.032887
-0.0782	0.032882
-0.0780	0.032877
-0.0778	0.032871
-0.0776	0.032866
-0.0774	0.032861
-0.0772	0.032856
-0.0770	0.032851
-0.0768	0.032845
-0.0766	0.032840
-0.0764	0.032835
-0.0762	0.032830
-0.0760	0.032825
-0.0758	0.032820
-0.0756	0.032815
-0.0754	0.032810
-0.0752	0.032805
-0.0750	0.032800
-0.0748	0.032795
-0.0746	0.032790
-0.0744	0.032785
-0.0742	0.032780
-0.0740	0.032775
-0.0738	0.032770
-0.0736	0.032765
-0.0734	0.032760
-0.0732	0.032755
-0.0730	0.032750
-0.0728	0.032745
-0.0726	0.032740
-0.0724	0.032736
-0.0722	0.032731
-0.0720	0.032726
-0.0718	0.032721
-0.0716	0.032716
-0.0714	0.032712
-0.0712	0.032707
-0.0710	0.032702
-0.0708	0.032697
-0.0706	0.032693
-0.0704	0.032688
-0.0702	0.032683
-0.0700	0.032679
-0.0698	0.032674
-0.0696	0.032669
-0.0694	0.032665
-0.0692	0.032660
-0.0690	0.032656
-0.0688	0.032651
-0.0686	0.032646
-0.0684	0.032642
-0.0682	0.032637
-0.0680	0.032633
-0.0678	0.032628
-0.0676	0.032624
-0.0674	0.032619
-0.0672	0.032615
-0.0670	0.032610
-0.0668	0.032606
-0.0666	0.032602
-0.0664	0.032597
-0.0662	0.032593
-0.0660	0.032588
-0.0658	0.032584
-0.0656	0.032580
-0.0654	0.032575
-0.0652	0.032571
-0.0650	0.032567
-0.0648	0.032562
-0.0646	0.032558
-0.0644	0.032554
-0.0642	0.032550
-0.0640	0.032545
-0.0638	0.032541
-0.0636	0.032537
-0.0634	0.032533
-0.0632	0.032529
-0.0630	0.032524
-0.0628	0.032520
-0.0626	0.032516
-0.0624	0.032512
-0.0622	0.032508
-0.0620	0.032504
-0.0618	0.032500
-0.0616	0.032496
-0.0614	0.032492
-0.0612	0.032488
-0.0610	0.032484
-0.0608	0.032480
-0.0606	0.032476
-0.0604	0.032472
-0.0602	0.032468
-0.0600	0.032464
-0.0598	0.032460
-0.0596	0.032456
-0.0594	0.032452
-0.0592	0.032448
-0.0590	0.032444
-0.0588	0.032440
-0.0586	0.032436
-0.0584	0.032433
-0.0582	0.032429
-0.0580	0.032425
-0.0578	0.032421
-0.0576	0.032417
-0.0574	0.032414
-0.0572	0.032410
-0.0570	0.032406
-0.0568	0.032402
-0.0566	0.032399
-0.0564	0.032395
-0.0562	0.032391
-0.0560	0.032388
-0.0558	0.032384
-0.0556	0.032380
-0.0554	0.032377
-0.0552	0.032373
-0.0550	0.032369
-0.0548	0.032366
-0.0546	0.032362
-0.0544	0.032359
-0.0542	0.032355
-0.0540	0.032352
-0.0538	0.032348
-0.0536	0.032345
-0.0534	0.032341
-0.0532	0.032338
-0.0530	0.032334
-0.0528	0.032331
-0.0526	0.032327
-0.0524	0.032324
-0.0522	0.032320
-0.0520	0.032317
-0.0518	0.032314
-0.0516	0.032310
-0.0514	0.032307
-0.0512	0.032304
-0.0510	0.032300
-0.0508	0.032297
-0.0506	0.032294
-0.0504	0.032290
-0.0502	0.032287
-0.0500	0.032284
-0.0498	0.032281
-0.0496	0.032277
-0.0494	0.032274
-0.0492	0.032271
-0.0490	0.032268
-0.0488	0.032265
-0.0486	0.032261
-0.0484	0.032258
-0.0482	0.032255
-0.0480	0.032252
-0.0478	0.032249
-0.0476	0.032246
-0.0474	0.032243
-0.0472	0.032240
-0.0470	0.032236
-0.0468	0.032233
-0.0466	0.032230
-0.0464	0.032227
-0.0462	0.032224
-0.0460	0.032221
-0.0458	0.032218
-0.0456	0.032215
-0.0454	0.032213
-0.0452	0.032210
-0.0450	0.032207
-0.0448	0.032204
-0.0446	0.032201
-0.0444	0.032198
-0.0442	0.032195
-0.0440	0.032192
-0.0438	0.032189
-0.0436	0.032187
-0.0434	0.032184
-0.0432	0.032181
-0.0430	0.032178
-0.0428	0.032175
-0.0426	0.032173
-0.0424	0.032170
-0.0422	0.032167
-0.0420	0.032164
-0.0418	0.032162
-0.0416	0.032159
-0.0414	0.032156
-0.0412	0.032154
-0.0410	0.032151
-0.0408	0.032148
-0.0406	0.032146
-0.0404	0.032143
-0.0402	0.032140
-0.0400	0.032138
-0.0398	0.032135
-0.0396	0.032133
-0.0394	0.032130
-0.0392	0.032128
-0.0390	0.032125
-0.0388	0.032123
-0.0386	0.032120
-0.0384	0.032118
-0.0382	0.032115
-0.0380	0.032113
-0.0378	0.032110
-0.0376	0.032108
-0.0374	0.032105
-0.0372	0.032103
-0.0370	0.032101
-0.0368	0.032098
-0.0366	0.032096
-0.0364	0.032094
-0.0362	0.032091
-0.0360	0.032089
-0.0358	0.032087
-0.0356	0.032084
-0.0354	0.032082
-0.0352	0.032080
-0.0350	0.032077
-0.0348	0.032075
-0.0346	0.032073
-0.0344	0.032071
-0.0342	0.032069
-0.0340	0.032066
-0.0338	0.032064
-0.0336	0.032062
-0.0334	0.032060
-0.0332	0.032058
-0.0330	0.032056
-0.0328	0.032053
-0.0326	0.032051
-0.0324	0.032049
-0.0322	0.032047
-0.0320	0.032045
-0.0318	0.032043
-0.0316	0.032041
-0.0314	0.032039
-0.0312	0.032037
-0.0310	0.032035
-0.0308	0.032033
-0.0306	0.032031
-0.0304	0.032029
-0.0302	0.032027
-0.0300	0.032025
-0.0298	0.032023
-0.0296	0.032021
-0.0294	0.032020
-0.0292	0.032018
-0.0290	0.032016
-0.0288	0.032014
-0.0286	0.032012
-0.0284	0.032010
-0.0282	0.032008
-0.0280	0.032007
-0.0278	0.032005
-0.0276	0.032003
-0.0274	0.032001
-0.0272	0.032000
-0.0270	0.031998
-0.0268	0.031996
-0.0266	0.031994
-0.0264	0.031993
-0.0262	0.031991
-0.0260	0.031989
-0.0258	0.031988
-0.0256	0.031986
-0.0254	0.031984
-0.0252	0.031983
-0.0250	0.031981
-0.0248	0.031980
-0.0246	0.031978
-0.0244	0.031976
-0.0242	0.031975
-0.0240	0.031973
-0.0238	0.031972
-0.0236	0.031970
-0.0234	0.031969
-0.0232	0.031967
-0.0230	0.031966
-0.0228	0.031964
-0.0226	0.031963
-0.0224	0.031961
-0.0222	0.031960
-0.0220	0.031959
-0.0218	0.031957
-0.0216	0.031956
-0.0214	0.031954
-0.0212	0.031953
-0.0210	0.031952
-0.0208	0.031950
-0.0206	0.031949
-0.0204	0.031948
-0.0202	0.031946
-0.0200	0.031945
-0.0198	0.031944
-0.0196	0.031943
-0.0194	0.031941
-0.0192	0.031940
-0.0190	0.031939
-0.0188	0.031938
-0.0186	0.031937
-0.0184	0.031935
-0.0182	0.031934
-0.0180	0.031933
-0.0178	0.031932
-0.0176	0.031931
-0.0174	0.031930
-0.0172	0.031929
-0.0170	0.031927
-0.0168	0.031926
-0.0166	0.031925
-0.0164	0.031924
-0.0162	0.031923
-0.0160	0.031922
-0.0158	0.031921
-0.0156	0.031920
-0.0154	0.031919
-0.0152	0.031918
-0.0150	0.031917
-0.0148	0.031916
-0.0146	0.031915
-0.0144	0.031914
-0.0142	0.031914
-0.0140	0.031913
-0.0138	0.031912
-0.0136	0.031911
-0.0134	0.031910
-0.0132	0.031909
-0.0130	0.031908
-0.0128	0.031908
-0.0126	0.031907
-0.0124	0.031906
-0.0122	0.031905
-0.0120	0.031904
-0.0118	0.031904
-0.0116	0.031903
-0.0114	0.031902
-0.0112	0.031901
-0.0110	0.031901
-0.0108	0.031900
-0.0106	0.031899
-0.0104	0.031899
-0.0102	0.031898
-0.0100	0.031897
-0.0098	0.031897
-0.0096	0.031896
-0.0094	0.031895
-0.0092	0.031895
-0.0090	0.031894
-0.0088	0.031894
-0.0086	0.031893
-0.0084	0.031893
-0.0082	0.031892
-0.0080	0.031892
-0.0078	0.031891
-0.0076	0.031891
-0.0074	0.031890
-0.0072	0.031890
-0.0070	0.031889
-0.0068	0.031889
-0.0066	0.031888
-0.0064	0.031888
-0.0062	0.031888
-0.0060	0.031887
-0.0058	0.031887
-0.0056	0.031886
-0.0054	0.031886
-0.0052	0.031886
-0.0050	0.031885
-0.0048	0.031885
-0.0046	0.031885
-0.0044	0.031885
-0.0042	0.031884
-0.0040	0.031884
-0.0038	0.031884
-0.0036	0.031883
-0.0034	0.031883
-0.0032	0.031883
-0.0030	0.031883
-0.0028	0.031883
-0.0026	0.031883
-0.0024	0.031882
-0.0022	0.031882
-0.0020	0.031882
-0.0018	0.031882
-0.0016	0.031882
-0.0014	0.031882
-0.0012	0.031882
-0.0010	0.031882
-0.0008	0.031882
-0.0006	0.031881
-0.0004	0.031881
-0.0002	0.031881
-0.0000	0.031881
0.0002	0.031881
0.0004	0.031881
0.0006	0.031881
0.0008	0.031882
0.0010	0.031882
0.0012	0.031882
0.0014	0.031882
0.0016	0.031882
0.0018	0.031882
0.0020	0.031882
0.0022	0.031882
0.0024	0.031882
0.0026	0.031883
0.0028	0.031883
0.0030	0.031883
0.0032	0.031883
0.0034	0.031883
0.0036	0.031883
0.0038	0.031884
0.0040	0.031884
0.0042	0.031884
0.0044	0.031885
0.0046	0.031885
0.0048	0.031885
0.0050	0.031885
0.0052	0.031886
0.0054	0.031886
0.0056	0.031886
0.0058	0.031887
0.0060	0.031887
0.0062	0.031888
0.0064	0.031888
0.0066	0.031888
0.0068	0.031889
0.0070	0.031889
0.0072	0.031890
0.0074	0.031890
0.0076	0.031891
0.0078	0.031891
0.0080	0.031892
0.0082	0.031892
0.0084	0.031893
0.0086	0.031893
0.0088	0.031894
0.0090	0.031894
0.0092	0.031895
0.0094	0.031895
0.0096	0.031896
0.0098	0.031897
0.0100	0.031897
0.0102	0.031898
0.0104	0.031899
0.0106	0.031899
0.0108	0.031900
0.0110	0.031901
0.0112	0.031901
0.0114	0.031902
0.0116	0.031903
0.0118	0.031904
0.0120	0.031904
0.0122	0.031905
0.0124	0.031906
0.0126	0.031907
0.0128	0.031908
0.0130	0.031908
0.0132	0.031909
0.0134	0.031910
0.0136	0.031911
0.0138	0.031912
0.0140	0.031913
0.0142	0.031914
0.0144	0.031914
0.0146	0.031915
0.0148	0.031916
0.0150	0.031917
0.0152	0.031918
0.0154	0.031919
0.0156	0.031920
0.0158	0.031921
0.0160	0.031922
0.0162	0.031923
0.0164	0.031924
0.0166	0.031925
0.0168	0.031926
0.0170	0.031927
0.0172	0.031929
0.0174	0.031930
0.0176	0.031931
0.0178	0.031932
0.0180	0.031933
0.0182	0.031934
0.0184	0.031935
0.0186	0.031937
0.0188	0.031938
0.0190	0.031939
0.0192	0.031940
0.0194	0.031941
0.0196	0.031943
0.0198	0.031944
0.0200	0.031945
0.0202	0.031946
0.0204	0.031948
0.0206	0.031949
0.0208	0.031950
0.0210	0.031952
0.0212	0.031953
0.0214	0.031954
0.0216	0.031956
0.0218	0.031957
0.0220	0.031959
0.0222	0.031960
0.0224	0.031961
0.0226	0.031963
0.0228	0.031964
0.0230	0.031966
0.0232	0.031967
0.0234	0.031969
0.0236	0.031970
0.0238	0.031972
0.0240	0.031973
0.0242	0.031975
0.0244	0.031976
0.0246	0.031978
0.0248	0.031980
0.0250	0.031981
0.0252	0.031983
0.0254	0.031984
0.0256	0.031986
0.0258	0.031988
0.0260	0.031989
0.0262	0.031991
0.0264	0.031993
0.0266	0.031994
0.0268	0.031996
0.0270	0.031998
0.0272	0.032000
0.0274	0.032001
0.0276	0.032003
0.0278	0.032005
0.0280	0.032007
0.0282	0.032008
0.0284	0.032010
0.0286	0.032012
0.0288	0.032014
0.0290	0.032016
0.0292	0.032018
0.0294	0.032020
0.0296	0.032021
0.0298	0.032023
0.0300	0.032025
0.0302	0.032027
0.0304	0.032029
0.0306	0.032031
0.0308	0.032033
0.0310	0.032035
0.0312	0.032037
0.0314	0.032039
0.0316	0.032041
0.0318	0.032043
0.0320	0.032045
0.0322	0.032047
0.0324	0.032049
0.0326	0.032051
0.0328	0.032053
0.0330	0.032056
0.0332	0.032058
0.0334	0.032060
0.0336	0.032062
0.0338	0.032064
0.0340	0.032066
0.0342	0.032069
0.0344	0.032071
0.0346	0.032073
0.0348	0.032075
0.0350	0.032077
0.0352	0.032080
0.0354	0.032082
0.0356	0.032084
0.0358	0.032087
0.0360	0.032089
0.0362	0.032091
0.0364	0.032094
0.0366	0.032096
0.0368	0.032098
0.0370	0.032101
0.0372	0.032103
0.0374	0.032105
0.0376	0.032108
0.0378	0.032110
0.0380	0.032113
0.0382	0.032115
0.0384	0.032118
0.0386	0.032120
0.0388	0.032123
0.0390	0.032125
0.0392	0.032128
0.0394	0.032130
0.0396	0.032133
0.0398	0.032135
0.0400	0.032138
0.0402	0.032140
0.0404	0.032143
0.0406	0.032146
0.0408	0.032148
0.0410	0.032151
0.0412	0.032154
0.0414	0.032156
0.0416	0.032159
0.0418	0.032162
0.0420	0.032164
0.0422	0.032167
0.0424	0.032170
0.0426	0.032173
0.0428	0.032175
0.0430	0.032178
0.0432	0.032181
0.0434	0.032184
0.0436	0.032187
0.0438	0.032189
0.0440	0.032192
0.0442	0.032195
0.0444	0.032198
0.0446	0.032201
0.0448	0.032204
0.0450	0.032207
0.0452	0.032210
0.0454	0.032213
0.0456	0.032215
0.0458	0.032218
0.0460	0.032221
0.0462	0.032224
0.0464	0.032227
0.0466	0.032230
0.0468	0.032233
0.0470	0.032236
0.0472	0.032240
0.0474	0.032243
0.0476	0.032246
0.0478	0.032249
0.0480	0.032252
0.0482	0.032255
0.0484	0.032258
0.0486	0.032261
0.0488	0.032265
0.0490	0.032268
0.0492	0.032271
0.0494	0.032274
0.0496	0.032277
0.0498	0.032281
0.0500	0.032284
0.0502	0.032287
0.0504	0.032290
0.0506	0.032294
0.0508	0.032297
0.0510	0.032300
0.0512	0.032304
0.0514	0.032307
0.0516	0.032310
0.0518	0.032314
0.0520	0.032317
0.0522	0.032320
0.0524	0.032324
0.0526	0.032327
0.0528	0.032331
0.0530	0.032334
0.0532	0.032338
0.0534	0.032341
0.0536	0.032345
0.0538	0.032348
0.0540	0.032352
0.0542	0.032355
0.0544	0.032359
0.0546	0.032362
0.0548	0.032366
0.0550	0.032369
0.0552	0.032373
0.0554	0.032377
0.0556	0.032380
0.0558	0.032384
0.0560	0.032388
0.0562	0.032391
0.0564	0.032395
0.0566	0.032399
0.0568	0.032402
0.0570	0.032406
0.0572	0.032410
0.0574	0.032414
0.0576	0.032417
0.0578	0.032421
0.0580	0.032425
0.0582	0.032429
0.0584	0.032433
0.0586	0.032436
0.0588	0.032440
0.0590	0.032444
0.0592	0.032448
0.0594	0.032452
0.0596	0.032456
0.0598	0.032460
0.0600	0.032464
0.0602	0.032468
0.0604	0.032472
0.0606	0.032476
0.0608	0.032480
0.0610	0.032484
0.0612	0.032488
0.0614	0.032492
0.0616	0.032496
0.0618	0.032500
0.0620	0.032504
0.0622	0.032508
0.0624	0.032512
0.0626	0.032516
0.0628	0.032520
0.0630	0.032524
0.0632	0.032529
0.0634	0.032533
0.0636	0.032537
0.0638	0.032541
0.0640	0.032545
0.0642	0.032550
0.0644	0.032554
0.0646	0.032558
0.0648	0.032562
0.0650	0.032567
0.0652	0.032571
0.0654	0.032575
0.0656	0.032580
0.0658	0.032584
0.0660	0.032588
0.0662	0.032593
0.0664	0.032597
0.0666	0.032602
0.0668	0.032606
0.0670	0.032610
0.0672	0.032615
0.0674	0.032619
0.0676	0.032624
0.0678	0.032628
0.0680	0.032633
0.0682	0.032637
0.0684	0.032642
0.0686	0.032646
0.0688	0.032651
0.0690	0.032656
0.0692	0.032660
0.0694	0.032665
0.0696	0.032669
0.0698	0.032674
0.0700	0.032679
0.0702	0.032683
0.0704	0.032688
0.0706	0.032693
0.0708	0.032697
0.0710	0.032702
0.0712	0.032707
0.0714	0.032712
0.0716	0.032716
0.0718	0.032721
0.0720	0.032726
0.0722	0.032731
0.0724	0.032736
0.0726	0.032740
0.0728	0.032745
0.0730	0.032750
0.0732	0.032755
0.0734	0.032760
0.0736	0.032765
0.0738	0.032770
0.0740	0.032775
0.0742	0.032780
0.0744	0.032785
0.0746	0.032790
0.0748	0.032795
0.0750	0.032800
0.0752	0.032805
0.0754	0.032810
0.0756	0.032815
0.0758	0.032820
0.0760	0.032825
0.0762	0.032830
0.0764	0.032835
0.0766	0.032840
0.0768	0.032845
0.0770	0.032851
0.0772	0.032856
0.0774	0.032861
0.0776	0.032866
0.0778	0.032871
0.0780	0.032877
0.0782	0.032882
0.0784	0.032887
0.0786	0.032892
0.0788	0.032898
0.0790	0.032903
0.0792	0.032908
0.0794	0.032914
0.0796	0.032919
0.0798	0.032924
0.0800	0.032930
0.0802	0.032935
0.0804	0.032941
0.0806	0.032946
0.0808	0.032952
0.0810	0.032957
0.0812	0.032962
0.0814	0.032968
0.0816	0.032973
0.0818	0.032979
0.0820	0.032985
0.0822	0.032990
0.0824	0.032996
0.0826	0.033001
0.0828	0.033007
0.0830	0.033012
0.0832	0.033018
0.0834	0.033024
0.0836	0.033029
0.0838	0.033035
0.0840	0.033041
0.0842	0.033046
0.0844	0.033052
0.0846	0.033058
0.0848	0.033064
0.0850	0.033069
0.0852	0.033075
0.0854	0.033081
0.0856	0.033087
0.0858	0.033093
0.0860	0.033099
0.0862	0.033104
0.0864	0.033110
0.0866	0.033116
0.0868	0.033122
0.0870	0.033128
0.0872	0.033134
0.0874	0.033140
0.0876	0.033146
0.0878	0.033152
0.0880	0.033158
0.0882	0.033164
0.0884	0.033170
0.0886	0.033176
0.0888	0.033182
0.0890	0.033188
0.0892	0.033194
0.0894	0.033200
0.0896	0.033206
0.0898	0.033213
0.0900	0.033219
0.0902	0.033225
0.0904	0.033231
0.0906	0.033237
0.0908	0.033243
0.0910	0.033250
0.0912	0.033256
0.0914	0.033262
0.0916	0.033269
0.0918	0.033275
0.0920	0.033281
0.0922	0.033287
0.0924	0.033294
0.0926	0.033300
0.0928	0.033307
0.0930	0.033313
0.0932	0.033319
0.0934	0.033326
0.0936	0.033332
0.0938	0.033339
0.0940	0.033345
0.0942	0.033352
0.0944	0.033358
0.0946	0.033365
0.0948	0.033371
0.0950	0.033378
0.0952	0.033384
0.0954	0.033391
0.0956	0.033398
0.0958	0.033404
0.0960	0.033411
0.0962	0.033417
0.0964	0.033424
0.0966	0.033431
0.0968	0.033437
0.0970	0.033444
0.0972	0.033451
0.0974	0.033458
0.0976	0.033464
0.0978	0.033471
0.0980	0.033478
0.0982	0.033485
0.0984	0.033492
0.0986	0.033499
0.0988	0.033505
0.0990	0.033512
0.0992	0.033519
0.0994	0.033526
0.0996	0.033533
0.0998	0.033540
0.1000	0.033547
0.1002	0.033554
0.1004	0.033561
0.1006	0.033568
0.1008	0.033575
0.1010	0.033582
0.1012	0.033589
0.1014	0.033596
0.1016	0.033603
0.1018	0.033610
0.1020	0.033617
0.1022	0.033625
0.1024	0.033632
0.1026	0.033639
0.1028	0.033646
0.1030	0.033653
0.1032	0.033661
0.1034	0.033668
0.1036	0.033675
0.1038	0.033682
0.1040	0.033690
0.1042	0.033697
0.1044	0.033704
0.1046	0.033712
0.1048	0.033719
0.1050	0.033726
0.1052	0.033734
0.1054	0.033741
0.1056	0.033749
0.1058	0.033756
0.1060	0.033764
0.1062	0.033771
0.1064	0.033779
0.1066	0.033786
0.1068	0.033794
0.1070	0.033801
0.1072	0.033809
0.1074	0.033816
0.1076	0.033824
0.1078	0.033831
0.1080	0.033839
0.1082	0.033847
0.1084	0.033854
0.1086	0.033862
0.1088	0.033870
0.1090	0.033878
0.1092	0.033885
0.1094	0.033893
0.1096	0.033901
0.1098	0.033909
0.1100	0.033916
0.1102	0.033924
0.1104	0.033932
0.1106	0.033940
0.1108	0.033948
0.1110	0.033956
0.1112	0.033964
0.1114	0.033972
0.1116	0.033980
0.1118	0.033988
0.1120	0.033995
0.1122	0.034003
0.1124	0.034012
0.1126	0.034020
0.1128	0.034028
0.1130	0.034036
0.1132	0.034044
0.1134	0.034052
0.1136	0.034060
0.1138	0.034068
0.1140	0.034076
0.1142	0.034084
0.1144	0.034093
0.1146	0.034101
0.1148	0.034109
0.1150	0.034117
0.1152	0.034126
0.1154	0.034134
0.1156	0.034142
0.1158	0.034151
0.1160	0.034159
0.1162	0.034167
0.1164	0.034176
0.1166	0.034184
0.1168	0.034192
0.1170	0.034201
0.1172	0.034209
0.1174	0.034218
0.1176	0.034226
0.1178	0.034235
0.1180	0.034243
0.1182	0.034252
0.1184	0.034260
0.1186	0.034269
0.1188	0.034278
0.1190	0.034286
0.1192	0.034295
0.1194	0.034303
0.1196	0.034312
0.1198	0.034321
0.1200	0.034330
0.1202	0.034338
0.1204	0.034347
0.1206	0.034356
0.1208	0.034365
0.1210	0.034373
0.1212	0.034382
0.1214	0.034391
0.1216	0.034400
0.1218	0.034409
0.1220	0.034418
0.1222	0.034427
0.1224	0.034435
0.1226	0.034444
0.1228	0.034453
0.1230	0.034462
0.1232	0.034471
0.1234	0.034480
0.1236	0.034489
0.1238	0.034498
0.1240	0.034508
0.1242	0.034517
0.1244	0.034526
0.1246	0.034535
0.1248	0.034544
0.1250	0.034553
0.1252	0.034562
0.1254	0.034572
0.1256	0.034581
0.1258	0.034590
0.1260	0.034599
0.1262	0.034609
0.1264	0.034618
0.1266	0.034627
0.1268	0.034637
0.1270	0.034646
0.1272	0.034655
0.1274	0.034665
0.1276	0.034674
0.1278	0.034684
0.1280	0.034693
0.1282	0.034703
0.1284	0.034712
0.1286	0.034722
0.1288	0.034731
0.1290	0.034741
0.1292	0.034750
0.1294	0.034760
0.1296	0.034770
0.1298	0.034779
0.1300	0.034789
0.1302	0.034798
0.1304	0.034808
0.1306	0.034818
0.1308	0.034828
0.1310	0.034837
0.1312	0.034847
0.1314	0.034857
0.1316	0.034867
0.1318	0.034877
0.1320	0.034886
0.1322	0.034896
0.1324	0.034906
0.1326	0.034916
0.1328	0.034926
0.1330	0.034936
0.1332	0.034946
0.1334	0.034956
0.1336	0.034966
0.1338	0.034976
0.1340	0.034986
0.1342	0.034996
0.1344	0.035006
0.1346	0.035016
0.1348	0.035027
0.1350	0.035037
0.1352	0.035047
0.1354	0.035057
0.1356	0.035067
0.1358	0.035078
0.1360	0.035088
0.1362	0.035098
0.1364	0.035108
0.1366	0.035119
0.1368	0.035129
0.1370	0.035139
0.1372	0.035150
0.1374	0.035160
0.1376	0.035171
0.1378	0.035181
0.1380	0.035191
0.1382	0.035202
0.1384	0.035212
0.1386	0.035223
0.1388	0.035234
0.1390	0.035244
0.1392	0.035255
0.1394	0.035265
0.1396	0.035276
0.1398	0.035287
0.1400	0.035297
0.1402	0.035308
0.1404	0.035319
0.1406	0.035329
0.1408	0.035340
0.1410	0.035351
0.1412	0.035362
0.1414	0.035373
0.1416	0.035383
0.1418	0.035394
0.1420	0.035405
0.1422	0.035416
0.1424	0.035427
0.1426	0.035438
0.1428	0.035449
0.1430	0.035460
0.1432	0.035471
0.1434	0.035482
0.1436	0.035493
0.1438	0.035504
0.1440	0.035515
0.1442	0.035526
0.1444	0.035537
0.1446	0.035549
0.1448	0.035560
0.1450	0.035571
0.1452	0.035582
0.1454	0.035593
0.1456	0.035605
0.1458	0.035616
0.1460	0.035627
0.1462	0.035639
0.1464	0.035650
0.1466	0.035661
0.1468	0.035673
0.1470	0.035684
0.1472	0.035696
0.1474	0.035707
0.1476	0.035719
0.1478	0.035730
0.1480	0.035742
0.1482	0.035753
0.1484	0.035765
0.1486	0.035776
0.1488	0.035788
0.1490	0.035800
0.1492	0.035811
0.1494	0.035823
0.1496	0.035835
0.1498	0.035846
0.1500	0.035858
0.1502	0.035870
0.1504	0.035882
0.1506	0.035894
0.1508	0.035905
0.1510	0.035917
0.1512	0.035929
0.1514	0.035941
0.1516	0.035953
0.1518	0.035965
0.1520	0.035977
0.1522	0.035989
0.1524	0.036001
0.1526	0.036013
0.1528	0.036025
0.1530	0.036037
0.1532	0.036049
0.1534	0.036062
0.1536	0.036074
0.1538	0.036086
0.1540	0.036098
0.1542	0.036110
0.1544	0.036123
0.1546	0.036135
0.1548	0.036147
0.1550	0.036160
0.1552	0.036172
0.1554	0.036184
0.1556	0.036197
0.1558	0.036209
0.1560	0.036222
0.1562	0.036234
0.1564	0.036246
0.1566	0.036259
0.1568	0.036272
0.1570	0.036284
0.1572	0.036297
0.1574	0.036309
0.1576	0.036322
0.1578	0.036335
0.1580	0.036347
0.1582	0.036360
0.1584	0.036373
0.1586	0.036386
0.1588	0.036398
0.1590	0.036411
0.1592	0.036424
0.1594	0.036437
0.1596	0.036450
0.1598	0.036463
0.1600	0.036475
0.1602	0.036488
0.1604	0.036501
0.1606	0.036514
0.1608	0.036527
0.1610	0.036540
0.1612	0.036554
0.1614	0.036567
0.1616	0.036580
0.1618	0.036593
0.1620	0.036606
0.1622	0.036619
0.1624	0.036633
0.1626	0.036646
0.1628	0.036659
0.1630	0.036672
0.1632	0.036686
0.1634	0.036699
0.1636	0.036712
0.1638	0.036726
0.1640	0.036739
0.1642	0.036753
0.1644	0.036766
0.1646	0.036780
0.1648	0.036793
0.1650	0.036807
0.1652	0.036820
0.1654	0.036834
0.1656	0.036847
0.1658	0.036861
0.1660	0.036875
0.1662	0.036888
0.1664	0.036902
0.1666	0.036916
0.1668	0.036930
0.1670	0.036944
0.1672	0.036957
0.1674	0.036971
0.1676	0.036985
0.1678	0.036999
0.1680	0.037013
0.1682	0.037027
0.1684	0.037041
0.1686	0.037055
0.1688	0.037069
0.1690	0.037083
0.1692	0.037097
0.1694	0.037111
0.1696	0.037125
0.1698	0.037139
0.1700	0.037154
0.1702	0.037168
0.1704	0.037182
0.1706	0.037196
0.1708	0.037211
0.1710	0.037225
0.1712	0.037239
0.1714	0.037254
0.1716	0.037268
0.1718	0.037283
0.1720	0.037297
0.1722	0.037311
0.1724	0.037326
0.1726	0.037341
0.1728	0.037355
0.1730	0.037370
0.1732	0.037384
0.1734	0.037399
0.1736	0.037414
0.1738	0.037428
0.1740	0.037443
0.1742	0.037458
0.1744	0.037473
0.1746	0.037487
0.1748	0.037502
0.1750	0.037517
0.1752	0.037532
0.1754	0.037547
0.1756	0.037562
0.1758	0.037577
0.1760	0.037592
0.1762	0.037607
0.1764	0.037622
0.1766	0.037637
0.1768	0.037652
0.1770	0.037667
0.1772	0.037682
0.1774	0.037698
0.1776	0.037713
0.1778	0.037728
0.1780	0.037743
0.1782	0.037759
0.1784	0.037774
0.1786	0.037789
0.1788	0.037805
0.1790	0.037820
0.1792	0.037836
0.1794	0.037851
0.1796	0.037867
0.1798	0.037882
0.1800	0.037898
0.1802	0.037913
0.1804	0.037929
0.1806	0.037945
0.1808	0.037960
0.1810	0.037976
0.1812	0.037992
0.1814	0.038007
0.1816	0.038023
0.1818	0.038039
0.1820	0.038055
0.1822	0.038071
0.1824	0.038087
0.1826	0.038103
0.1828	0.038119
0.1830	0.038135
0.1832	0.038151
0.1834	0.038167
0.1836	0.038183
0.1838	0.038199
0.1840	0.038215
0.1842	0.038231
0.1844	0.038247
0.1846	0.038264
0.1848	0.038280
0.1850	0.038296
0.1852	0.038312
0.1854	0.038329
0.1856	0.038345
0.1858	0.038362
0.1860	0.038378
0.1862	0.038395
0.1864	0.038411
0.1866	0.038428
0.1868	0.038444
0.1870	0.038461
0.1872	0.038477
0.1874	0.038494
0.1876	0.038511
0.1878	0.038527
0.1880	0.038544
0.1882	0.038561
0.1884	0.038578
0.1886	0.038595
0.1888	0.038611
0.1890	0.038628
0.1892	0.038645
0.1894	0.038662
0.1896	0.038679
0.1898	0.038696
0.1900	0.038713
0.1902	0.038730
0.1904	0.038748
0.1906	0.038765
0.1908	0.038782
0.1910	0.038799
0.1912	0.038816
0.1914	0.038834
0.1916	0.038851
0.1918	0.038868
0.1920	0.038886
0.1922	0.038903
0.1924	0.038920
0.1926	0.038938
0.1928	0.038955
0.1930	0.038973
0.1932	0.038991
0.1934	0.039008
0.1936	0.039026
0.1938	0.039043
0.1940	0.039061
0.1942	0.039079
0.1944	0.039097
0.1946	0.039114
0.1948	0.039132
0.1950	0.039150
0.1952	0.039168
0.1954	0.039186
0.1956	0.039204
0.1958	0.039222
0.1960	0.039240
0.1962	0.039258
0.1964	0.039276
0.1966	0.039294
0.1968	0.039312
0.1970	0.039330
0.1972	0.039349
0.1974	0.039367
0.1976	0.039385
0.1978	0.039403
0.1980	0.039422
0.1982	0.039440
0.1984	0.039459
0.1986	0.039477
0.1988	0.039496
0.1990	0.039514
0.1992	0.039533
0.1994	0.039551
0.1996	0.039570
0.1998	0.039589
0.2000	0.039607
0.2002	0.039626
0.2004	0.039645
0.2006	0.039664
0.2008	0.039682
0.2010	0.039701
0.2012	0.039720
0.2014	0.039739
0.2016	0.039758
0.2018	0.039777
0.2020	0.039796
0.2022	0.039815
0.2024	0.039834
0.2026	0.039853
0.2028	0.039873
0.2030	0.039892
0.2032	0.039911
0.2034	0.039930
0.2036	0.039950
0.2038	0.039969
0.2040	0.039988
0.2042	0.040008
0.2044	0.040027
0.2046	0.040047
0.2048	0.040066
0.2050	0.040086
0.2052	0.040105
0.2054	0.040125
0.2056	0.040145
0.2058	0.040164
0.2060	0.040184
0.2062	0.040204
0.2064	0.040224
0.2066	0.040244
0.2068	0.040264
0.2070	0.040284
0.2072	0.040304
0.2074	0.040324
0.2076	0.040344
0.2078	0.040364
0.2080	0.040384
0.2082	0.040404
0.2084	0.040424
0.2086	0.040444
0.2088	0.040465
0.2090	0.040485
0.2092	0.040505
0.2094	0.040526
0.2096	0.040546
0.2098	0.040566
0.2100	0.040587
0.2102	0.040608
0.2104	0.040628
0.2106	0.040649
0.2108	0.040669
0.2110	0.040690
0.2112	0.040711
0.2114	0.040731
0.2116	0.040752
0.2118	0.040773
0.2120	0.040794
0.2122	0.040815
0.2124	0.040836
0.2126	0.040857
0.2128	0.040878
0.2130	0.040899
0.2132	0.040920
0.2134	0.040941
0.2136	0.040962
0.2138	0.040984
0.2140	0.041005
0.2142	0.041026
0.2144	0.041047
0.2146	0.041069
0.2148	0.041090
0.2150	0.041112
0.2152	0.041133
0.2154	0.041155
0.2156	0.041176
0.2158	0.041198
0.2160	0.041220
0.2162	0.041241
0.2164	0.041263
0.2166	0.041285
0.2168	0.041307
0.2170	0.041329
0.2172	0.041350
0.2174	0.041372
0.2176	0.041394
0.2178	0.041416
0.2180	0.041438
0.2182	0.041461
0.2184	0.041483
0.2186	0.041505
0.2188	0.041527
0.2190	0.041549
0.2192	0.041572
0.2194	0.041594
0.2196	0.041616
0.2198	0.041639
0.2200	0.041661
0.2202	0.041684
0.2204	0.041706
0.2206	0.041729
0.2208	0.041752
0.2210	0.041774
0.2212	0.041797
0.2214	0.041820
0.2216	0.041843
0.2218	0.041865
0.2220	0.041888
0.2222	0.041911
0.2224	0.041934
0.2226	0.041957
0.2228	0.041980
0.2230	0.042004
0.2232	0.042027
0.2234	0.042050
0.2236	0.042073
0.2238	0.042096
0.2240	0.042120
0.2242	0.042143
0.2244	0.042167
0.2246	0.042190
0.2248	0.042213
0.2250	0.042237
0.2252	0.042261
0.2254	0.042284
0.2256	0.042308
0.2258	0.042332
0.2260	0.042355
0.2262	0.042379
0.2264	0.042403
0.2266	0.042427
0.2268	0.042451
0.2270	0.042475
0.2272	0.042499
0.2274	0.042523
0.2276	0.042547
0.2278	0.042571
0.2280	0.042596
0.2282	0.042620
0.2284	0.042644
0.2286	0.042669
0.2288	0.042693
0.2290	0.042717
0.2292	0.042742
0.2294	0.042766
0.2296	0.042791
0.2298	0.042816
0.2300	0.042840
0.2302	0.042865
0.2304	0.042890
0.2306	0.042915
0.2308	0.042939
0.2310	0.042964
0.2312	0.042989
0.2314	0.043014
0.2316	0.043039
0.2318	0.043064
0.2320	0.043090
0.2322	0.043115
0.2324	0.043140
0.2326	0.043165
0.2328	0.043191
0.2330	0.043216
0.2332	0.043242
0.2334	0.043267
0.2336	0.043293
0.2338	0.043318
0.2340	0.043344
0.2342	0.043369
0.2344	0.043395
0.2346	0.043421
0.2348	0.043447
0.2350	0.043473
0.2352	0.043499
0.2354	0.043524
0.2356	0.043551
0.2358	0.043577
0.2360	0.043603
0.2362	0.043629
0.2364	0.043655
0.2366	0.043681
0.2368	0.043708
0.2370	0.043734
0.2372	0.043760
0.2374	0.043787
0.2376	0.043813
0.2378	0.043840
0.2380	0.043867
0.2382	0.043893
0.2384	0.043920
0.2386	0.043947
0.2388	0.043974
0.2390	0.044000
0.2392	0.044027
0.2394	0.044054
0.2396	0.044081
0.2398	0.044108
0.2400	0.044136
0.2402	0.044163
0.2404	0.044190
0.2406	0.044217
0.2408	0.044245
0.2410	0.044272
0.2412	0.044300
0.2414	0.044327
0.2416	0.044355
0.2418	0.044382
0.2420	0.044410
0.2422	0.044438
0.2424	0.044465
0.2426	0.044493
0.2428	0.044521
0.2430	0.044549
0.2432	0.044577
0.2434	0.044605
0.2436	0.044633
0.2438	0.044661
0.2440	0.044689
0.2442	0.044718
0.2444	0.044746
0.2446	0.044774
0.2448	0.044803
0.2450	0.044831
0.2452	0.044860
0.2454	0.044888
0.2456	0.044917
0.2458	0.044945
0.2460	0.044974
0.2462	0.045003
0.2464	0.045032
0.2466	0.045061
0.2468	0.045090
0.2470	0.045119
0.2472	0.045148
0.2474	0.045177
0.2476	0.045206
0.2478	0.045235
0.2480	0.045265
0.2482	0.045294
0.2484	0.045323
0.2486	0.045353
0.2488	0.045382
0.2490	0.045412
0.2492	0.045442
0.2494	0.045471
0.2496	0.045501
0.2498	0.045531
0.2500	0.045561
0.2502	0.045591
0.2504	0.045621
0.2506	0.045651
0.2508	0.045681
0.2510	0.045711
0.2512	0.045741
0.2514	0.045772
0.2516	0.045802
0.2518	0.045832
0.2520	0.045863
0.2522	0.045893
0.2524	0.045924
0.2526	0.045955
0.2528	0.045985
0.2530	0.046016
0.2532	0.046047
0.2534	0.046078
0.2536	0.046109
0.2538	0.046140
0.2540	0.046171
0.2542	0.046202
0.2544	0.046233
0.2546	0.046264
0.2548	0.046296
0.2550	0.046327
0.2552	0.046359
0.2554	0.046390
0.2556	0.046422
0.2558	0.046453
0.2560	0.046485
0.2562	0.046517
0.2564	0.046548
0.2566	0.046580
0.2568	0.046612
0.2570	0.046644
0.2572	0.046676
0.2574	0.046708
0.2576	0.046741
0.2578	0.046773
0.2580	0.046805
0.2582	0.046838
0.2584	0.046870
0.2586	0.046903
0.2588	0.046935
0.2590	0.046968
0.2592	0.047000
0.2594	0.047033
0.2596	0.047066
0.2598	0.047099
0.2600	0.047132
0.2602	0.047165
0.2604	0.047198
0.2606	0.047231
0.2608	0.047264
0.2610	0.047298
0.2612	0.047331
0.2614	0.047365
0.2616	0.047398
0.2618	0.047432
0.2620	0.047465
0.2622	0.047499
0.2624	0.047533
0.2626	0.047567
0.2628	0.047600
0.2630	0.047634
0.2632	0.047668
0.2634	0.047703
0.2636	0.047737
0.2638	0.047771
0.2640	0.047805
0.2642	0.047840
0.2644	0.047874
0.2646	0.047909
0.2648	0.047943
0.2650	0.047978
0.2652	0.048013
0.2654	0.048047
0.2656	0.048082
0.2658	0.048117
0.2660	0.048152
0.2662	0.048187
0.2664	0.048222
0.2666	0.048258
0.2668	0.048293
0.2670	0.048328
0.2672	0.048364
0.2674	0.048399
0.2676	0.048435
0.2678	0.048470
0.2680	0.048506
0.2682	0.048542
0.2684	0.048578
0.2686	0.048614
0.2688	0.048650
0.2690	0.048686
0.2692	0.048722
0.2694	0.048758
0.2696	0.048795
0.2698	0.048831
0.2700	0.048867
0.2702	0.048904
0.2704	0.048940
0.2706	0.048977
0.2708	0.049014
0.2710	0.049051
0.2712	0.049088
0.2714	0.049125
0.2716	0.049162
0.2718	0.049199
0.2720	0.049236
0.2722	0.049273
0.2724	0.049311
0.2726	0.049348
0.2728	0.049386
0.2730	0.049423
0.2732	0.049461
0.2734	0.049499
0.2736	0.049536
0.2738	0.049574
0.2740	0.049612
0.2742	0.049650
0.2744	0.049689
0.2746	0.049727
0.2748	0.049765
0.2750	0.049803
0.2752	0.049842
0.2754	0.049880
0.2756	0.049919
0.2758	0.049958
0.2760	0.049996
0.2762	0.050035
0.2764	0.050074
0.2766	0.050113
0.2768	0.050152
0.2770	0.050192
0.2772	0.050231
0.2774	0.050270
0.2776	0.050310
0.2778	0.050349
0.2780	0.050389
0.2782	0.050428
0.2784	0.050468
0.2786	0.050508
0.2788	0.050548
0.2790	0.050588
0.2792	0.050628
0.2794	0.050668
0.2796	0.050708
0.2798	0.050749
0.2800	0.050789
0.2802	0.050830
0.2804	0.050870
0.2806	0.050911
0.2808	0.050952
0.2810	0.050992
0.2812	0.051033
0.2814	0.051074
0.2816	0.051115
0.2818	0.051157
0.2820	0.051198
0.2822	0.051239
0.2824	0.051281
0.2826	0.051322
0.2828	0.051364
0.2830	0.051406
0.2832	0.051447
0.2834	0.051489
0.2836	0.051531
0.2838	0.051573
0.2840	0.051616
0.2842	0.051658
0.2844	0.051700
0.2846	0.051743
0.2848	0.051785
0.2850	0.051828
0.2852	0.051870
0.2854	0.051913
0.2856	0.051956
0.2858	0.051999
0.2860	0.052042
0.2862	0.052085
0.2864	0.052128
0.2866	0.052172
0.2868	0.052215
0.2870	0.052259
0.2872	0.052302
0.2874	0.052346
0.2876	0.052390
0.2878	0.052434
0.2880	0.052478
0.2882	0.052522
0.2884	0.052566
0.2886	0.052610
0.2888	0.052655
0.2890	0.052699
0.2892	0.052744
0.2894	0.052788
0.2896	0.052833
0.2898	0.052878
0.2900	0.052923
0.2902	0.052968
0.2904	0.053013
0.2906	0.053058
0.2908	0.053104
0.2910	0.053149
0.2912	0.053195
0.2914	0.053240
0.2916	0.053286
0.2918	0.053332
0.2920	0.053378
0.2922	0.053424
0.2924	0.053470
0.2926	0.053516
0.2928	0.053563
0.2930	0.053609
0.2932	0.053655
0.2934	0.053702
0.2936	0.053749
0.2938	0.053796
0.2940	0.053843
0.2942	0.053890
0.2944	0.053937
0.2946	0.053984
0.2948	0.054031
0.2950	0.054079
0.2952	0.054126
0.2954	0.054174
0.2956	0.054222
0.2958	0.054270
0.2960	0.054318
0.2962	0.054366
0.2964	0.054414
0.2966	0.054462
0.2968	0.054511
0.2970	0.054559
0.2972	0.054608
0.2974	0.054657
0.2976	0.054705
0.2978	0.054754
0.2980	0.054803
0.2982	0.054852
0.2984	0.054902
0.2986	0.054951
0.2988	0.055001
0.2990	0.055050
0.2992	0.055100
0.2994	0.055150
0.2996	0.055200
0.2998	0.055250
0.3000	0.055300
0.3002	0.055350
0.3004	0.055400
0.3006	0.055451
0.3008	0.055502
0.3010	0.055552
0.3012	0.055603
0.3014	0.055654
0.3016	0.055705
0.3018	0.055756
0.3020	0.055807
0.3022	0.055859
0.3024	0.055910
0.3026	0.055962
0.3028	0.056014
0.3030	0.056066
0.3032	0.056118
0.3034	0.056170
0.3036	0.056222
0.3038	0.056274
0.3040	0.056327
0.3042	0.056379
0.3044	0.056432
0.3046	0.056485
0.3048	0.056538
0.3050	0.056591
0.3052	0.056644
0.3054	0.056697
0.3056	0.056751
0.3058	0.056804
0.3060	0.056858
0.3062	0.056911
0.3064	0.056965
0.3066	0.057019
0.3068	0.057073
0.3070	0.057128
0.3072	0.057182
0.3074	0.057237
0.3076	0.057291
0.3078	0.057346
0.3080	0.057401
0.3082	0.057456
0.3084	0.057511
0.3086	0.057566
0.3088	0.057622
0.3090	0.057677
0.3092	0.057733
0.3094	0.057789
0.3096	0.057844
0.3098	0.057900
0.3100	0.057957
0.3102	0.058013
0.3104	0.058069
0.3106	0.058126
0.3108	0.058183
0.3110	0.058239
0.3112	0.058296
0.3114	0.058353
0.3116	0.058411
0.3118	0.058468
0.3120	0.058525
0.3122	0.058583
0.3124	0.058641
0.3126	0.058699
0.3128	0.058757
0.3130	0.058815
0.3132	0.058873
0.3134	0.058931
0.3136	0.058990
0.3138	0.059049
0.3140	0.059107
0.3142	0.059166
0.3144	0.059225
0.3146	0.059285
0.3148	0.059344
0.3150	0.059404
0.3152	0.059463
0.3154	0.059523
0.3156	0.059583
0.3158	0.059643
0.3160	0.059703
0.3162	0.059764
0.3164	0.059824
0.3166	0.059885
0.3168	0.059945
0.3170	0.060006
0.3172	0.060067
0.3174	0.060129
0.3176	0.060190
0.3178	0.060251
0.3180	0.060313
0.3182	0.060375
0.3184	0.060437
0.3186	0.060499
0.3188	0.060561
0.3190	0.060624
0.3192	0.060686
0.3194	0.060749
0.3196	0.060812
0.3198	0.060875
0.3200	0.060938
0.3202	0.061001
0.3204	0.061064
0.3206	0.061128
0.3208	0.061192
0.3210	0.061256
0.3212	0.061320
0.3214	0.061384
0.3216	0.061448
0.3218	0.061513
0.3220	0.061577
0.3222	0.061642
0.3224	0.061707
0.3226	0.061772
0.3228	0.061838
0.3230	0.061903
0.3232	0.061969
0.3234	0.062034
0.3236	0.062100
0.3238	0.062166
0.3240	0.062233
0.3242	0.062299
0.3244	0.062366
0.3246	0.062432
0.3248	0.062499
0.3250	0.062566
0.3252	0.062633
0.3254	0.062701
0.3256	0.062768
0.3258	0.062836
0.3260	0.062904
0.3262	0.062972
0.3264	0.063040
0.3266	0.063108
0.3268	0.063177
0.3270	0.063246
0.3272	0.063315
0.3274	0.063384
0.3276	0.063453
0.3278	0.063522
0.3280	0.063592
0.3282	0.063661
0.3284	0.063731
0.3286	0.063801
0.3288	0.063872
0.3290	0.063942
0.3292	0.064013
0.3294	0.064083
0.3296	0.064154
0.3298	0.064225
0.3300	0.064297
0.3302	0.064368
0.3304	0.064440
0.3306	0.064512
0.3308	0.064584
0.3310	0.064656
0.3312	0.064728
0.3314	0.064801
0.3316	0.064873
0.3318	0.064946
0.3320	0.065019
0.3322	0.065093
0.3324	0.065166
0.3326	0.065240
0.3328	0.065313
0.3330	0.065387
0.3332	0.065462
0.3334	0.065536
0.3336	0.065611
0.3338	0.065685
0.3340	0.065760
0.3342	0.065835
0.3344	0.065911
0.3346	0.065986
0.3348	0.066062
0.3350	0.066138
0.3352	0.066214
0.3354	0.066290
0.3356	0.066367
0.3358	0.066443
0.3360	0.066520
0.3362	0.066597
0.3364	0.066674
0.3366	0.066752
0.3368	0.066829
0.3370	0.066907
0.3372	0.066985
0.3374	0.067064
0.3376	0.067142
0.3378	0.067221
0.3380	0.067299
0.3382	0.067378
0.3384	0.067458
0.3386	0.067537
0.3388	0.067617
0.3390	0.067697
0.3392	0.067777
0.3394	0.067857
0.3396	0.067937
0.3398	0.068018
0.3400	0.068099
0.3402	0.068180
0.3404	0.068261
0.3406	0.068343
0.3408	0.068424
0.3410	0.068506
0.3412	0.068589
0.3414	0.068671
0.3416	0.068753
0.3418	0.068836
0.3420	0.068919
0.3422	0.069002
0.3424	0.069086
0.3426	0.069170
0.3428	0.069253
0.3430	0.069337
0.3432	0.069422
0.3434	0.069506
0.3436	0.069591
0.3438	0.069676
0.3440	0.069761
0.3442	0.069847
0.3444	0.069932
0.3446	0.070018
0.3448	0.070104
0.3450	0.070190
0.3452	0.070277
0.3454	0.070364
0.3456	0.070451
0.3458	0.070538
0.3460	0.070625
0.3462	0.070713
0.3464	0.070801
0.3466	0.070889
0.3468	0.070978
0.3470	0.071066
0.3472	0.071155
0.3474	0.071244
0.3476	0.071333
0.3478	0.071423
0.3480	0.071513
0.3482	0.071603
0.3484	0.071693
0.3486	0.071784
0.3488	0.071874
0.3490	0.071965
0.3492	0.072057
0.3494	0.072148
0.3496	0.072240
0.3498	0.072332
0.3500	0.072424
0.3502	0.072517
0.3504	0.072609
0.3506	0.072702
0.3508	0.072795
0.3510	0.072889
0.3512	0.072983
0.3514	0.073077
0.3516	0.073171
0.3518	0.073265
0.3520	0.073360
0.3522	0.073455
0.3524	0.073550
0.3526	0.073646
0.3528	0.073742
0.3530	0.073838
0.3532	0.073934
0.3534	0.074031
0.3536	0.074127
0.3538	0.074224
0.3540	0.074322
0.3542	0.074419
0.3544	0.074517
0.3546	0.074615
0.3548	0.074714
0.3550	0.074813
0.3552	0.074912
0.3554	0.075011
0.3556	0.075110
0.3558	0.075210
0.3560	0.075310
0.3562	0.075410
0.3564	0.075511
0.3566	0.075612
0.3568	0.075713
0.3570	0.075814
0.3572	0.075916
0.3574	0.076018
0.3576	0.076120
0.3578	0.076223
0.3580	0.076326
0.3582	0.076429
0.3584	0.076532
0.3586	0.076636
0.3588	0.076740
0.3590	0.076844
0.3592	0.076949
0.3594	0.077054
0.3596	0.077159
0.3598	0.077264
0.3600	0.077370
0.3602	0.077476
0.3604	0.077583
0.3606	0.077689
0.3608	0.077796
0.3610	0.077903
0.3612	0.078011
0.3614	0.078119
0.3616	0.078227
0.3618	0.078335
0.3620	0.078444
0.3622	0.078553
0.3624	0.078663
0.3626	0.078772
0.3628	0.078882
0.3630	0.078992
0.3632	0.079103
0.3634	0.079214
0.3636	0.079325
0.3638	0.079437
0.3640	0.079549
0.3642	0.079661
0.3644	0.079773
0.3646	0.079886
0.3648	0.079999
0.3650	0.080113
0.3652	0.080227
0.3654	0.080341
0.3656	0.080455
0.3658	0.080570
0.3660	0.080685
0.3662	0.080800
0.3664	0.080916
0.3666	0.081032
0.3668	0.081149
0.3670	0.081265
0.3672	0.081383
0.3674	0.081500
0.3676	0.081618
0.3678	0.081736
0.3680	0.081854
0.3682	0.081973
0.3684	0.082092
0.3686	0.082212
0.3688	0.082332
0.3690	0.082452
0.3692	0.082572
0.3694	0.082693
0.3696	0.082814
0.3698	0.082936
0.3700	0.083058
0.3702	0.083180
0.3704	0.083303
0.3706	0.083426
0.3708	0.083549
0.3710	0.083673
0.3712	0.083797
0.3714	0.083921
0.3716	0.084046
0.3718	0.084171
0.3720	0.084297
0.3722	0.084423
0.3724	0.084549
0.3726	0.084676
0.3728	0.084803
0.3730	0.084930
0.3732	0.085058
0.3734	0.085186
0.3736	0.085315
0.3738	0.085443
0.3740	0.085573
0.3742	0.085702
0.3744	0.085832
0.3746	0.085963
0.3748	0.086094
0.3750	0.086225
0.3752	0.086357
0.3754	0.086489
0.3756	0.086621
0.3758	0.086754
0.3760	0.086887
0.3762	0.087020
0.3764	0.087154
0.3766	0.087289
0.3768	0.087424
0.3770	0.087559
0.3772	0.087694
0.3774	0.087830
0.3776	0.087967
0.3778	0.088103
0.3780	0.088241
0.3782	0.088378
0.3784	0.088516
0.3786	0.088655
0.3788	0.088794
0.3790	0.088933
0.3792	0.089073
0.3794	0.089213
0.3796	0.089353
0.3798	0.089494
0.3800	0.089636
0.3802	0.089777
0.3804	0.089920
0.3806	0.090062
0.3808	0.090205
0.3810	0.090349
0.3812	0.090493
0.3814	0.090637
0.3816	0.090782
0.3818	0.090928
0.3820	0.091073
0.3822	0.091219
0.3824	0.091366
0.3826	0.091513
0.3828	0.091661
0.3830	0.091809
0.3832	0.091957
0.3834	0.092106
0.3836	0.092255
0.3838	0.092405
0.3840	0.092555
0.3842	0.092706
0.3844	0.092857
0.3846	0.093009
0.3848	0.093161
0.3850	0.093314
0.3852	0.093467
0.3854	0.093620
0.3856	0.093774
0.3858	0.093929
0.3860	0.094084
0.3862	0.094239
0.3864	0.094395
0.3866	0.094551
0.3868	0.094708
0.3870	0.094865
0.3872	0.095023
0.3874	0.095182
0.3876	0.095340
0.3878	0.095500
0.3880	0.095660
0.3882	0.095820
0.3884	0.095981
0.3886	0.096142
0.3888	0.096304
0.3890	0.096466
0.3892	0.096629
0.3894	0.096792
0.3896	0.096956
0.3898	0.097120
0.3900	0.097285
0.3902	0.097451
0.3904	0.097616
0.3906	0.097783
0.3908	0.097950
0.3910	0.098117
0.3912	0.098285
0.3914	0.098454
0.3916	0.098623
0.3918	0.098792
0.3920	0.098962
0.3922	0.099133
0.3924	0.099304
0.3926	0.099476
0.3928	0.099648
0.3930	0.099821
0.3932	0.099994
0.3934	0.100168
0.3936	0.100343
0.3938	0.100518
0.3940	0.100693
0.3942	0.100869
0.3944	0.101046
0.3946	0.101223
0.3948	0.101401
0.3950	0.101579
0.3952	0.101758
0.3954	0.101938
0.3956	0.102118
0.3958	0.102298
0.3960	0.102479
0.3962	0.102661
0.3964	0.102843
0.3966	0.103026
0.3968	0.103210
0.3970	0.103394
0.3972	0.103579
0.3974	0.103764
0.3976	0.103950
0.3978	0.104136
0.3980	0.104323
0.3982	0.104511
0.3984	0.104699
0.3986	0.104888
0.3988	0.105077
0.3990	0.105267
0.3992	0.105458
0.3994	0.105649
0.3996	0.105841
0.3998	0.106033
0.4000	0.106226
0.4002	0.106420
0.4004	0.106614
0.4006	0.106809
0.4008	0.107005
0.4010	0.107201
0.4012	0.107398
0.4014	0.107595
0.4016	0.107794
0.4018	0.107992
0.4020	0.108192
0.4022	0.108392
0.4024	0.108592
0.4026	0.108794
0.4028	0.108996
0.4030	0.109198
0.4032	0.109401
0.4034	0.109605
0.4036	0.109810
0.4038	0.110015
0.4040	0.110221
0.4042	0.110427
0.4044	0.110635
0.4046	0.110843
0.4048	0.111051
0.4050	0.111260
0.4052	0.111470
0.4054	0.111681
0.4056	0.111892
0.4058	0.112104
0.4060	0.112316
0.4062	0.112530
0.4064	0.112744
0.4066	0.112958
0.4068	0.113174
0.4070	0.113390
0.4072	0.113607
0.4074	0.113824
0.4076	0.114042
0.4078	0.114261
0.4080	0.114481
0.4082	0.114701
0.4084	0.114922
0.4086	0.115143
0.4088	0.115366
0.4090	0.115589
0.4092	0.115813
0.4094	0.116037
0.4096	0.116263
0.4098	0.116489
0.4100	0.116715
0.4102	0.116943
0.4104	0.117171
0.4106	0.117400
0.4108	0.117630
0.4110	0.117860
0.4112	0.118091
0.4114	0.118323
0.4116	0.118556
0.4118	0.118789
0.4120	0.119023
0.4122	0.119258
0.4124	0.119494
0.4126	0.119730
0.4128	0.119967
0.4130	0.120205
0.4132	0.120444
0.4134	0.120683
0.4136	0.120924
0.4138	0.121165
0.4140	0.121406
0.4142	0.121649
0.4144	0.121892
0.4146	0.122136
0.4148	0.122381
0.4150	0.122627
0.4152	0.122873
0.4154	0.123120
0.4156	0.123368
0.4158	0.123617
0.4160	0.123867
0.4162	0.124117
0.4164	0.124368
0.4166	0.124620
0.4168	0.124873
0.4170	0.125127
0.4172	0.125381
0.4174	0.125636
0.4176	0.125892
0.4178	0.126149
0.4180	0.126406
0.4182	0.126665
0.4184	0.126924
0.4186	0.127184
0.4188	0.127445
0.4190	0.127707
0.4192	0.127969
0.4194	0.128233
0.4196	0.128497
0.4198	0.128762
0.4200	0.129028
0.4202	0.129294
0.4204	0.129562
0.4206	0.129830
0.4208	0.130099
0.4210	0.130369
0.4212	0.130640
0.4214	0.130912
0.4216	0.131184
0.4218	0.131457
0.4220	0.131731
0.4222	0.132007
0.4224	0.132282
0.4226	0.132559
0.4228	0.132837
0.4230	0.133115
0.4232	0.133394
0.4234	0.133674
0.4236	0.133955
0.4238	0.134237
0.4240	0.134520
0.4242	0.134803
0.4244	0.135088
0.4246	0.135373
0.4248	0.135659
0.4250	0.135946
0.4252	0.136234
0.4254	0.136522
0.4256	0.136812
0.4258	0.137102
0.4260	0.137393
0.4262	0.137685
0.4264	0.137978
0.4266	0.138272
0.4268	0.138567
0.4270	0.138862
0.4272	0.139159
0.4274	0.139456
0.4276	0.139754
0.4278	0.140053
0.4280	0.140353
0.4282	0.140654
0.4284	0.140955
0.4286	0.141258
0.4288	0.141561
0.4290	0.141865
0.4292	0.142170
0.4294	0.142476
0.4296	0.142782
0.4298	0.143090
0.4300	0.143398
0.4302	0.143708
0.4304	0.144018
0.4306	0.144329
0.4308	0.144641
0.4310	0.144953
0.4312	0.145267
0.4314	0.145581
0.4316	0.145896
0.4318	0.146212
0.4320	0.146529
0.4322	0.146847
0.4324	0.147165
0.4326	0.147485
0.4328	0.147805
0.4330	0.148126
0.4332	0.148448
0.4334	0.148771
0.4336	0.149094
0.4338	0.149418
0.4340	0.149744
0.4342	0.150070
0.4344	0.150396
0.4346	0.150724
0.4348	0.151052
0.4350	0.151381
0.4352	0.151711
0.4354	0.152042
0.4356	0.152374
0.4358	0.152706
0.4360	0.153039
0.4362	0.153373
0.4364	0.153707
0.4366	0.154043
0.4368	0.154379
0.4370	0.154716
0.4372	0.155053
0.4374	0.155392
0.4376	0.155731
0.4378	0.156071
0.4380	0.156411
0.4382	0.156752
0.4384	0.157094
0.4386	0.157437
0.4388	0.157780
0.4390	0.158124
0.4392	0.158469
0.4394	0.158814
0.4396	0.159161
0.4398	0.159507
0.4400	0.159855
0.4402	0.160203
0.4404	0.160551
0.4406	0.160900
0.4408	0.161250
0.4410	0.161601
0.4412	0.161952
0.4414	0.162303
0.4416	0.162655
0.4418	0.163008
0.4420	0.163361
0.4422	0.163715
0.4424	0.164069
0.4426	0.164424
0.4428	0.164780
0.4430	0.165135
0.4432	0.165492
0.4434	0.165848
0.4436	0.166206
0.4438	0.166563
0.4440	0.166921
0.4442	0.167280
0.4444	0.167638
0.4446	0.167998
0.4448	0.168357
0.4450	0.168717
0.4452	0.169077
0.4454	0.169438
0.4456	0.169798
0.4458	0.170159
0.4460	0.170521
0.4462	0.170882
0.4464	0.171244
0.4466	0.171606
0.4468	0.171968
0.4470	0.172330
0.4472	0.172693
0.4474	0.173055
0.4476	0.173418
0.4478	0.173780
0.4480	0.174143
0.4482	0.174506
0.4484	0.174868
0.4486	0.175231
0.4488	0.175593
0.4490	0.175956
0.4492	0.176318
0.4494	0.176681
0.4496	0.177043
0.4498	0.177404
0.4500	0.177766
0.4502	0.178128
0.4504	0.178489
0.4506	0.178849
0.4508	0.179210
0.4510	0.179570
0.4512	0.179930
0.4514	0.180289
0.4516	0.180647
0.4518	0.181006
0.4520	0.181363
0.4522	0.181720
0.4524	0.182077
0.4526	0.182433
0.4528	0.182788
0.4530	0.183142
0.4532	0.183495
0.4534	0.183848
0.4536	0.184200
0.4538	0.184551
0.4540	0.184901
0.4542	0.185249
0.4544	0.185597
0.4546	0.185944
0.4548	0.186290
0.4550	0.186634
0.4552	0.186977
0.4554	0.187319
0.4556	0.187659
0.4558	0.187999
0.4560	0.188336
0.4562	0.188672
0.4564	0.189007
0.4566	0.189339
0.4568	0.189671
0.4570	0.190000
0.4572	0.190327
0.4574	0.190653
0.4576	0.190977
0.4578	0.191298
0.4580	0.191618
0.4582	0.191935
0.4584	0.192251
0.4586	0.192564
0.4588	0.192874
0.4590	0.193182
0.4592	0.193488
0.4594	0.193791
0.4596	0.194091
0.4598	0.194388
0.4600	0.194683
0.4602	0.194975
0.4604	0.195263
0.4606	0.195549
0.4608	0.195831
0.4610	0.196110
0.4612	0.196386
0.4614	0.196658
0.4616	0.196927
0.4618	0.197191
0.4620	0.197453
0.4622	0.197710
0.4624	0.197963
0.4626	0.198212
0.4628	0.198457
0.4630	0.198698
0.4632	0.198934
0.4634	0.199166
0.4636	0.199393
0.4638	0.199615
0.4640	0.199832
0.4642	0.200044
0.4644	0.200251
0.4646	0.200453
0.4648	0.200649
0.4650	0.200840
0.4652	0.201025
0.4654	0.201204
0.4656	0.201377
0.4658	0.201544
0.4660	0.201705
0.4662	0.201859
0.4664	0.202007
0.4666	0.202148
0.4668	0.202282
0.4670	0.202409
0.4672	0.202529
0.4674	0.202641
0.4676	0.202745
0.4678	0.202842
0.4680	0.202931
0.4682	0.203012
0.4684	0.203085
0.4686	0.203148
0.4688	0.203204
0.4690	0.203250
0.4692	0.203287
0.4694	0.203315
0.4696	0.203334
0.4698	0.203342
0.4700	0.203341
0.4702	0.203330
0.4704	0.203308
0.4706	0.203275
0.4708	0.203232
0.4710	0.203178
0.4712	0.203112
0.4714	0.203035
0.4716	0.202946
0.4718	0.202844
0.4720	0.202731
0.4722	0.202605
0.4724	0.202466
0.4726	0.202314
0.4728	0.202148
0.4730	0.201969
0.4732	0.201776
0.4734	0.201569
0.4736	0.201347
0.4738	0.201110
0.4740	0.200859
0.4742	0.200591
0.4744	0.200308
0.4746	0.200009
0.4748	0.199694
0.4750	0.199362
0.4752	0.199013
0.4754	0.198646
0.4756	0.198262
0.4758	0.197860
0.4760	0.197440
0.4762	0.197000
0.4764	0.196542
0.4766	0.196064
0.4768	0.195567
0.4770	0.195049
0.4772	0.194511
0.4774	0.193952
0.4776	0.193371
0.4778	0.192769
0.4780	0.192145
0.4782	0.191499
0.4784	0.190830
0.4786	0.190137
0.4788	0.189421
0.4790	0.188681
0.4792	0.187917
0.4794	0.187127
0.4796	0.186313
0.4798	0.185473
0.4800	0.184607
0.4802	0.183715
0.4804	0.182795
0.4806	0.181849
0.4808	0.180875
0.4810	0.179873
0.4812	0.178842
0.4814	0.177783
0.4816	0.176695
0.4818	0.175577
0.4820	0.174429
0.4822	0.173250
0.4824	0.172041
0.4826	0.170801
0.4828	0.169529
0.4830	0.168225
0.4832	0.166890
0.4834	0.165522
0.4836	0.164121
0.4838	0.162687
0.4840	0.161219
0.4842	0.159718
0.4844	0.158183
0.4846	0.156613
0.4848	0.155010
0.4850	0.153371
0.4852	0.151698
0.4854	0.149990
0.4856	0.148246
0.4858	0.146468
0.4860	0.144654
0.4862	0.142805
0.4864	0.140921
0.4866	0.139001
0.4868	0.137047
0.4870	0.135057
0.4872	0.133032
0.4874	0.130972
0.4876	0.128878
0.4878	0.126750
0.4880	0.124588
0.4882	0.122393
0.4884	0.120165
0.4886	0.117904
0.4888	0.115611
0.4890	0.113288
0.4892	0.110934
0.4894	0.108550
0.4896	0.106138
0.4898	0.103699
0.4900	0.101232
0.4902	0.098741
0.4904	0.096225
0.4906	0.093687
0.4908	0.091127
0.4910	0.088548
0.4912	0.085951
0.4914	0.083337
0.4916	0.080709
0.4918	0.078069
0.4920	0.075419
0.4922	0.072760
0.4924	0.070096
0.4926	0.067430
0.4928	0.064762
0.4930	0.062098
0.4932	0.059438
0.4934	0.056787
0.4936	0.054147
0.4938	0.051522
0.4940	0.048916
0.4942	0.046331
0.4944	0.043771
0.4946	0.041241
0.4948	0.038744
0.4950	0.036284
0.4952	0.033866
0.4954	0.031493
0.4956	0.029170
0.4958	0.026901
0.4960	0.024691
0.4962	0.022545
0.4964	0.020467
0.4966	0.018461
0.4968	0.016533
0.4970	0.014687
0.4972	0.012929
0.4974	0.011262
0.4976	0.009692
0.4978	0.008223
0.4980	0.006860
0.4982	0.005607
0.4984	0.004469
0.4986	0.003451
0.4988	0.002556
0.4990	0.001789
0.4992	0.001154
0.4994	0.000654
0.4996	0.000293
0.4998	0.000074
0.5000	0.000000
0.5002	0.000075
0.5004	0.000300
0.5006	0.000678
0.5008	0.001211
0.5010	0.001900
0.5012	0.002747
0.5014	0.003753
0.5016	0.004918
0.5018	0.006243
0.5020	0.007727
0.5022	0.009370
0.5024	0.011171
0.5026	0.013128
0.5028	0.015241
0.5030	0.017506
0.5032	0.019923
0.5034	0.022487
0.5036	0.025196
0.5038	0.028047
0.5040	0.031036
0.5042	0.034159
0.5044	0.037411
0.5046	0.040788
0.5048	0.044286
0.5050	0.047898
0.5052	0.051621
0.5054	0.055447
0.5056	0.059373
0.5058	0.063392
0.5060	0.067498
0.5062	0.071685
0.5064	0.075947
0.5066	0.080278
0.5068	0.084672
0.5070	0.089123
0.5072	0.093625
0.5074	0.098171
0.5076	0.102755
0.5078	0.107372
0.5080	0.112015
0.5082	0.116679
0.5084	0.121357
0.5086	0.126045
0.5088	0.130737
0.5090	0.135427
0.5092	0.140111
0.5094	0.144782
0.5096	0.149438
0.5098	0.154072
0.5100	0.158681
0.5102	0.163260
0.5104	0.167805
0.5106	0.172312
0.5108	0.176777
0.5110	0.181198
0.5112	0.185571
0.5114	0.189892
0.5116	0.194158
0.5118	0.198368
0.5120	0.202518
0.5122	0.206607
0.5124	0.210631
0.5126	0.214589
0.5128	0.218480
0.5130	0.222300
0.5132	0.226050
0.5134	0.229727
0.5136	0.233331
0.5138	0.236860
0.5140	0.240313
0.5142	0.243690
0.5144	0.246990
0.5146	0.250212
0.5148	0.253357
0.5150	0.256422
0.5152	0.259410
0.5154	0.262318
0.5156	0.265148
0.5158	0.267899
0.5160	0.270572
0.5162	0.273166
0.5164	0.275683
0.5166	0.278121
0.5168	0.280483
0.5170	0.282767
0.5172	0.284976
0.5174	0.287109
0.5176	0.289166
0.5178	0.291150
0.5180	0.293060
0.5182	0.294897
0.5184	0.296661
0.5186	0.298355
0.5188	0.299978
0.5190	0.301532
0.5192	0.303016
0.5194	0.304434
0.5196	0.305784
0.5198	0.307068
0.5200	0.308288
0.5202	0.309443
0.5204	0.310536
0.5206	0.311566
0.5208	0.312536
0.5210	0.313445
0.5212	0.314296
0.5214	0.315088
0.5216	0.315823
0.5218	0.316503
0.5220	0.317127
0.5222	0.317698
0.5224	0.318215
0.5226	0.318680
0.5228	0.319095
0.5230	0.319459
0.5232	0.319775
0.5234	0.320042
0.5236	0.320262
0.5238	0.320436
0.5240	0.320565
0.5242	0.320649
0.5244	0.320690
0.5246	0.320689
0.5248	0.320646
0.5250	0.320563
0.5252	0.320440
0.5254	0.320278
0.5256	0.320079
0.5258	0.319842
0.5260	0.319569
0.5262	0.319260
0.5264	0.318918
0.5266	0.318541
0.5268	0.318131
0.5270	0.317690
0.5272	0.317217
0.5274	0.316713
0.5276	0.316180
0.5278	0.315618
0.5280	0.315027
0.5282	0.314409
0.5284	0.313764
0.5286	0.313093
0.5288	0.312396
0.5290	0.311675
0.5292	0.310930
0.5294	0.310161
0.5296	0.309370
0.5298	0.308556
0.5300	0.307721
0.5302	0.306866
0.5304	0.305990
0.5306	0.305094
0.5308	0.304179
0.5310	0.303246
0.5312	0.302295
0.5314	0.301327
0.5316	0.300342
0.5318	0.299341
0.5320	0.298324
0.5322	0.297292
0.5324	0.296245
0.5326	0.295184
0.5328	0.294109
0.5330	0.293021
0.5332	0.291921
0.5334	0.290808
0.5336	0.289684
0.5338	0.288548
0.5340	0.287401
0.5342	0.286244
0.5344	0.285077
0.5346	0.283900
0.5348	0.282714
0.5350	0.281520
0.5352	0.280316
0.5354	0.279105
0.5356	0.277886
0.5358	0.276660
0.5360	0.275427
0.5362	0.274187
0.5364	0.272941
0.5366	0.271689
0.5368	0.270432
0.5370	0.269169
0.5372	0.267901
0.5374	0.266629
0.5376	0.265353
0.5378	0.264072
0.5380	0.262788
0.5382	0.261500
0.5384	0.260209
0.5386	0.258915
0.5388	0.257618
0.5390	0.256319
0.5392	0.255018
0.5394	0.253715
0.5396	0.252411
0.5398	0.251105
0.5400	0.249798
0.5402	0.248489
0.5404	0.247181
0.5406	0.245871
0.5408	0.244561
0.5410	0.243251
0.5412	0.241942
0.5414	0.240632
0.5416	0.239323
0.5418	0.238015
0.5420	0.236707
0.5422	0.235400
0.5424	0.234095
0.5426	0.232791
0.5428	0.231488
0.5430	0.230187
0.5432	0.228888
0.5434	0.227591
0.5436	0.226295
0.5438	0.225002
0.5440	0.223712
0.5442	0.222424
0.5444	0.221138
0.5446	0.219855
0.5448	0.218576
0.5450	0.217299
0.5452	0.216025
0.5454	0.214754
0.5456	0.213487
0.5458	0.212223
0.5460	0.210962
0.5462	0.209706
0.5464	0.208453
0.5466	0.207203
0.5468	0.205958
0.5470	0.204716
0.5472	0.203479
0.5474	0.202246
0.5476	0.201016
0.5478	0.199792
0.5480	0.198571
0.5482	0.197355
0.5484	0.196144
0.5486	0.194936
0.5488	0.193734
0.5490	0.192536
0.5492	0.191343
0.5494	0.190155
0.5496	0.188971
0.5498	0.187793
0.5500	0.186619
0.5502	0.185450
0.5504	0.184287
0.5506	0.183128
0.5508	0.181975
0.5510	0.180826
0.5512	0.179683
0.5514	0.178545
0.5516	0.177412
0.5518	0.176284
0.5520	0.175162
0.5522	0.174045
0.5524	0.172933
0.5526	0.171827
0.5528	0.170726
0.5530	0.169631
0.5532	0.168540
0.5534	0.167456
0.5536	0.166377
0.5538	0.165303
0.5540	0.164235
0.5542	0.163172
0.5544	0.162115
0.5546	0.161063
0.5548	0.160017
0.5550	0.158976
0.5552	0.157941
0.5554	0.156912
0.5556	0.155888
0.5558	0.154869
0.5560	0.153856
0.5562	0.152849
0.5564	0.151847
0.5566	0.150851
0.5568	0.149861
0.5570	0.148876
0.5572	0.147896
0.5574	0.146922
0.5576	0.145954
0.5578	0.144991
0.5580	0.144033
0.5582	0.143082
0.5584	0.142135
0.5586	0.141194
0.5588	0.140259
0.5590	0.139329
0.5592	0.138405
0.5594	0.137486
0.5596	0.136573
0.5598	0.135665
0.5600	0.134762
0.5602	0.133865
0.5604	0.132973
0.5606	0.132087
0.5608	0.131206
0.5610	0.130330
0.5612	0.129460
0.5614	0.128595
0.5616	0.127735
0.5618	0.126881
0.5620	0.126032
0.5622	0.125188
0.5624	0.124350
0.5626	0.123516
0.5628	0.122688
0.5630	0.121865
0.5632	0.121047
0.5634	0.120235
0.5636	0.119427
0.5638	0.118625
0.5640	0.117827
0.5642	0.117035
0.5644	0.116248
0.5646	0.115465
0.5648	0.114688
0.5650	0.113916
0.5652	0.113148
0.5654	0.112386
0.5656	0.111628
0.5658	0.110876
0.5660	0.110128
0.5662	0.109385
0.5664	0.108647
0.5666	0.107913
0.5668	0.107185
0.5670	0.106461
0.5672	0.105742
0.5674	0.105027
0.5676	0.104317
0.5678	0.103612
0.5680	0.102912
0.5682	0.102216
0.5684	0.101525
0.5686	0.100838
0.5688	0.100155
0.5690	0.099478
0.5692	0.098804
0.5694	0.098136
0.5696	0.097471
0.5698	0.096811
0.5700	0.096155
0.5702	0.095504
0.5704	0.094857
0.5706	0.094215
0.5708	0.093576
0.5710	0.092942
0.5712	0.092312
0.5714	0.091686
0.5716	0.091065
0.5718	0.090448
0.5720	0.089834
0.5722	0.089225
0.5724	0.088620
0.5726	0.088019
0.5728	0.087422
0.5730	0.086829
0.5732	0.086240
0.5734	0.085655
0.5736	0.085074
0.5738	0.084497
0.5740	0.083924
0.5742	0.083354
0.5744	0.082789
0.5746	0.082227
0.5748	0.081669
0.5750	0.081115
0.5752	0.080564
0.5754	0.080018
0.5756	0.079475
0.5758	0.078935
0.5760	0.078400
0.5762	0.077868
0.5764	0.077339
0.5766	0.076814
0.5768	0.076293
0.5770	0.075775
0.5772	0.075261
0.5774	0.074750
0.5776	0.074242
0.5778	0.073739
0.5780	0.073238
0.5782	0.072741
0.5784	0.072247
0.5786	0.071757
0.5788	0.071270
0.5790	0.070786
0.5792	0.070306
0.5794	0.069828
0.5796	0.069354
0.5798	0.068884
0.5800	0.068416
0.5802	0.067952
0.5804	0.067490
0.5806	0.067032
0.5808	0.066577
0.5810	0.066126
0.5812	0.065677
0.5814	0.065231
0.5816	0.064788
0.5818	0.064349
0.5820	0.063912
0.5822	0.063478
0.5824	0.063047
0.5826	0.062619
0.5828	0.062194
0.5830	0.061772
0.5832	0.061353
0.5834	0.060937
0.5836	0.060523
0.5838	0.060112
0.5840	0.059704
0.5842	0.059299
0.5844	0.058897
0.5846	0.058497
0.5848	0.058100
0.5850	0.057706
0.5852	0.057314
0.5854	0.056925
0.5856	0.056539
0.5858	0.056155
0.5860	0.055774
0.5862	0.055395
0.5864	0.055019
0.5866	0.054646
0.5868	0.054275
0.5870	0.053907
0.5872	0.053541
0.5874	0.053178
0.5876	0.052817
0.5878	0.052458
0.5880	0.052102
0.5882	0.051748
0.5884	0.051397
0.5886	0.051048
0.5888	0.050702
0.5890	0.050357
0.5892	0.050015
0.5894	0.049676
0.5896	0.049339
0.5898	0.049004
0.5900	0.048671
0.5902	0.048340
0.5904	0.048012
0.5906	0.047686
0.5908	0.047362
0.5910	0.047040
0.5912	0.046721
0.5914	0.046403
0.5916	0.046088
0.5918	0.045775
0.5920	0.045464
0.5922	0.045155
0.5924	0.044848
0.5926	0.044543
0.5928	0.044241
0.5930	0.043940
0.5932	0.043641
0.5934	0.043345
0.5936	0.043050
0.5938	0.042757
0.5940	0.042466
0.5942	0.042177
0.5944	0.041891
0.5946	0.041606
0.5948	0.041323
0.5950	0.041041
0.5952	0.040762
0.5954	0.040485
0.5956	0.040209
0.5958	0.039935
0.5960	0.039663
0.5962	0.039393
0.5964	0.039125
0.5966	0.038858
0.5968	0.038594
0.5970	0.038331
0.5972	0.038070
0.5974	0.037810
0.5976	0.037552
0.5978	0.037296
0.5980	0.037042
0.5982	0.036789
0.5984	0.036538
0.5986	0.036289
0.5988	0.036041
0.5990	0.035795
0.5992	0.035551
0.5994	0.035308
0.5996	0.035067
0.5998	0.034827
0.6000	0.034589
0.6002	0.034353
0.6004	0.034118
0.6006	0.033885
0.6008	0.033653
0.6010	0.033423
0.6012	0.033194
0.6014	0.032967
0.6016	0.032741
0.6018	0.032517
0.6020	0.032294
0.6022	0.032073
0.6024	0.031853
0.6026	0.031635
0.6028	0.031418
0.6030	0.031203
0.6032	0.030989
0.6034	0.030776
0.6036	0.030565
0.6038	0.030355
0.6040	0.030146
0.6042	0.029939
0.6044	0.029733
0.6046	0.029529
0.6048	0.029326
0.6050	0.029124
0.6052	0.028924
0.6054	0.028725
0.6056	0.028527
0.6058	0.028330
0.6060	0.028135
0.6062	0.027941
0.6064	0.027748
0.6066	0.027557
0.6068	0.027367
0.6070	0.027178
0.6072	0.026990
0.6074	0.026803
0.6076	0.026618
0.6078	0.026434
0.6080	0.026251
0.6082	0.026069
0.6084	0.025889
0.6086	0.025710
0.6088	0.025531
0.6090	0.025354
0.6092	0.025179
0.6094	0.025004
0.6096	0.024830
0.6098	0.024658
0.6100	0.024487
0.6102	0.024316
0.6104	0.024147
0.6106	0.023979
0.6108	0.023812
0.6110	0.023646
0.6112	0.023482
0.6114	0.023318
0.6116	0.023155
0.6118	0.022994
0.6120	0.022833
0.6122	0.022673
0.6124	0.022515
0.6126	0.022357
0.6128	0.022201
0.6130	0.022046
0.6132	0.021891
0.6134	0.021738
0.6136	0.021585
0.6138	0.021434
0.6140	0.021283
0.6142	0.021134
0.6144	0.020985
0.6146	0.020837
0.6148	0.020691
0.6150	0.020545
0.6152	0.020400
0.6154	0.020256
0.6156	0.020113
0.6158	0.019971
0.6160	0.019830
0.6162	0.019690
0.6164	0.019551
0.6166	0.019412
0.6168	0.019275
0.6170	0.019138
0.6172	0.019002
0.6174	0.018868
0.6176	0.018733
0.6178	0.018600
0.6180	0.018468
0.6182	0.018337
0.6184	0.018206
0.6186	0.018076
0.6188	0.017947
0.6190	0.017819
0.6192	0.017692
0.6194	0.017565
0.6196	0.017439
0.6198	0.017315
0.6200	0.017190
0.6202	0.017067
0.6204	0.016945
0.6206	0.016823
0.6208	0.016702
0.6210	0.016582
0.6212	0.016462
0.6214	0.016344
0.6216	0.016226
0.6218	0.016109
0.6220	0.015992
0.6222	0.015876
0.6224	0.015762
0.6226	0.015647
0.6228	0.015534
0.6230	0.015421
0.6232	0.015309
0.6234	0.015198
0.6236	0.015087
0.6238	0.014977
0.6240	0.014868
0.6242	0.014759
0.6244	0.014652
0.6246	0.014545
0.6248	0.014438
0.6250	0.014332
0.6252	0.014227
0.6254	0.014123
0.6256	0.014019
0.6258	0.013916
0.6260	0.013813
0.6262	0.013712
0.6264	0.013610
0.6266	0.013510
0.6268	0.013410
0.6270	0.013311
0.6272	0.013212
0.6274	0.013114
0.6276	0.013017
0.6278	0.012920
0.6280	0.012824
0.6282	0.012728
0.6284	0.012633
0.6286	0.012539
0.6288	0.012445
0.6290	0.012352
0.6292	0.012260
0.6294	0.012168
0.6296	0.012077
0.6298	0.011986
0.6300	0.011896
0.6302	0.011806
0.6304	0.011717
0.6306	0.011628
0.6308	0.011540
0.6310	0.011453
0.6312	0.011366
0.6314	0.011280
0.6316	0.011194
0.6318	0.011109
0.6320	0.011024
0.6322	0.010940
0.6324	0.010857
0.6326	0.010774
0.6328	0.010691
0.6330	0.010609
0.6332	0.010528
0.6334	0.010447
0.6336	0.010366
0.6338	0.010287
0.6340	0.010207
0.6342	0.010128
0.6344	0.010050
0.6346	0.009972
0.6348	0.009895
0.6350	0.009818
0.6352	0.009741
0.6354	0.009665
0.6356	0.009590
0.6358	0.009515
0.6360	0.009440
0.6362	0.009366
0.6364	0.009293
0.6366	0.009220
0.6368	0.009147
0.6370	0.009075
0.6372	0.009003
0.6374	0.008932
0.6376	0.008861
0.6378	0.008791
0.6380	0.008721
0.6382	0.008652
0.6384	0.008583
0.6386	0.008514
0.6388	0.008446
0.6390	0.008379
0.6392	0.008311
0.6394	0.008244
0.6396	0.008178
0.6398	0.008112
0.6400	0.008047
0.6402	0.007982
0.6404	0.007917
0.6406	0.007853
0.6408	0.007789
0.6410	0.007725
0.6412	0.007662
0.6414	0.007600
0.6416	0.007537
0.6418	0.007476
0.6420	0.007414
0.6422	0.007353
0.6424	0.007292
0.6426	0.007232
0.6428	0.007172
0.6430	0.007113
0.6432	0.007054
0.6434	0.006995
0.6436	0.006937
0.6438	0.006879
0.6440	0.006821
0.6442	0.006764
0.6444	0.006707
0.6446	0.006651
0.6448	0.006595
0.6450	0.006539
0.6452	0.006484
0.6454	0.006429
0.6456	0.006374
0.6458	0.006320
0.6460	0.006266
0.6462	0.006212
0.6464	0.006159
0.6466	0.006106
0.6468	0.006053
0.6470	0.006001
0.6472	0.005949
0.6474	0.005898
0.6476	0.005847
0.6478	0.005796
0.6480	0.005745
0.6482	0.005695
0.6484	0.005645
0.6486	0.005596
0.6488	0.005547
0.6490	0.005498
0.6492	0.005449
0.6494	0.005401
0.6496	0.005353
0.6498	0.005305
0.6500	0.005258
0.6502	0.005211
0.6504	0.005165
0.6506	0.005118
0.6508	0.005072
0.6510	0.005026
0.6512	0.004981
0.6514	0.004936
0.6516	0.004891
0.6518	0.004847
0.6520	0.004802
0.6522	0.004758
0.6524	0.004715
0.6526	0.004671
0.6528	0.004628
0.6530	0.004586
0.6532	0.004543
0.6534	0.004501
0.6536	0.004459
0.6538	0.004417
0.6540	0.004376
0.6542	0.004335
0.6544	0.004294
0.6546	0.004254
0.6548	0.004214
0.6550	0.004174
0.6552	0.004134
0.6554	0.004095
0.6556	0.004055
0.6558	0.004017
0.6560	0.003978
0.6562	0.003940
0.6564	0.003902
0.6566	0.003864
0.6568	0.003826
0.6570	0.003789
0.6572	0.003752
0.6574	0.003715
0.6576	0.003678
0.6578	0.003642
0.6580	0.003606
0.6582	0.003570
0.6584	0.003535
0.6586	0.003500
0.6588	0.003465
0.6590	0.003430
0.6592	0.003395
0.6594	0.003361
0.6596	0.003327
0.6598	0.003293
0.6600	0.003260
0.6602	0.003226
0.6604	0.003193
0.6606	0.003160
0.6608	0.003128
0.6610	0.003095
0.6612	0.003063
0.6614	0.003031
0.6616	0.002999
0.6618	0.002968
0.6620	0.002937
0.6622	0.002906
0.6624	0.002875
0.6626	0.002844
0.6628	0.002814
0.6630	0.002784
0.6632	0.002754
0.6634	0.002724
0.6636	0.002695
0.6638	0.002665
0.6640	0.002636
0.6642	0.002607
0.6644	0.002579
0.6646	0.002550
0.6648	0.002522
0.6650	0.002494
0.6652	0.002466
0.6654	0.002439
0.6656	0.002411
0.6658	0.002384
0.6660	0.002357
0.6662	0.002330
0.6664	0.002304
0.6666	0.002278
0.6668	0.002251
0.6670	0.002225
0.6672	0.002200
0.6674	0.002174
0.6676	0.002149
0.6678	0.002123
0.6680	0.002098
0.6682	0.002074
0.6684	0.002049
0.6686	0.002025
0.6688	0.002000
0.6690	0.001976
0.6692	0.001953
0.6694	0.001929
0.6696	0.001905
0.6698	0.001882
0.6700	0.001859
0.6702	0.001836
0.6704	0.001813
0.6706	0.001791
0.6708	0.001768
0.6710	0.001746
0.6712	0.001724
0.6714	0.001702
0.6716	0.001681
0.6718	0.001659
0.6720	0.001638
0.6722	0.001617
0.6724	0.001596
0.6726	0.001575
0.6728	0.001554
0.6730	0.001534
0.6732	0.001514
0.6734	0.001493
0.6736	0.001474
0.6738	0.001454
0.6740	0.001434
0.6742	0.001415
0.6744	0.001395
0.6746	0.001376
0.6748	0.001357
0.6750	0.001339
0.6752	0.001320
0.6754	0.001301
0.6756	0.001283
0.6758	0.001265
0.6760	0.001247
0.6762	0.001229
0.6764	0.001211
0.6766	0.001194
0.6768	0.001177
0.6770	0.001159
0.6772	0.001142
0.6774	0.001125
0.6776	0.001109
0.6778	0.001092
0.6780	0.001076
0.6782	0.001059
0.6784	0.001043
0.6786	0.001027
0.6788	0.001011
0.6790	0.000996
0.6792	0.000980
0.6794	0.000965
0.6796	0.000949
0.6798	0.000934
0.6800	0.000919
0.6802	0.000905
0.6804	0.000890
0.6806	0.000875
0.6808	0.000861
0.6810	0.000847
0.6812	0.000833
0.6814	0.000819
0.6816	0.000805
0.6818	0.000791
0.6820	0.000778
0.6822	0.000764
0.6824	0.000751
0.6826	0.000738
0.6828	0.000725
0.6830	0.000712
0.6832	0.000699
0.6834	0.000687
0.6836	0.000674
0.6838	0.000662
0.6840	0.000650
0.6842	0.000637
0.6844	0.000625
0.6846	0.000614
0.6848	0.000602
0.6850	0.000590
0.6852	0.000579
0.6854	0.000568
0.6856	0.000557
0.6858	0.000546
0.6860	0.000535
0.6862	0.000524
0.6864	0.000513
0.6866	0.000503
0.6868	0.000492
0.6870	0.000482
0.6872	0.000472
0.6874	0.000462
0.6876	0.000452
0.6878	0.000442
0.6880	0.000432
0.6882	0.000423
0.6884	0.000413
0.6886	0.000404
0.6888	0.000395
0.6890	0.000386
0.6892	0.000377
0.6894	0.000368
0.6896	0.000359
0.6898	0.000351
0.6900	0.000342
0.6902	0.000334
0.6904	0.000325
0.6906	0.000317
0.6908	0.000309
0.6910	0.000301
0.6912	0.000293
0.6914	0.000286
0.6916	0.000278
0.6918	0.000271
0.6920	0.000263
0.6922	0.000256
0.6924	0.000249
0.6926	0.000242
0.6928	0.000235
0.6930	0.000228
0.6932	0.000221
0.6934	0.000215
0.6936	0.000208
0.6938	0.000202
0.6940	0.000196
0.6942	0.000190
0.6944	0.000184
0.6946	0.000178
0.6948	0.000172
0.6950	0.000166
0.6952	0.000160
0.6954	0.000155
0.6956	0.000149
0.6958	0.000144
0.6960	0.000139
0.6962	0.000134
0.6964	0.000129
0.6966	0.000124
0.6968	0.000119
0.6970	0.000114
0.6972	0.000110
0.6974	0.000105
0.6976	0.000101
0.6978	0.000096
0.6980	0.000092
0.6982	0.000088
0.6984	0.000084
0.6986	0.000080
0.6988	0.000076
0.6990	0.000073
0.6992	0.000069
0.6994	0.000066
0.6996	0.000062
0.6998	0.000059
0.7000	0.000056
0.7002	0.000052
0.7004	0.000049
0.7006	0.000046
0.7008	0.000044
0.7010	0.000041
0.7012	0.000038
0.7014	0.000036
0.7016	0.000033
0.7018	0.000031
0.7020	0.000028
0.7022	0.000026
0.7024	0.000024
0.7026	0.000022
0.7028	0.000020
0.7030	0.000018
0.7032	0.000016
0.7034	0.000015
0.7036	0.000013
0.7038	0.000012
0.7040	0.000010
0.7042	0.000009
0.7044	0.000008
0.7046	0.000007
0.7048	0.000006
0.7050	0.000005
0.7052	0.000004
0.7054	0.000003
0.7056	0.000002
0.7058	0.000002
0.7060	0.000001
0.7062	0.000001
0.7064	0.000001
0.7066	0.000000
0.7068	0.000000
0.7070	0.000000
0.7072	0.000000
0.7074	0.000000
0.7076	0.000000
0.7078	0.000001
0.7080	0.000001
0.7082	0.000001
0.7084	0.000002
0.7086	0.000002
0.7088	0.000003
0.7090	0.000004
0.7092	0.000005
0.7094	0.000005
0.7096	0.000006
0.7098	0.000008
0.7100	0.000009
0.7102	0.000010
0.7104	0.000011
0.7106	0.000013
0.7108	0.000014
0.7110	0.000016
0.7112	0.000017
0.7114	0.000019
0.7116	0.000021
0.7118	0.000023
0.7120	0.000025
0.7122	0.000027
0.7124	0.000029
0.7126	0.000031
0.7128	0.000033
0.7130	0.000036
0.7132	0.000038
0.7134	0.000041
0.7136	0.000043
0.7138	0.000046
0.7140	0.000049
0.7142	0.000051
0.7144	0.000054
0.7146	0.000057
0.7148	0.000060
0.7150	0.000063
0.7152	0.000067
0.7154	0.000070
0.7156	0.000073
0.7158	0.000077
0.7160	0.000080
0.7162	0.000084
0.7164	0.000087
0.7166	0.000091
0.7168	0.000095
0.7170	0.000099
0.7172	0.000103
0.7174	0.000107
0.7176	0.000111
0.7178	0.000115
0.7180	0.000119
0.7182	0.000123
0.7184	0.000128
0.7186	0.000132
0.7188	0.000137
0.7190	0.000141
0.7192	0.000146
0.7194	0.000151
0.7196	0.000155
0.7198	0.000160
0.7200	0.000165
0.7202	0.000170
0.7204	0.000175
0.7206	0.000180
0.7208	0.000186
0.7210	0.000191
0.7212	0.000196
0.7214	0.000202
0.7216	0.000207
0.7218	0.000213
0.7220	0.000219
0.7222	0.000224
0.7224	0.000230
0.7226	0.000236
0.7228	0.000242
0.7230	0.000248
0.7232	0.000254
0.7234	0.000260
0.7236	0.000266
0.7238	0.000272
0.7240	0.000279
0.7242	0.000285
0.7244	0.000292
0.7246	0.000298
0.7248	0.000305
0.7250	0.000311
0.7252	0.000318
0.7254	0.000325
0.7256	0.000332
0.7258	0.000339
0.7260	0.000346
0.7262	0.000353
0.7264	0.000360
0.7266	0.000367
0.7268	0.000375
0.7270	0.000382
0.7272	0.000389
0.7274	0.000397
0.7276	0.000404
0.7278	0.000412
0.7280	0.000420
0.7282	0.000427
0.7284	0.000435
0.7286	0.000443
0.7288	0.000451
0.7290	0.000459
0.7292	0.000467
0.7294	0.000475
0.7296	0.000483
0.7298	0.000492
0.7300	0.000500
0.7302	0.000508
0.7304	0.000517
0.7306	0.000525
0.7308	0.000534
0.7310	0.000543
0.7312	0.000551
0.7314	0.000560
0.7316	0.000569
0.7318	0.000578
0.7320	0.000587
0.7322	0.000596
0.7324	0.000605
0.7326	0.000614
0.7328	0.000623
0.7330	0.000633
0.7332	0.000642
0.7334	0.000651
0.7336	0.000661
0.7338	0.000670
0.7340	0.000680
0.7342	0.000690
0.7344	0.000699
0.7346	0.000709
0.7348	0.000719
0.7350	0.000729
0.7352	0.000739
0.7354	0.000749
0.7356	0.000759
0.7358	0.000769
0.7360	0.000780
0.7362	0.000790
0.7364	0.000800
0.7366	0.000811
0.7368	0.000821
0.7370	0.000832
0.7372	0.000842
0.7374	0.000853
0.7376	0.000864
0.7378	0.000874
0.7380	0.000885
0.7382	0.000896
0.7384	0.000907
0.7386	0.000918
0.7388	0.000929
0.7390	0.000940
0.7392	0.000952
0.7394	0.000963
0.7396	0.000974
0.7398	0.000986
0.7400	0.000997
0.7402	0.001009
0.7404	0.001020
0.7406	0.001032
0.7408	0.001044
0.7410	0.001055
0.7412	0.001067
0.7414	0.001079
0.7416	0.001091
0.7418	0.001103
0.7420	0.001115
0.7422	0.001127
0.7424	0.001140
0.7426	0.001152
0.7428	0.001164
0.7430	0.001177
0.7432	0.001189
0.7434	0.001201
0.7436	0.001214
0.7438	0.001227
0.7440	0.001239
0.7442	0.001252
0.7444	0.001265
0.7446	0.001278
0.7448	0.001291
0.7450	0.001304
0.7452	0.001317
0.7454	0.001330
0.7456	0.001343
0.7458	0.001356
0.7460	0.001370
0.7462	0.001383
0.7464	0.001396
0.7466	0.001410
0.7468	0.001423
0.7470	0.001437
0.7472	0.001451
0.7474	0.001464
0.7476	0.001478
0.7478	0.001492
0.7480	0.001506
0.7482	0.001520
0.7484	0.001534
0.7486	0.001548
0.7488	0.001562
0.7490	0.001576
0.7492	0.001590
0.7494	0.001605
0.7496	0.001619
0.7498	0.001634
0.7500	0.001648
0.7502	0.001663
0.7504	0.001677
0.7506	0.001692
0.7508	0.001707
0.7510	0.001722
0.7512	0.001736
0.7514	0.001751
0.7516	0.001766
0.7518	0.001781
0.7520	0.001796
0.7522	0.001812
0.7524	0.001827
0.7526	0.001842
0.7528	0.001858
0.7530	0.001873
0.7532	0.001888
0.7534	0.001904
0.7536	0.001920
0.7538	0.001935
0.7540	0.001951
0.7542	0.001967
0.7544	0.001982
0.7546	0.001998
0.7548	0.002014
0.7550	0.002030
0.7552	0.002046
0.7554	0.002063
0.7556	0.002079
0.7558	0.002095
0.7560	0.002111
0.7562	0.002128
0.7564	0.002144
0.7566	0.002161
0.7568	0.002177
0.7570	0.002194
0.7572	0.002211
0.7574	0.002227
0.7576	0.002244
0.7578	0.002261
0.7580	0.002278
0.7582	0.002295
0.7584	0.002312
0.7586	0.002329
0.7588	0.002346
0.7590	0.002364
0.7592	0.002381
0.7594	0.002398
0.7596	0.002416
0.7598	0.002433
0.7600	0.002451
0.7602	0.002468
0.7604	0.002486
0.7606	0.002504
0.7608	0.002522
0.7610	0.002539
0.7612	0.002557
0.7614	0.002575
0.7616	0.002593
0.7618	0.002612
0.7620	0.002630
0.7622	0.002648
0.7624	0.002666
0.7626	0.002685
0.7628	0.002703
0.7630	0.002722
0.7632	0.002740
0.7634	0.002759
0.7636	0.002777
0.7638	0.002796
0.7640	0.002815
0.7642	0.002834
0.7644	0.002853
0.7646	0.002872
0.7648	0.002891
0.7650	0.002910
0.7652	0.002929
0.7654	0.002948
0.7656	0.002968
0.7658	0.002987
0.7660	0.003007
0.7662	0.003026
0.7664	0.003046
0.7666	0.003065
0.7668	0.003085
0.7670	0.003105
0.7672	0.003125
0.7674	0.003145
0.7676	0.003164
0.7678	0.003184
0.7680	0.003205
0.7682	0.003225
0.7684	0.003245
0.7686	0.003265
0.7688	0.003286
0.7690	0.003306
0.7692	0.003326
0.7694	0.003347
0.7696	0.003368
0.7698	0.003388
0.7700	0.003409
0.7702	0.003430
0.7704	0.003451
0.7706	0.003472
0.7708	0.003493
0.7710	0.003514
0.7712	0.003535
0.7714	0.003556
0.7716	0.003577
0.7718	0.003599
0.7720	0.003620
0.7722	0.003642
0.7724	0.003663
0.7726	0.003685
0.7728	0.003706
0.7730	0.003728
0.7732	0.003750
0.7734	0.003772
0.7736	0.003794
0.7738	0.003816
0.7740	0.003838
0.7742	0.003860
0.7744	0.003882
0.7746	0.003905
0.7748	0.003927
0.7750	0.003949
0.7752	0.003972
0.7754	0.003994
0.7756	0.004017
0.7758	0.004040
0.7760	0.004063
0.7762	0.004085
0.7764	0.004108
0.7766	0.004131
0.7768	0.004154
0.7770	0.004177
0.7772	0.004201
0.7774	0.004224
0.7776	0.004247
0.7778	0.004271
0.7780	0.004294
0.7782	0.004318
0.7784	0.004341
0.7786	0.004365
0.7788	0.004389
0.7790	0.004413
0.7792	0.004436
0.7794	0.004460
0.7796	0.004484
0.7798	0.004509
0.7800	0.004533
0.7802	0.004557
0.7804	0.004581
0.7806	0.004606
0.7808	0.004630
0.7810	0.004655
0.7812	0.004679
0.7814	0.004704
0.7816	0.004729
0.7818	0.004754
0.7820	0.004779
0.7822	0.004804
0.7824	0.004829
0.7826	0.004854
0.7828	0.004879
0.7830	0.004904
0.7832	0.004930
0.7834	0.004955
0.7836	0.004981
0.7838	0.005006
0.7840	0.005032
0.7842	0.005058
0.7844	0.005083
0.7846	0.005109
0.7848	0.005135
0.7850	0.005161
0.7852	0.005187
0.7854	0.005214
0.7856	0.005240
0.7858	0.005266
0.7860	0.005293
0.7862	0.005319
0.7864	0.005346
0.7866	0.005372
0.7868	0.005399
0.7870	0.005426
0.7872	0.005453
0.7874	0.005480
0.7876	0.005507
0.7878	0.005534
0.7880	0.005561
0.7882	0.005589
0.7884	0.005616
0.7886	0.005643
0.7888	0.005671
0.7890	0.005699
0.7892	0.005726
0.7894	0.005754
0.7896	0.005782
0.7898	0.005810
0.7900	0.005838
0.7902	0.005866
0.7904	0.005894
0.7906	0.005922
0.7908	0.005951
0.7910	0.005979
0.7912	0.006008
0.7914	0.006036
0.7916	0.006065
0.7918	0.006094
0.7920	0.006122
0.7922	0.006151
0.7924	0.006180
0.7926	0.006210
0.7928	0.006239
0.7930	0.006268
0.7932	0.006297
0.7934	0.006327
0.7936	0.006356
0.7938	0.006386
0.7940	0.006416
0.7942	0.006445
0.7944	0.006475
0.7946	0.006505
0.7948	0.006535
0.7950	0.006565
0.7952	0.006595
0.7954	0.006626
0.7956	0.006656
0.7958	0.006687
0.7960	0.006717
0.7962	0.006748
0.7964	0.006779
0.7966	0.006809
0.7968	0.006840
0.7970	0.006871
0.7972	0.006902
0.7974	0.006934
0.7976	0.006965
0.7978	0.006996
0.7980	0.007028
0.7982	0.007059
0.7984	0.007091
0.7986	0.007123
0.7988	0.007154
0.7990	0.007186
0.7992	0.007218
0.7994	0.007250
0.7996	0.007283
0.7998	0.007315
0.8000	0.007347
0.8002	0.007380
0.8004	0.007412
0.8006	0.007445
0.8008	0.007478
0.8010	0.007511
0.8012	0.007544
0.8014	0.007577
0.8016	0.007610
0.8018	0.007643
0.8020	0.007676
0.8022	0.007710
0.8024	0.007743
0.8026	0.007777
0.8028	0.007811
0.8030	0.007845
0.8032	0.007878
0.8034	0.007912
0.8036	0.007947
0.8038	0.007981
0.8040	0.008015
0.8042	0.008050
0.8044	0.008084
0.8046	0.008119
0.8048	0.008153
0.8050	0.008188
0.8052	0.008223
0.8054	0.008258
0.8056	0.008293
0.8058	0.008329
0.8060	0.008364
0.8062	0.008399
0.8064	0.008435
0.8066	0.008470
0.8068	0.008506
0.8070	0.008542
0.8072	0.008578
0.8074	0.008614
0.8076	0.008650
0.8078	0.008687
0.8080	0.008723
0.8082	0.008759
0.8084	0.008796
0.8086	0.008833
0.8088	0.008869
0.8090	0.008906
0.8092	0.008943
0.8094	0.008981
0.8096	0.009018
0.8098	0.009055
0.8100	0.009093
0.8102	0.009130
0.8104	0.009168
0.8106	0.009206
0.8108	0.009244
0.8110	0.009282
0.8112	0.009320
0.8114	0.009358
0.8116	0.009396
0.8118	0.009435
0.8120	0.009473
0.8122	0.009512
0.8124	0.009551
0.8126	0.009590
0.8128	0.009629
0.8130	0.009668
0.8132	0.009707
0.8134	0.009747
0.8136	0.009786
0.8138	0.009826
0.8140	0.009866
0.8142	0.009906
0.8144	0.009946
0.8146	0.009986
0.8148	0.010026
0.8150	0.010066
0.8152	0.010107
0.8154	0.010147
0.8156	0.010188
0.8158	0.010229
0.8160	0.010270
0.8162	0.010311
0.8164	0.010352
0.8166	0.010393
0.8168	0.010435
0.8170	0.010476
0.8172	0.010518
0.8174	0.010560
0.8176	0.010602
0.8178	0.010644
0.8180	0.010686
0.8182	0.010728
0.8184	0.010771
0.8186	0.010813
0.8188	0.010856
0.8190	0.010899
0.8192	0.010942
0.8194	0.010985
0.8196	0.011028
0.8198	0.011072
0.8200	0.011115
0.8202	0.011159
0.8204	0.011203
0.8206	0.011246
0.8208	0.011290
0.8210	0.011335
0.8212	0.011379
0.8214	0.011423
0.8216	0.011468
0.8218	0.011513
0.8220	0.011557
0.8222	0.011602
0.8224	0.011648
0.8226	0.011693
0.8228	0.011738
0.8230	0.011784
0.8232	0.011829
0.8234	0.011875
0.8236	0.011921
0.8238	0.011967
0.8240	0.012013
0.8242	0.012060
0.8244	0.012106
0.8246	0.012153
0.8248	0.012200
0.8250	0.012247
0.8252	0.012294
0.8254	0.012341
0.8256	0.012389
0.8258	0.012436
0.8260	0.012484
0.8262	0.012532
0.8264	0.012580
0.8266	0.012628
0.8268	0.012676
0.8270	0.012724
0.8272	0.012773
0.8274	0.012822
0.8276	0.012871
0.8278	0.012920
0.8280	0.012969
0.8282	0.013018
0.8284	0.013068
0.8286	0.013117
0.8288	0.013167
0.8290	0.013217
0.8292	0.013267
0.8294	0.013318
0.8296	0.013368
0.8298	0.013419
0.8300	0.013469
0.8302	0.013520
0.8304	0.013571
0.8306	0.013623
0.8308	0.013674
0.8310	0.013726
0.8312	0.013777
0.8314	0.013829
0.8316	0.013881
0.8318	0.013934
0.8320	0.013986
0.8322	0.014039
0.8324	0.014091
0.8326	0.014144
0.8328	0.014197
0.8330	0.014250
0.8332	0.014304
0.8334	0.014357
0.8336	0.014411
0.8338	0.014465
0.8340	0.014519
0.8342	0.014573
0.8344	0.014628
0.8346	0.014683
0.8348	0.014737
0.8350	0.014792
0.8352	0.014847
0.8354	0.014903
0.8356	0.014958
0.8358	0.015014
0.8360	0.015070
0.8362	0.015126
0.8364	0.015182
0.8366	0.015239
0.8368	0.015295
0.8370	0.015352
0.8372	0.015409
0.8374	0.015466
0.8376	0.015524
0.8378	0.015581
0.8380	0.015639
0.8382	0.015697
0.8384	0.015755
0.8386	0.015813
0.8388	0.015872
0.8390	0.015930
0.8392	0.015989
0.8394	0.016048
0.8396	0.016107
0.8398	0.016167
0.8400	0.016227
0.8402	0.016286
0.8404	0.016346
0.8406	0.016407
0.8408	0.016467
0.8410	0.016528
0.8412	0.016589
0.8414	0.016650
0.8416	0.016711
0.8418	0.016772
0.8420	0.016834
0.8422	0.016896
0.8424	0.016958
0.8426	0.017020
0.8428	0.017083
0.8430	0.017146
0.8432	0.017209
0.8434	0.017272
0.8436	0.017335
0.8438	0.017399
0.8440	0.017462
0.8442	0.017526
0.8444	0.017591
0.8446	0.017655
0.8448	0.017720
0.8450	0.017785
0.8452	0.017850
0.8454	0.017915
0.8456	0.017980
0.8458	0.018046
0.8460	0.018112
0.8462	0.018178
0.8464	0.018245
0.8466	0.018312
0.8468	0.018378
0.8470	0.018446
0.8472	0.018513
0.8474	0.018580
0.8476	0.018648
0.8478	0.018716
0.8480	0.018785
0.8482	0.018853
0.8484	0.018922
0.8486	0.018991
0.8488	0.019060
0.8490	0.019130
0.8492	0.019199
0.8494	0.019269
0.8496	0.019340
0.8498	0.019410
0.8500	0.019481
0.8502	0.019552
0.8504	0.019623
0.8506	0.019694
0.8508	0.019766
0.8510	0.019838
0.8512	0.019910
0.8514	0.019983
0.8516	0.020055
0.8518	0.020128
0.8520	0.020201
0.8522	0.020275
0.8524	0.020349
0.8526	0.020423
0.8528	0.020497
0.8530	0.020571
0.8532	0.020646
0.8534	0.020721
0.8536	0.020797
0.8538	0.020872
0.8540	0.020948
0.8542	0.021024
0.8544	0.021101
0.8546	0.021177
0.8548	0.021254
0.8550	0.021331
0.8552	0.021409
0.8554	0.021487
0.8556	0.021565
0.8558	0.021643
0.8560	0.021722
0.8562	0.021801
0.8564	0.021880
0.8566	0.021959
0.8568	0.022039
0.8570	0.022119
0.8572	0.022200
0.8574	0.022280
0.8576	0.022361
0.8578	0.022443
0.8580	0.022524
0.8582	0.022606
0.8584	0.022688
0.8586	0.022771
0.8588	0.022853
0.8590	0.022936
0.8592	0.023020
0.8594	0.023103
0.8596	0.023187
0.8598	0.023272
0.8600	0.023356
0.8602	0.023441
0.8604	0.023526
0.8606	0.023612
0.8608	0.023698
0.8610	0.023784
0.8612	0.023871
0.8614	0.023957
0.8616	0.024045
0.8618	0.024132
0.8620	0.024220
0.8622	0.024308
0.8624	0.024396
0.8626	0.024485
0.8628	0.024574
0.8630	0.024664
0.8632	0.024754
0.8634	0.024844
0.8636	0.024934
0.8638	0.025025
0.8640	0.025116
0.8642	0.025208
0.8644	0.025300
0.8646	0.025392
0.8648	0.025484
0.8650	0.025577
0.8652	0.025671
0.8654	0.025764
0.8656	0.025858
0.8658	0.025953
0.8660	0.026047
0.8662	0.026142
0.8664	0.026238
0.8666	0.026334
0.8668	0.026430
0.8670	0.026526
0.8672	0.026623
0.8674	0.026721
0.8676	0.026818
0.8678	0.026916
0.8680	0.027015
0.8682	0.027114
0.8684	0.027213
0.8686	0.027313
0.8688	0.027413
0.8690	0.027513
0.8692	0.027614
0.8694	0.027715
0.8696	0.027817
0.8698	0.027918
0.8700	0.028021
0.8702	0.028124
0.8704	0.028227
0.8706	0.028330
0.8708	0.028434
0.8710	0.028539
0.8712	0.028644
0.8714	0.028749
0.8716	0.028855
0.8718	0.028961
0.8720	0.029067
0.8722	0.029174
0.8724	0.029281
0.8726	0.029389
0.8728	0.029498
0.8730	0.029606
0.8732	0.029715
0.8734	0.029825
0.8736	0.029935
0.8738	0.030045
0.8740	0.030156
0.8742	0.030267
0.8744	0.030379
0.8746	0.030491
0.8748	0.030604
0.8750	0.030717
0.8752	0.030831
0.8754	0.030945
0.8756	0.031059
0.8758	0.031174
0.8760	0.031290
0.8762	0.031406
0.8764	0.031522
0.8766	0.031639
0.8768	0.031757
0.8770	0.031874
0.8772	0.031993
0.8774	0.032112
0.8776	0.032231
0.8778	0.032351
0.8780	0.032471
0.8782	0.032592
0.8784	0.032713
0.8786	0.032835
0.8788	0.032958
0.8790	0.033080
0.8792	0.033204
0.8794	0.033328
0.8796	0.033452
0.8798	0.033577
0.8800	0.033703
0.8802	0.033828
0.8804	0.033955
0.8806	0.034082
0.8808	0.034210
0.8810	0.034338
0.8812	0.034467
0.8814	0.034596
0.8816	0.034726
0.8818	0.034856
0.8820	0.034987
0.8822	0.035118
0.8824	0.035250
0.8826	0.035383
0.8828	0.035516
0.8830	0.035650
0.8832	0.035784
0.8834	0.035919
0.8836	0.036054
0.8838	0.036190
0.8840	0.036327
0.8842	0.036464
0.8844	0.036602
0.8846	0.036740
0.8848	0.036879
0.8850	0.037019
0.8852	0.037159
0.8854	0.037300
0.8856	0.037442
0.8858	0.037584
0.8860	0.037726
0.8862	0.037870
0.8864	0.038014
0.8866	0.038158
0.8868	0.038303
0.8870	0.038449
0.8872	0.038596
0.8874	0.038743
0.8876	0.038891
0.8878	0.039039
0.8880	0.039189
0.8882	0.039338
0.8884	0.039489
0.8886	0.039640
0.8888	0.039792
0.8890	0.039944
0.8892	0.040098
0.8894	0.040251
0.8896	0.040406
0.8898	0.040561
0.8900	0.040717
0.8902	0.040874
0.8904	0.041031
0.8906	0.041189
0.8908	0.041348
0.8910	0.041508
0.8912	0.041668
0.8914	0.041829
0.8916	0.041991
0.8918	0.042153
0.8920	0.042316
0.8922	0.042480
0.8924	0.042645
0.8926	0.042811
0.8928	0.042977
0.8930	0.043144
0.8932	0.043312
0.8934	0.043480
0.8936	0.043650
0.8938	0.043820
0.8940	0.043991
0.8942	0.044162
0.8944	0.044335
0.8946	0.044508
0.8948	0.044682
0.8950	0.044857
0.8952	0.045033
0.8954	0.045210
0.8956	0.045387
0.8958	0.045565
0.8960	0.045744
0.8962	0.045924
0.8964	0.046105
0.8966	0.046287
0.8968	0.046469
0.8970	0.046653
0.8972	0.046837
0.8974	0.047022
0.8976	0.047208
0.8978	0.047395
0.8980	0.047583
0.8982	0.047771
0.8984	0.047961
0.8986	0.048152
0.8988	0.048343
0.8990	0.048535
0.8992	0.048729
0.8994	0.048923
0.8996	0.049118
0.8998	0.049314
0.9000	0.049511
0.9002	0.049709
0.9004	0.049908
0.9006	0.050108
0.9008	0.050309
0.9010	0.050511
0.9012	0.050714
0.9014	0.050918
0.9016	0.051123
0.9018	0.051329
0.9020	0.051536
0.9022	0.051744
0.9024	0.051953
0.9026	0.052163
0.9028	0.052374
0.9030	0.052586
0.9032	0.052799
0.9034	0.053013
0.9036	0.053228
0.9038	0.053445
0.9040	0.053662
0.9042	0.053881
0.9044	0.054101
0.9046	0.054321
0.9048	0.054543
0.9050	0.054766
0.9052	0.054990
0.9054	0.055216
0.9056	0.055442
0.9058	0.055669
0.9060	0.055898
0.9062	0.056128
0.9064	0.056359
0.9066	0.056591
0.9068	0.056825
0.9070	0.057059
0.9072	0.057295
0.9074	0.057532
0.9076	0.057770
0.9078	0.058010
0.9080	0.058251
0.9082	0.058493
0.9084	0.058736
0.9086	0.058980
0.9088	0.059226
0.9090	0.059473
0.9092	0.059721
0.9094	0.059971
0.9096	0.060222
0.9098	0.060474
0.9100	0.060728
0.9102	0.060983
0.9104	0.061239
0.9106	0.061497
0.9108	0.061756
0.9110	0.062016
0.9112	0.062278
0.9114	0.062541
0.9116	0.062805
0.9118	0.063071
0.9120	0.063338
0.9122	0.063607
0.9124	0.063877
0.9126	0.064149
0.9128	0.064422
0.9130	0.064697
0.9132	0.064973
0.9134	0.065250
0.9136	0.065529
0.9138	0.065810
0.9140	0.066092
0.9142	0.066375
0.9144	0.066661
0.9146	0.066947
0.9148	0.067236
0.9150	0.067525
0.9152	0.067817
0.9154	0.068110
0.9156	0.068404
0.9158	0.068701
0.9160	0.068999
0.9162	0.069298
0.9164	0.069599
0.9166	0.069902
0.9168	0.070207
0.9170	0.070513
0.9172	0.070821
0.9174	0.071130
0.9176	0.071442
0.9178	0.071755
0.9180	0.072070
0.9182	0.072386
0.9184	0.072705
0.9186	0.073025
0.9188	0.073347
0.9190	0.073671
0.9192	0.073996
0.9194	0.074324
0.9196	0.074653
0.9198	0.074984
0.9200	0.075317
0.9202	0.075652
0.9204	0.075989
0.9206	0.076328
0.9208	0.076669
0.9210	0.077012
0.9212	0.077356
0.9214	0.077703
0.9216	0.078052
0.9218	0.078403
0.9220	0.078755
0.9222	0.079110
0.9224	0.079467
0.9226	0.079826
0.9228	0.080187
0.9230	0.080550
0.9232	0.080915
0.9234	0.081283
0.9236	0.081652
0.9238	0.082024
0.9240	0.082398
0.9242	0.082774
0.9244	0.083152
0.9246	0.083533
0.9248	0.083915
0.9250	0.084300
0.9252	0.084688
0.9254	0.085077
0.9256	0.085469
0.9258	0.085864
0.9260	0.086261
0.9262	0.086660
0.9264	0.087061
0.9266	0.087465
0.9268	0.087871
0.9270	0.088280
0.9272	0.088691
0.9274	0.089105
0.9276	0.089521
0.9278	0.089940
0.9280	0.090361
0.9282	0.090785
0.9284	0.091212
0.9286	0.091641
0.9288	0.092072
0.9290	0.092507
0.9292	0.092944
0.9294	0.093384
0.9296	0.093826
0.9298	0.094271
0.9300	0.094719
0.9302	0.095170
0.9304	0.095623
0.9306	0.096080
0.9308	0.096539
0.9310	0.097001
0.9312	0.097466
0.9314	0.097934
0.9316	0.098404
0.9318	0.098878
0.9320	0.099355
0.9322	0.099835
0.9324	0.100317
0.9326	0.100803
0.9328	0.101292
0.9330	0.101784
0.9332	0.102279
0.9334	0.102777
0.9336	0.103279
0.9338	0.103783
0.9340	0.104291
0.9342	0.104803
0.9344	0.105317
0.9346	0.105835
0.9348	0.106356
0.9350	0.106880
0.9352	0.107408
0.9354	0.107939
0.9356	0.108474
0.9358	0.109012
0.9360	0.109554
0.9362	0.110099
0.9364	0.110648
0.9366	0.111200
0.9368	0.111756
0.9370	0.112316
0.9372	0.112880
0.9374	0.113447
0.9376	0.114017
0.9378	0.114592
0.9380	0.115170
0.9382	0.115753
0.9384	0.116339
0.9386	0.116929
0.9388	0.117523
0.9390	0.118121
0.9392	0.118723
0.9394	0.119329
0.9396	0.119939
0.9398	0.120553
0.9400	0.121171
0.9402	0.121794
0.9404	0.122420
0.9406	0.123051
0.9408	0.123687
0.9410	0.124326
0.9412	0.124970
0.9414	0.125618
0.9416	0.126271
0.9418	0.126928
0.9420	0.127590
0.9422	0.128256
0.9424	0.128927
0.9426	0.129602
0.9428	0.130283
0.9430	0.130967
0.9432	0.131657
0.9434	0.132351
0.9436	0.133051
0.9438	0.133755
0.9440	0.134464
0.9442	0.135178
0.9444	0.135896
0.9446	0.136620
0.9448	0.137350
0.9450	0.138084
0.9452	0.138823
0.9454	0.139568
0.9456	0.140317
0.9458	0.141073
0.9460	0.141833
0.9462	0.142599
0.9464	0.143370
0.9466	0.144147
0.9468	0.144930
0.9470	0.145718
0.9472	0.146511
0.9474	0.147311
0.9476	0.148116
0.9478	0.148927
0.9480	0.149744
0.9482	0.150566
0.9484	0.151395
0.9486	0.152229
0.9488	0.153070
0.9490	0.153917
0.9492	0.154770
0.9494	0.155629
0.9496	0.156495
0.9498	0.157366
0.9500	0.158245
0.9502	0.159129
0.9504	0.160021
0.9506	0.160918
0.9508	0.161823
0.9510	0.162734
0.9512	0.163651
0.9514	0.164576
0.9516	0.165508
0.9518	0.166446
0.9520	0.167391
0.9522	0.168344
0.9524	0.169303
0.9526	0.170270
0.9528	0.171244
0.9530	0.172225
0.9532	0.173214
0.9534	0.174210
0.9536	0.175214
0.9538	0.176225
0.9540	0.177244
0.9542	0.178271
0.9544	0.179305
0.9546	0.180347
0.9548	0.181398
0.9550	0.182456
0.9552	0.183522
0.9554	0.184597
0.9556	0.185679
0.9558	0.186770
0.9560	0.187870
0.9562	0.188978
0.9564	0.190094
0.9566	0.191219
0.9568	0.192353
0.9570	0.193495
0.9572	0.194646
0.9574	0.195807
0.9576	0.196976
0.9578	0.198154
0.9580	0.199342
0.9582	0.200539
0.9584	0.201745
0.9586	0.202960
0.9588	0.204186
0.9590	0.205420
0.9592	0.206665
0.9594	0.207919
0.9596	0.209183
0.9598	0.210457
0.9600	0.211741
0.9602	0.213036
0.9604	0.214340
0.9606	0.215655
0.9608	0.216980
0.9610	0.218316
0.9612	0.219663
0.9614	0.221020
0.9616	0.222388
0.9618	0.223767
0.9620	0.225157
0.9622	0.226558
0.9624	0.227970
0.9626	0.229394
0.9628	0.230829
0.9630	0.232276
0.9632	0.233734
0.9634	0.235204
0.9636	0.236686
0.9638	0.238180
0.9640	0.239685
0.9642	0.241204
0.9644	0.242734
0.9646	0.244277
0.9648	0.245832
0.9650	0.247400
0.9652	0.248981
0.9654	0.250574
0.9656	0.252181
0.9658	0.253800
0.9660	0.255433
0.9662	0.257079
0.9664	0.258739
0.9666	0.260412
0.9668	0.262099
0.9670	0.263799
0.9672	0.265514
0.9674	0.267242
0.9676	0.268985
0.9678	0.270742
0.9680	0.272514
0.9682	0.274300
0.9684	0.276101
0.9686	0.277916
0.9688	0.279747
0.9690	0.281592
0.9692	0.283453
0.9694	0.285329
0.9696	0.287221
0.9698	0.289128
0.9700	0.291051
0.9702	0.292990
0.9704	0.294944
0.9706	0.296915
0.9708	0.298902
0.9710	0.300906
0.9712	0.302926
0.9714	0.304963
0.9716	0.307017
0.9718	0.309087
0.9720	0.311175
0.9722	0.313280
0.9724	0.315402
0.9726	0.317542
0.9728	0.319700
0.9730	0.321875
0.9732	0.324068
0.9734	0.326279
0.9736	0.328509
0.9738	0.330757
0.9740	0.333023
0.9742	0.335309
0.9744	0.337612
0.9746	0.339935
0.9748	0.342277
0.9750	0.344638
0.9752	0.347019
0.9754	0.349419
0.9756	0.351838
0.9758	0.354278
0.9760	0.356737
0.9762	0.359217
0.9764	0.361716
0.9766	0.364236
0.9768	0.366777
0.9770	0.369338
0.9772	0.371920
0.9774	0.374523
0.9776	0.377147
0.9778	0.379792
0.9780	0.382458
0.9782	0.385146
0.9784	0.387855
0.9786	0.390586
0.9788	0.393339
0.9790	0.396114
0.9792	0.398911
0.9794	0.401730
0.9796	0.404571
0.9798	0.407435
0.9800	0.410322
0.9802	0.413231
0.9804	0.416162
0.9806	0.419117
0.9808	0.422095
0.9810	0.425096
0.9812	0.428120
0.9814	0.431167
0.9816	0.434238
0.9818	0.437332
0.9820	0.440450
0.9822	0.443592
0.9824	0.446757
0.9826	0.449946
0.9828	0.453159
0.9830	0.456396
0.9832	0.459657
0.9834	0.462942
0.9836	0.466251
0.9838	0.469584
0.9840	0.472942
0.9842	0.476324
0.9844	0.479730
0.9846	0.483161
0.9848	0.486615
0.9850	0.490095
0.9852	0.493598
0.9854	0.497126
0.9856	0.500678
0.9858	0.504255
0.9860	0.507856
0.9862	0.511481
0.9864	0.515130
0.9866	0.518804
0.9868	0.522502
0.9870	0.526224
0.9872	0.529970
0.9874	0.533739
0.9876	0.537533
0.9878	0.541350
0.9880	0.545191
0.9882	0.549056
0.9884	0.552944
0.9886	0.556855
0.9888	0.560789
0.9890	0.564746
0.9892	0.568725
0.9894	0.572728
0.9896	0.576752
0.9898	0.580799
0.9900	0.584867
0.9902	0.588957
0.9904	0.593068
0.9906	0.597200
0.9908	0.601353
0.9910	0.605527
0.9912	0.609720
0.9914	0.613934
0.9916	0.618167
0.9918	0.622418
0.9920	0.626689
0.9922	0.630978
0.9924	0.635284
0.9926	0.639608
0.9928	0.643949
0.9930	0.648306
0.9932	0.652680
0.9934	0.657068
0.9936	0.661472
0.9938	0.665890
0.9940	0.670321
0.9942	0.674766
0.9944	0.679223
0.9946	0.683693
0.9948	0.688173
0.9950	0.692664
0.9952	0.697165
0.9954	0.701675
0.9956	0.706193
0.9958	0.710719
0.9960	0.715252
0.9962	0.719790
0.9964	0.724334
0.9966	0.728882
0.9968	0.733434
0.9970	0.737988
0.9972	0.742544
0.9974	0.747100
0.9976	0.751656
0.9978	0.756210
0.9980	0.760762
0.9982	0.765311
0.9984	0.769855
0.9986	0.774394
0.9988	0.778925
0.9990	0.783449
0.9992	0.787964
0.9994	0.792469
0.9996	0.796962
0.9998	0.801443
1.0000	0.805910
1.0002	0.810362
1.0004	0.814797
1.0006	0.819214
1.0008	0.823613
1.0010	0.827991
1.0012	0.832347
1.0014	0.836680
1.0016	0.840989
1.0018	0.845271
1.0020	0.849527
1.0022	0.853753
1.0024	0.857949
1.0026	0.862113
1.0028	0.866244
1.0030	0.870340
1.0032	0.874400
1.0034	0.878422
1.0036	0.882405
1.0038	0.886347
1.0040	0.890247
1.0042	0.894103
1.0044	0.897913
1.0046	0.901676
1.0048	0.905391
1.0050	0.909056
1.0052	0.912669
1.0054	0.916229
1.0056	0.919734
1.0058	0.923183
1.0060	0.926574
1.0062	0.929906
1.0064	0.933177
1.0066	0.936386
1.0068	0.939531
1.0070	0.942611
1.0072	0.945624
1.0074	0.948570
1.0076	0.951445
1.0078	0.954250
1.0080	0.956983
1.0082	0.959642
1.0084	0.962226
1.0086	0.964734
1.0088	0.967165
1.0090	0.969517
1.0092	0.971789
1.0094	0.973981
1.0096	0.976090
1.0098	0.978116
1.0100	0.980058
1.0102	0.981914
1.0104	0.983685
1.0106	0.985368
1.0108	0.986963
1.0110	0.988470
1.0112	0.989886
1.0114	0.991213
1.0116	0.992448
1.0118	0.993592
1.0120	0.994643
1.0122	0.995601
1.0124	0.996466
1.0126	0.997237
1.0128	0.997914
1.0130	0.998497
1.0132	0.998984
1.0134	0.999377
1.0136	0.999674
1.0138	0.999876
1.0140	0.999982
1.0142	0.999993
1.0144	0.999908
1.0146	0.999728
1.0148	0.999453
1.0150	0.999083
1.0152	0.998618
1.0154	0.998059
1.0156	0.997405
1.0158	0.996658
1.0160	0.995817
1.0162	0.994884
1.0164	0.993859
1.0166	0.992742
1.0168	0.991534
1.0170	0.990236
1.0172	0.988849
1.0174	0.987373
1.0176	0.985809
1.0178	0.984159
1.0180	0.982422
1.0182	0.980600
1.0184	0.978695
1.0186	0.976706
1.0188	0.974636
1.0190	0.972485
1.0192	0.970255
1.0194	0.967946
1.0196	0.965560
1.0198	0.963098
1.0200	0.960561
1.0202	0.957952
1.0204	0.955270
1.0206	0.952517
1.0208	0.949696
1.0210	0.946806
1.0212	0.943850
1.0214	0.940830
1.0216	0.937745
1.0218	0.934599
1.0220	0.931391
1.0222	0.928125
1.0224	0.924801
1.0226	0.921421
1.0228	0.917987
1.0230	0.914499
1.0232	0.910960
1.0234	0.907371
1.0236	0.903733
1.0238	0.900048
1.0240	0.896318
1.0242	0.892544
1.0244	0.888728
1.0246	0.884870
1.0248	0.880973
1.0250	0.877038
1.0252	0.873067
1.0254	0.869061
1.0256	0.865022
1.0258	0.860950
1.0260	0.856848
1.0262	0.852717
1.0264	0.848558
1.0266	0.844372
1.0268	0.840162
1.0270	0.835929
1.0272	0.831673
1.0274	0.827396
1.0276	0.823100
1.0278	0.818785
1.0280	0.814454
1.0282	0.810107
1.0284	0.805745
1.0286	0.801371
1.0288	0.796984
1.0290	0.792587
1.0292	0.788180
1.0294	0.783764
1.0296	0.779341
1.0298	0.774911
1.0300	0.770477
1.0302	0.766038
1.0304	0.761596
1.0306	0.757152
1.0308	0.752707
1.0310	0.748261
1.0312	0.743817
1.0314	0.739373
1.0316	0.734933
1.0318	0.730496
1.0320	0.726063
1.0322	0.721635
1.0324	0.717213
1.0326	0.712797
1.0328	0.708390
1.0330	0.703990
1.0332	0.699599
1.0334	0.695217
1.0336	0.690846
1.0338	0.686486
1.0340	0.682137
1.0342	0.677800
1.0344	0.673476
1.0346	0.669165
1.0348	0.664868
1.0350	0.660586
1.0352	0.656318
1.0354	0.652066
1.0356	0.647829
1.0358	0.643609
1.0360	0.639406
1.0362	0.635219
1.0364	0.631050
1.0366	0.626900
1.0368	0.622767
1.0370	0.618653
1.0372	0.614558
1.0374	0.610483
1.0376	0.606427
1.0378	0.602391
1.0380	0.598375
1.0382	0.594380
1.0384	0.590405
1.0386	0.586451
1.0388	0.582519
1.0390	0.578608
1.0392	0.574718
1.0394	0.570851
1.0396	0.567005
1.0398	0.563181
1.0400	0.559380
1.0402	0.555601
1.0404	0.551845
1.0406	0.548111
1.0408	0.544400
1.0410	0.540712
1.0412	0.537047
1.0414	0.533405
1.0416	0.529786
1.0418	0.526190
1.0420	0.522617
1.0422	0.519068
1.0424	0.515542
1.0426	0.512039
1.0428	0.508560
1.0430	0.505104
1.0432	0.501672
1.0434	0.498262
1.0436	0.494877
1.0438	0.491514
1.0440	0.488175
1.0442	0.484859
1.0444	0.481567
1.0446	0.478298
1.0448	0.475052
1.0450	0.471829
1.0452	0.468629
1.0454	0.465453
1.0456	0.462299
1.0458	0.459169
1.0460	0.456061
1.0462	0.452976
1.0464	0.449914
1.0466	0.446874
1.0468	0.443858
1.0470	0.440863
1.0472	0.437891
1.0474	0.434941
1.0476	0.432014
1.0478	0.429109
1.0480	0.426225
1.0482	0.423364
1.0484	0.420524
1.0486	0.417706
1.0488	0.414910
1.0490	0.412135
1.0492	0.409382
1.0494	0.406650
1.0496	0.403939
1.0498	0.401249
1.0500	0.398579
1.0502	0.395931
1.0504	0.393303
1.0506	0.390696
1.0508	0.388109
1.0510	0.385543
1.0512	0.382997
1.0514	0.380470
1.0516	0.377964
1.0518	0.375477
1.0520	0.373010
1.0522	0.370563
1.0524	0.368135
1.0526	0.365726
1.0528	0.363336
1.0530	0.360965
1.0532	0.358613
1.0534	0.356280
1.0536	0.353965
1.0538	0.351668
1.0540	0.349390
1.0542	0.347131
1.0544	0.344889
1.0546	0.342665
1.0548	0.340459
1.0550	0.338270
1.0552	0.336099
1.0554	0.333945
1.0556	0.331809
1.0558	0.329689
1.0560	0.327587
1.0562	0.325501
1.0564	0.323432
1.0566	0.321380
1.0568	0.319344
1.0570	0.317324
1.0572	0.315321
1.0574	0.313333
1.0576	0.311362
1.0578	0.309406
1.0580	0.307466
1.0582	0.305541
1.0584	0.303632
1.0586	0.301738
1.0588	0.299859
1.0590	0.297995
1.0592	0.296146
1.0594	0.294312
1.0596	0.292492
1.0598	0.290687
1.0600	0.288896
1.0602	0.287120
1.0604	0.285358
1.0606	0.283609
1.0608	0.281875
1.0610	0.280154
1.0612	0.278448
1.0614	0.276754
1.0616	0.275074
1.0618	0.273408
1.0620	0.271754
1.0622	0.270114
1.0624	0.268486
1.0626	0.266872
1.0628	0.265270
1.0630	0.263681
1.0632	0.262104
1.0634	0.260540
1.0636	0.258988
1.0638	0.257449
1.0640	0.255921
1.0642	0.254405
1.0644	0.252902
1.0646	0.251410
1.0648	0.249929
1.0650	0.248461
1.0652	0.247003
1.0654	0.245557
1.0656	0.244123
1.0658	0.242699
1.0660	0.241287
1.0662	0.239885
1.0664	0.238495
1.0666	0.237115
1.0668	0.235746
1.0670	0.234387
1.0672	0.233039
1.0674	0.231702
1.0676	0.230374
1.0678	0.229057
1.0680	0.227750
1.0682	0.226453
1.0684	0.225166
1.0686	0.223889
1.0688	0.222621
1.0690	0.221363
1.0692	0.220115
1.0694	0.218876
1.0696	0.217647
1.0698	0.216427
1.0700	0.215217
1.0702	0.214015
1.0704	0.212823
1.0706	0.211639
1.0708	0.210465
1.0710	0.209299
1.0712	0.208142
1.0714	0.206994
1.0716	0.205854
1.0718	0.204723
1.0720	0.203601
1.0722	0.202486
1.0724	0.201381
1.0726	0.200283
1.0728	0.199193
1.0730	0.198112
1.0732	0.197039
1.0734	0.195973
1.0736	0.194916
1.0738	0.193866
1.0740	0.192824
1.0742	0.191790
1.0744	0.190763
1.0746	0.189744
1.0748	0.188732
1.0750	0.187728
1.0752	0.186730
1.0754	0.185741
1.0756	0.184758
1.0758	0.183783
1.0760	0.182815
1.0762	0.181853
1.0764	0.180899
1.0766	0.179952
1.0768	0.179011
1.0770	0.178077
1.0772	0.177150
1.0774	0.176230
1.0776	0.175316
1.0778	0.174409
1.0780	0.173508
1.0782	0.172613
1.0784	0.171725
1.0786	0.170844
1.0788	0.169968
1.0790	0.169099
1.0792	0.168236
1.0794	0.167379
1.0796	0.166528
1.0798	0.165683
1.0800	0.164844
1.0802	0.164011
1.0804	0.163184
1.0806	0.162362
1.0808	0.161547
1.0810	0.160737
1.0812	0.159932
1.0814	0.159133
1.0816	0.158340
1.0818	0.157552
1.0820	0.156770
1.0822	0.155993
1.0824	0.155222
1.0826	0.154456
1.0828	0.153695
1.0830	0.152939
1.0832	0.152188
1.0834	0.151443
1.0836	0.150703
1.0838	0.149967
1.0840	0.149237
1.0842	0.148512
1.0844	0.147791
1.0846	0.147076
1.0848	0.146365
1.0850	0.145659
1.0852	0.144958
1.0854	0.144262
1.0856	0.143570
1.0858	0.142883
1.0860	0.142201
1.0862	0.141523
1.0864	0.140849
1.0866	0.140180
1.0868	0.139516
1.0870	0.138856
1.0872	0.138200
1.0874	0.137549
1.0876	0.136902
1.0878	0.136259
1.0880	0.135620
1.0882	0.134986
1.0884	0.134356
1.0886	0.133730
1.0888	0.133108
1.0890	0.132490
1.0892	0.131876
1.0894	0.131266
1.0896	0.130660
1.0898	0.130058
1.0900	0.129460
1.0902	0.128866
1.0904	0.128276
1.0906	0.127689
1.0908	0.127106
1.0910	0.126527
1.0912	0.125952
1.0914	0.125380
1.0916	0.124812
1.0918	0.124248
1.0920	0.123687
1.0922	0.123130
1.0924	0.122576
1.0926	0.122026
1.0928	0.121479
1.0930	0.120936
1.0932	0.120396
1.0934	0.119859
1.0936	0.119326
1.0938	0.118796
1.0940	0.118270
1.0942	0.117747
1.0944	0.117227
1.0946	0.116710
1.0948	0.116197
1.0950	0.115687
1.0952	0.115180
1.0954	0.114676
1.0956	0.114175
1.0958	0.113677
1.0960	0.113182
1.0962	0.112691
1.0964	0.112202
1.0966	0.111716
1.0968	0.111234
1.0970	0.110754
1.0972	0.110277
1.0974	0.109803
1.0976	0.109332
1.0978	0.108864
1.0980	0.108399
1.0982	0.107936
1.0984	0.107477
1.0986	0.107020
1.0988	0.106565
1.0990	0.106114
1.0992	0.105665
1.0994	0.105219
1.0996	0.104776
1.0998	0.104335
1.1000	0.103897
1.1002	0.103461
1.1004	0.103028
1.1006	0.102598
1.1008	0.102170
1.1010	0.101745
1.1012	0.101322
1.1014	0.100901
1.1016	0.100484
1.1018	0.100068
1.1020	0.099655
1.1022	0.099245
1.1024	0.098836
1.1026	0.098431
1.1028	0.098027
1.1030	0.097626
1.1032	0.097227
1.1034	0.096831
1.1036	0.096437
1.1038	0.096045
1.1040	0.095655
1.1042	0.095268
1.1044	0.094883
1.1046	0.094500
1.1048	0.094119
1.1050	0.093740
1.1052	0.093364
1.1054	0.092989
1.1056	0.092617
1.1058	0.092247
1.1060	0.091879
1.1062	0.091513
1.1064	0.091150
1.1066	0.090788
1.1068	0.090428
1.1070	0.090070
1.1072	0.089715
1.1074	0.089361
1.1076	0.089009
1.1078	0.088660
1.1080	0.088312
1.1082	0.087966
1.1084	0.087622
1.1086	0.087280
1.1088	0.086940
1.1090	0.086602
1.1092	0.086265
1.1094	0.085931
1.1096	0.085598
1.1098	0.085267
1.1100	0.084938
1.1102	0.084611
1.1104	0.084285
1.1106	0.083962
1.1108	0.083640
1.1110	0.083320
1.1112	0.083001
1.1114	0.082685
1.1116	0.082370
1.1118	0.082056
1.1120	0.081745
1.1122	0.081435
1.1124	0.081127
1.1126	0.080820
1.1128	0.080515
1.1130	0.080212
1.1132	0.079910
1.1134	0.079610
1.1136	0.079312
1.1138	0.079015
1.1140	0.078720
1.1142	0.078426
1.1144	0.078134
1.1146	0.077843
1.1148	0.077554
1.1150	0.077266
1.1152	0.076980
1.1154	0.076696
1.1156	0.076413
1.1158	0.076131
1.1160	0.075851
1.1162	0.075573
1.1164	0.075295
1.1166	0.075020
1.1168	0.074745
1.1170	0.074473
1.1172	0.074201
1.1174	0.073931
1.1176	0.073662
1.1178	0.073395
1.1180	0.073129
1.1182	0.072865
1.1184	0.072602
1.1186	0.072340
1.1188	0.072079
1.1190	0.071820
1.1192	0.071563
1.1194	0.071306
1.1196	0.071051
1.1198	0.070797
1.1200	0.070544
1.1202	0.070293
1.1204	0.070043
1.1206	0.069794
1.1208	0.069547
1.1210	0.069301
1.1212	0.069055
1.1214	0.068812
1.1216	0.068569
1.1218	0.068328
1.1220	0.068088
1.1222	0.067849
1.1224	0.067611
1.1226	0.067374
1.1228	0.067139
1.1230	0.066905
1.1232	0.066672
1.1234	0.066440
1.1236	0.066209
1.1238	0.065979
1.1240	0.065751
1.1242	0.065523
1.1244	0.065297
1.1246	0.065072
1.1248	0.064848
1.1250	0.064625
1.1252	0.064403
1.1254	0.064182
1.1256	0.063963
1.1258	0.063744
1.1260	0.063526
1.1262	0.063310
1.1264	0.063094
1.1266	0.062880
1.1268	0.062667
1.1270	0.062454
1.1272	0.062243
1.1274	0.062033
1.1276	0.061823
1.1278	0.061615
1.1280	0.061408
1.1282	0.061201
1.1284	0.060996
1.1286	0.060792
1.1288	0.060588
1.1290	0.060386
1.1292	0.060184
1.1294	0.059984
1.1296	0.059784
1.1298	0.059586
1.1300	0.059388
1.1302	0.059191
1.1304	0.058995
1.1306	0.058800
1.1308	0.058606
1.1310	0.058413
1.1312	0.058221
1.1314	0.058030
1.1316	0.057840
1.1318	0.057650
1.1320	0.057461
1.1322	0.057274
1.1324	0.057087
1.1326	0.056901
1.1328	0.056716
1.1330	0.056531
1.1332	0.056348
1.1334	0.056165
1.1336	0.055984
1.1338	0.055803
1.1340	0.055622
1.1342	0.055443
1.1344	0.055265
1.1346	0.055087
1.1348	0.054910
1.1350	0.054734
1.1352	0.054559
1.1354	0.054385
1.1356	0.054211
1.1358	0.054038
1.1360	0.053866
1.1362	0.053695
1.1364	0.053524
1.1366	0.053355
1.1368	0.053186
1.1370	0.053017
1.1372	0.052850
1.1374	0.052683
1.1376	0.052517
1.1378	0.052352
1.1380	0.052187
1.1382	0.052024
1.1384	0.051861
1.1386	0.051698
1.1388	0.051537
1.1390	0.051376
1.1392	0.051216
1.1394	0.051056
1.1396	0.050897
1.1398	0.050739
1.1400	0.050582
1.1402	0.050425
1.1404	0.050269
1.1406	0.050114
1.1408	0.049959
1.1410	0.049805
1.1412	0.049652
1.1414	0.049500
1.1416	0.049348
1.1418	0.049196
1.1420	0.049046
1.1422	0.048896
1.1424	0.048746
1.1426	0.048598
1.1428	0.048450
1.1430	0.048302
1.1432	0.048156
1.1434	0.048009
1.1436	0.047864
1.1438	0.047719
1.1440	0.047575
1.1442	0.047431
1.1444	0.047288
1.1446	0.047146
1.1448	0.047004
1.1450	0.046863
1.1452	0.046722
1.1454	0.046582
1.1456	0.046443
1.1458	0.046304
1.1460	0.046166
1.1462	0.046028
1.1464	0.045891
1.1466	0.045754
1.1468	0.045618
1.1470	0.045483
1.1472	0.045348
1.1474	0.045214
1.1476	0.045080
1.1478	0.044947
1.1480	0.044815
1.1482	0.044683
1.1484	0.044551
1.1486	0.044420
1.1488	0.044290
1.1490	0.044160
1.1492	0.044031
1.1494	0.043902
1.1496	0.043774
1.1498	0.043646
1.1500	0.043519
1.1502	0.043393
1.1504	0.043266
1.1506	0.043141
1.1508	0.043016
1.1510	0.042891
1.1512	0.042767
1.1514	0.042644
1.1516	0.042521
1.1518	0.042398
1.1520	0.042276
1.1522	0.042154
1.1524	0.042033
1.1526	0.041913
1.1528	0.041793
1.1530	0.041673
1.1532	0.041554
1.1534	0.041435
1.1536	0.041317
1.1538	0.041200
1.1540	0.041082
1.1542	0.040966
1.1544	0.040849
1.1546	0.040734
1.1548	0.040618
1.1550	0.040503
1.1552	0.040389
1.1554	0.040275
1.1556	0.040161
1.1558	0.040048
1.1560	0.039936
1.1562	0.039824
1.1564	0.039712
1.1566	0.039601
1.1568	0.039490
1.1570	0.039379
1.1572	0.039269
1.1574	0.039160
1.1576	0.039051
1.1578	0.038942
1.1580	0.038834
1.1582	0.038726
1.1584	0.038619
1.1586	0.038512
1.1588	0.038405
1.1590	0.038299
1.1592	0.038193
1.1594	0.038088
1.1596	0.037983
1.1598	0.037878
1.1600	0.037774
1.1602	0.037670
1.1604	0.037567
1.1606	0.037464
1.1608	0.037362
1.1610	0.037260
1.1612	0.037158
1.1614	0.037057
1.1616	0.036956
1.1618	0.036855
1.1620	0.036755
1.1622	0.036655
1.1624	0.036556
1.1626	0.036457
1.1628	0.036358
1.1630	0.036260
1.1632	0.036162
1.1634	0.036064
1.1636	0.035967
1.1638	0.035870
1.1640	0.035774
1.1642	0.035678
1.1644	0.035582
1.1646	0.035487
1.1648	0.035392
1.1650	0.035297
1.1652	0.035203
1.1654	0.035109
1.1656	0.035015
1.1658	0.034922
1.1660	0.034829
1.1662	0.034737
1.1664	0.034645
1.1666	0.034553
1.1668	0.034461
1.1670	0.034370
1.1672	0.034279
1.1674	0.034189
1.1676	0.034099
1.1678	0.034009
1.1680	0.033919
1.1682	0.033830
1.1684	0.033741
1.1686	0.033653
1.1688	0.033565
1.1690	0.033477
1.1692	0.033389
1.1694	0.033302
1.1696	0.033215
1.1698	0.033129
1.1700	0.033042
1.1702	0.032956
1.1704	0.032871
1.1706	0.032785
1.1708	0.032700
1.1710	0.032616
1.1712	0.032531
1.1714	0.032447
1.1716	0.032364
1.1718	0.032280
1.1720	0.032197
1.1722	0.032114
1.1724	0.032031
1.1726	0.031949
1.1728	0.031867
1.1730	0.031786
1.1732	0.031704
1.1734	0.031623
1.1736	0.031542
1.1738	0.031462
1.1740	0.031381
1.1742	0.031301
1.1744	0.031222
1.1746	0.031142
1.1748	0.031063
1.1750	0.030985
1.1752	0.030906
1.1754	0.030828
1.1756	0.030750
1.1758	0.030672
1.1760	0.030595
1.1762	0.030517
1.1764	0.030441
1.1766	0.030364
1.1768	0.030288
1.1770	0.030211
1.1772	0.030136
1.1774	0.030060
1.1776	0.029985
1.1778	0.029910
1.1780	0.029835
1.1782	0.029761
1.1784	0.029686
1.1786	0.029612
1.1788	0.029539
1.1790	0.029465
1.1792	0.029392
1.1794	0.029319
1.1796	0.029246
1.1798	0.029174
1.1800	0.029102
1.1802	0.029030
1.1804	0.028958
1.1806	0.028886
1.1808	0.028815
1.1810	0.028744
1.1812	0.028673
1.1814	0.028603
1.1816	0.028533
1.1818	0.028463
1.1820	0.028393
1.1822	0.028323
1.1824	0.028254
1.1826	0.028185
1.1828	0.028116
1.1830	0.028048
1.1832	0.027979
1.1834	0.027911
1.1836	0.027843
1.1838	0.027776
1.1840	0.027708
1.1842	0.027641
1.1844	0.027574
1.1846	0.027507
1.1848	0.027441
1.1850	0.027374
1.1852	0.027308
1.1854	0.027243
1.1856	0.027177
1.1858	0.027111
1.1860	0.027046
1.1862	0.026981
1.1864	0.026917
1.1866	0.026852
1.1868	0.026788
1.1870	0.026724
1.1872	0.026660
1.1874	0.026596
1.1876	0.026532
1.1878	0.026469
1.1880	0.026406
1.1882	0.026343
1.1884	0.026281
1.1886	0.026218
1.1888	0.026156
1.1890	0.026094
1.1892	0.026032
1.1894	0.025970
1.1896	0.025909
1.1898	0.025848
1.1900	0.025787
1.1902	0.025726
1.1904	0.025665
1.1906	0.025605
1.1908	0.025545
1.1910	0.025485
1.1912	0.025425
1.1914	0.025365
1.1916	0.025306
1.1918	0.025247
1.1920	0.025187
1.1922	0.025129
1.1924	0.025070
1.1926	0.025011
1.1928	0.024953
1.1930	0.024895
1.1932	0.024837
1.1934	0.024779
1.1936	0.024722
1.1938	0.024664
1.1940	0.024607
1.1942	0.024550
1.1944	0.024493
1.1946	0.024437
1.1948	0.024380
1.1950	0.024324
1.1952	0.024268
1.1954	0.024212
1.1956	0.024156
1.1958	0.024101
1.1960	0.024045
1.1962	0.023990
1.1964	0.023935
1.1966	0.023880
1.1968	0.023826
1.1970	0.023771
1.1972	0.023717
1.1974	0.023663
1.1976	0.023609
1.1978	0.023555
1.1980	0.023501
1.1982	0.023448
1.1984	0.023394
1.1986	0.023341
1.1988	0.023288
1.1990	0.023235
1.1992	0.023183
1.1994	0.023130
1.1996	0.023078
1.1998	0.023026
1.2000	0.022974
1.2002	0.022922
1.2004	0.022870
1.2006	0.022819
1.2008	0.022767
1.2010	0.022716
1.2012	0.022665
1.2014	0.022614
1.2016	0.022564
1.2018	0.022513
1.2020	0.022463
1.2022	0.022412
1.2024	0.022362
1.2026	0.022312
1.2028	0.022262
1.2030	0.022213
1.2032	0.022163
1.2034	0.022114
1.2036	0.022065
1.2038	0.022016
1.2040	0.021967
1.2042	0.021918
1.2044	0.021870
1.2046	0.021821
1.2048	0.021773
1.2050	0.021725
1.2052	0.021677
1.2054	0.021629
1.2056	0.021581
1.2058	0.021534
1.2060	0.021486
1.2062	0.021439
1.2064	0.021392
1.2066	0.021345
1.2068	0.021298
1.2070	0.021251
1.2072	0.021205
1.2074	0.021158
1.2076	0.021112
1.2078	0.021066
1.2080	0.021020
1.2082	0.020974
1.2084	0.020928
1.2086	0.020883
1.2088	0.020837
1.2090	0.020792
1.2092	0.020747
1.2094	0.020702
1.2096	0.020657
1.2098	0.020612
1.2100	0.020567
1.2102	0.020523
1.2104	0.020478
1.2106	0.020434
1.2108	0.020390
1.2110	0.020346
1.2112	0.020302
1.2114	0.020258
1.2116	0.020215
1.2118	0.020171
1.2120	0.020128
1.2122	0.020085
1.2124	0.020042
1.2126	0.019999
1.2128	0.019956
1.2130	0.019913
1.2132	0.019871
1.2134	0.019828
1.2136	0.019786
1.2138	0.019744
1.2140	0.019701
1.2142	0.019659
1.2144	0.019618
1.2146	0.019576
1.2148	0.019534
1.2150	0.019493
1.2152	0.019451
1.2154	0.019410
1.2156	0.019369
1.2158	0.019328
1.2160	0.019287
1.2162	0.019246
1.2164	0.019206
1.2166	0.019165
1.2168	0.019125
1.2170	0.019084
1.2172	0.019044
1.2174	0.019004
1.2176	0.018964
1.2178	0.018924
1.2180	0.018885
1.2182	0.018845
1.2184	0.018806
1.2186	0.018766
1.2188	0.018727
1.2190	0.018688
1.2192	0.018649
1.2194	0.018610
1.2196	0.018571
1.2198	0.018532
1.2200	0.018494
1.2202	0.018455
1.2204	0.018417
1.2206	0.018378
1.2208	0.018340
1.2210	0.018302
1.2212	0.018264
1.2214	0.018226
1.2216	0.018189
1.2218	0.018151
1.2220	0.018113
1.2222	0.018076
1.2224	0.018039
1.2226	0.018002
1.2228	0.017964
1.2230	0.017927
1.2232	0.017891
1.2234	0.017854
1.2236	0.017817
1.2238	0.017780
1.2240	0.017744
1.2242	0.017708
1.2244	0.017671
1.2246	0.017635
1.2248	0.017599
1.2250	0.017563
1.2252	0.017527
1.2254	0.017491
1.2256	0.017456
1.2258	0.017420
1.2260	0.017385
1.2262	0.017349
1.2264	0.017314
1.2266	0.017279
1.2268	0.017244
1.2270	0.017209
1.2272	0.017174
1.2274	0.017139
1.2276	0.017104
1.2278	0.017070
1.2280	0.017035
1.2282	0.017001
1.2284	0.016966
1.2286	0.016932
1.2288	0.016898
1.2290	0.016864
1.2292	0.016830
1.2294	0.016796
1.2296	0.016762
1.2298	0.016729
1.2300	0.016695
1.2302	0.016661
1.2304	0.016628
1.2306	0.016595
1.2308	0.016561
1.2310	0.016528
1.2312	0.016495
1.2314	0.016462
1.2316	0.016429
1.2318	0.016397
1.2320	0.016364
1.2322	0.016331
1.2324	0.016299
1.2326	0.016266
1.2328	0.016234
1.2330	0.016202
1.2332	0.016170
1.2334	0.016138
1.2336	0.016106
1.2338	0.016074
1.2340	0.016042
1.2342	0.016010
1.2344	0.015978
1.2346	0.015947
1.2348	0.015915
1.2350	0.015884
1.2352	0.015853
1.2354	0.015821
1.2356	0.015790
1.2358	0.015759
1.2360	0.015728
1.2362	0.015697
1.2364	0.015666
1.2366	0.015636
1.2368	0.015605
1.2370	0.015575
1.2372	0.015544
1.2374	0.015514
1.2376	0.015483
1.2378	0.015453
1.2380	0.015423
1.2382	0.015393
1.2384	0.015363
1.2386	0.015333
1.2388	0.015303
1.2390	0.015273
1.2392	0.015243
1.2394	0.015214
1.2396	0.015184
1.2398	0.015155
1.2400	0.015125
1.2402	0.015096
1.2404	0.015067
1.2406	0.015038
1.2408	0.015009
1.2410	0.014980
1.2412	0.014951
1.2414	0.014922
1.2416	0.014893
1.2418	0.014864
1.2420	0.014836
1.2422	0.014807
1.2424	0.014779
1.2426	0.014750
1.2428	0.014722
1.2430	0.014693
1.2432	0.014665
1.2434	0.014637
1.2436	0.014609
1.2438	0.014581
1.2440	0.014553
1.2442	0.014525
1.2444	0.014498
1.2446	0.014470
1.2448	0.014442
1.2450	0.014415
1.2452	0.014387
1.2454	0.014360
1.2456	0.014332
1.2458	0.014305
1.2460	0.014278
1.2462	0.014251
1.2464	0.014224
1.2466	0.014197
1.2468	0.014170
1.2470	0.014143
1.2472	0.014116
1.2474	0.014090
1.2476	0.014063
1.2478	0.014036
1.2480	0.014010
1.2482	0.013983
1.2484	0.013957
1.2486	0.013931
1.2488	0.013904
1.2490	0.013878
1.2492	0.013852
1.2494	0.013826
1.2496	0.013800
1.2498	0.013774
1.2500	0.013748
1.2502	0.013722
1.2504	0.013697
1.2506	0.013671
1.2508	0.013645
1.2510	0.013620
1.2512	0.013594
1.2514	0.013569
1.2516	0.013544
1.2518	0.013518
1.2520	0.013493
1.2522	0.013468
1.2524	0.013443
1.2526	0.013418
1.2528	0.013393
1.2530	0.013368
1.2532	0.013343
1.2534	0.013318
1.2536	0.013294
1.2538	0.013269
1.2540	0.013244
1.2542	0.013220
1.2544	0.013195
1.2546	0.013171
1.2548	0.013147
1.2550	0.013122
1.2552	0.013098
1.2554	0.013074
1.2556	0.013050
1.2558	0.013026
1.2560	0.013002
1.2562	0.012978
1.2564	0.012954
1.2566	0.012930
1.2568	0.012906
1.2570	0.012883
1.2572	0.012859
1.2574	0.012835
1.2576	0.012812
1.2578	0.012788
1.2580	0.012765
1.2582	0.012741
1.2584	0.012718
1.2586	0.012695
1.2588	0.012672
1.2590	0.012649
1.2592	0.012626
1.2594	0.012602
1.2596	0.012580
1.2598	0.012557
1.2600	0.012534
1.2602	0.012511
1.2604	0.012488
1.2606	0.012466
1.2608	0.012443
1.2610	0.012420
1.2612	0.012398
1.2614	0.012375
1.2616	0.012353
1.2618	0.012330
1.2620	0.012308
1.2622	0.012286
1.2624	0.012264
1.2626	0.012242
1.2628	0.012219
1.2630	0.012197
1.2632	0.012175
1.2634	0.012153
1.2636	0.012132
1.2638	0.012110
1.2640	0.012088
1.2642	0.012066
1.2644	0.012045
1.2646	0.012023
1.2648	0.012001
1.2650	0.011980
1.2652	0.011958
1.2654	0.011937
1.2656	0.011916
1.2658	0.011894
1.2660	0.011873
1.2662	0.011852
1.2664	0.011831
1.2666	0.011809
1.2668	0.011788
1.2670	0.011767
1.2672	0.011746
1.2674	0.011725
1.2676	0.011705
1.2678	0.011684
1.2680	0.011663
1.2682	0.011642
1.2684	0.011622
1.2686	0.011601
1.2688	0.011580
1.2690	0.011560
1.2692	0.011539
1.2694	0.011519
1.2696	0.011498
1.2698	0.011478
1.2700	0.011458
1.2702	0.011438
1.2704	0.011417
1.2706	0.011397
1.2708	0.011377
1.2710	0.011357
1.2712	0.011337
1.2714	0.011317
1.2716	0.011297
1.2718	0.011277
1.2720	0.011257
1.2722	0.011238
1.2724	0.011218
1.2726	0.011198
1.2728	0.011179
1.2730	0.011159
1.2732	0.011139
1.2734	0.011120
1.2736	0.011100
1.2738	0.011081
1.2740	0.011062
1.2742	0.011042
1.2744	0.011023
1.2746	0.011004
1.2748	0.010985
1.2750	0.010965
1.2752	0.010946
1.2754	0.010927
1.2756	0.010908
1.2758	0.010889
1.2760	0.010870
1.2762	0.010851
1.2764	0.010833
1.2766	0.010814
1.2768	0.010795
1.2770	0.010776
1.2772	0.010758
1.2774	0.010739
1.2776	0.010720
1.2778	0.010702
1.2780	0.010683
1.2782	0.010665
1.2784	0.010646
1.2786	0.010628
1.2788	0.010610
1.2790	0.010591
1.2792	0.010573
1.2794	0.010555
1.2796	0.010537
1.2798	0.010519
1.2800	0.010501
1.2802	0.010482
1.2804	0.010464
1.2806	0.010446
1.2808	0.010429
1.2810	0.010411
1.2812	0.010393
1.2814	0.010375
1.2816	0.010357
1.2818	0.010339
1.2820	0.010322
1.2822	0.010304
1.2824	0.010287
1.2826	0.010269
1.2828	0.010251
1.2830	0.010234
1.2832	0.010216
1.2834	0.010199
1.2836	0.010182
1.2838	0.010164
1.2840	0.010147
1.2842	0.010130
1.2844	0.010113
1.2846	0.010095
1.2848	0.010078
1.2850	0.010061
1.2852	0.010044
1.2854	0.010027
1.2856	0.010010
1.2858	0.009993
1.2860	0.009976
1.2862	0.009959
1.2864	0.009942
1.2866	0.009926
1.2868	0.009909
1.2870	0.009892
1.2872	0.009875
1.2874	0.009859
1.2876	0.009842
1.2878	0.009825
1.2880	0.009809
1.2882	0.009792
1.2884	0.009776
1.2886	0.009759
1.2888	0.009743
1.2890	0.009727
1.2892	0.009710
1.2894	0.009694
1.2896	0.009678
1.2898	0.009662
1.2900	0.009645
1.2902	0.009629
1.2904	0.009613
1.2906	0.009597
1.2908	0.009581
1.2910	0.009565
1.2912	0.009549
1.2914	0.009533
1.2916	0.009517
1.2918	0.009501
1.2920	0.009485
1.2922	0.009470
1.2924	0.009454
1.2926	0.009438
1.2928	0.009422
1.2930	0.009407
1.2932	0.009391
1.2934	0.009375
1.2936	0.009360
1.2938	0.009344
1.2940	0.009329
1.2942	0.009313
1.2944	0.009298
1.2946	0.009282
1.2948	0.009267
1.2950	0.009252
1.2952	0.009236
1.2954	0.009221
1.2956	0.009206
1.2958	0.009191
1.2960	0.009176
1.2962	0.009160
1.2964	0.009145
1.2966	0.009130
1.2968	0.009115
1.2970	0.009100
1.2972	0.009085
1.2974	0.009070
1.2976	0.009055
1.2978	0.009040
1.2980	0.009026
1.2982	0.009011
1.2984	0.008996
1.2986	0.008981
1.2988	0.008966
1.2990	0.008952
1.2992	0.008937
1.2994	0.008922
1.2996	0.008908
1.2998	0.008893
1.3000	0.008879
1.3002	0.008864
1.3004	0.008850
1.3006	0.008835
1.3008	0.008821
1.3010	0.008806
1.3012	0.008792
1.3014	0.008778
1.3016	0.008763
1.3018	0.008749
1.3020	0.008735
1.3022	0.008721
1.3024	0.008707
1.3026	0.008692
1.3028	0.008678
1.3030	0.008664
1.3032	0.008650
1.3034	0.008636
1.3036	0.008622
1.3038	0.008608
1.3040	0.008594
1.3042	0.008580
1.3044	0.008566
1.3046	0.008552
1.3048	0.008539
1.3050	0.008525
1.3052	0.008511
1.3054	0.008497
1.3056	0.008484
1.3058	0.008470
1.3060	0.008456
1.3062	0.008443
1.3064	0.008429
1.3066	0.008415
1.3068	0.008402
1.3070	0.008388
1.3072	0.008375
1.3074	0.008361
1.3076	0.008348
1.3078	0.008335
1.3080	0.008321
1.3082	0.008308
1.3084	0.008295
1.3086	0.008281
1.3088	0.008268
1.3090	0.008255
1.3092	0.008242
1.3094	0.008228
1.3096	0.008215
1.3098	0.008202
1.3100	0.008189
1.3102	0.008176
1.3104	0.008163
1.3106	0.008150
1.3108	0.008137
1.3110	0.008124
1.3112	0.008111
1.3114	0.008098
1.3116	0.008085
1.3118	0.008072
1.3120	0.008059
1.3122	0.008047
1.3124	0.008034
1.3126	0.008021
1.3128	0.008008
1.3130	0.007996
1.3132	0.007983
1.3134	0.007970
1.3136	0.007958
1.3138	0.007945
1.3140	0.007932
1.3142	0.007920
1.3144	0.007907
1.3146	0.007895
1.3148	0.007882
1.3150	0.007870
1.3152	0.007857
1.3154	0.007845
1.3156	0.007833
1.3158	0.007820
1.3160	0.007808
1.3162	0.007796
1.3164	0.007783
1.3166	0.007771
1.3168	0.007759
1.3170	0.007747
1.3172	0.007734
1.3174	0.007722
1.3176	0.007710
1.3178	0.007698
1.3180	0.007686
1.3182	0.007674
1.3184	0.007662
1.3186	0.007650
1.3188	0.007638
1.3190	0.007626
1.3192	0.007614
1.3194	0.007602
1.3196	0.007590
1.3198	0.007578
1.3200	0.007566
1.3202	0.007555
1.3204	0.007543
1.3206	0.007531
1.3208	0.007519
1.3210	0.007508
1.3212	0.007496
1.3214	0.007484
1.3216	0.007473
1.3218	0.007461
1.3220	0.007449
1.3222	0.007438
1.3224	0.007426
1.3226	0.007415
1.3228	0.007403
1.3230	0.007392
1.3232	0.007380
1.3234	0.007369
1.3236	0.007357
1.3238	0.007346
1.3240	0.007334
1.3242	0.007323
1.3244	0.007312
1.3246	0.007300
1.3248	0.007289
1.3250	0.007278
1.3252	0.007267
1.3254	0.007255
1.3256	0.007244
1.3258	0.007233
1.3260	0.007222
1.3262	0.007211
1.3264	0.007200
1.3266	0.007188
1.3268	0.007177
1.3270	0.007166
1.3272	0.007155
1.3274	0.007144
1.3276	0.007133
1.3278	0.007122
1.3280	0.007111
1.3282	0.007100
1.3284	0.007090
1.3286	0.007079
1.3288	0.007068
1.3290	0.007057
1.3292	0.007046
1.3294	0.007035
1.3296	0.007025
1.3298	0.007014
1.3300	0.007003
1.3302	0.006992
1.3304	0.006982
1.3306	0.006971
1.3308	0.006960
1.3310	0.006950
1.3312	0.006939
1.3314	0.006928
1.3316	0.006918
1.3318	0.006907
1.3320	0.006897
1.3322	0.006886
1.3324	0.006876
1.3326	0.006865
1.3328	0.006855
1.3330	0.006844
1.3332	0.006834
1.3334	0.006824
1.3336	0.006813
1.3338	0.006803
1.3340	0.006793
1.3342	0.006782
1.3344	0.006772
1.3346	0.006762
1.3348	0.006751
1.3350	0.006741
1.3352	0.006731
1.3354	0.006721
1.3356	0.006711
1.3358	0.006700
1.3360	0.006690
1.3362	0.006680
1.3364	0.006670
1.3366	0.006660
1.3368	0.006650
1.3370	0.006640
1.3372	0.006630
1.3374	0.006620
1.3376	0.006610
1.3378	0.006600
1.3380	0.006590
1.3382	0.006580
1.3384	0.006570
1.3386	0.006560
1.3388	0.006550
1.3390	0.006541
1.3392	0.006531
1.3394	0.006521
1.3396	0.006511
1.3398	0.006501
1.3400	0.006492
1.3402	0.006482
1.3404	0.006472
1.3406	0.006462
1.3408	0.006453
1.3410	0.006443
1.3412	0.006433
1.3414	0.006424
1.3416	0.006414
1.3418	0.006405
1.3420	0.006395
1.3422	0.006385
1.3424	0.006376
1.3426	0.006366
1.3428	0.006357
1.3430	0.006347
1.3432	0.006338
1.3434	0.006328
1.3436	0.006319
1.3438	0.006310
1.3440	0.006300
1.3442	0.006291
1.3444	0.006281
1.3446	0.006272
1.3448	0.006263
1.3450	0.006253
1.3452	0.006244
1.3454	0.006235
1.3456	0.006226
1.3458	0.006216
1.3460	0.006207
1.3462	0.006198
1.3464	0.006189
1.3466	0.006180
1.3468	0.006170
1.3470	0.006161
1.3472	0.006152
1.3474	0.006143
1.3476	0.006134
1.3478	0.006125
1.3480	0.006116
1.3482	0.006107
1.3484	0.006098
1.3486	0.006089
1.3488	0.006080
1.3490	0.006071
1.3492	0.006062
1.3494	0.006053
1.3496	0.006044
1.3498	0.006035
1.3500	0.006026
1.3502	0.006017
1.3504	0.006008
1.3506	0.006000
1.3508	0.005991
1.3510	0.005982
1.3512	0.005973
1.3514	0.005964
1.3516	0.005956
1.3518	0.005947
1.3520	0.005938
1.3522	0.005929
1.3524	0.005921
1.3526	0.005912
1.3528	0.005903
1.3530	0.005895
1.3532	0.005886
1.3534	0.005877
1.3536	0.005869
1.3538	0.005860
1.3540	0.005852
1.3542	0.005843
1.3544	0.005835
1.3546	0.005826
1.3548	0.005818
1.3550	0.005809
1.3552	0.005801
1.3554	0.005792
1.3556	0.005784
1.3558	0.005775
1.3560	0.005767
1.3562	0.005758
1.3564	0.005750
1.3566	0.005742
1.3568	0.005733
1.3570	0.005725
1.3572	0.005717
1.3574	0.005708
1.3576	0.005700
1.3578	0.005692
1.3580	0.005683
1.3582	0.005675
1.3584	0.005667
1.3586	0.005659
1.3588	0.005651
1.3590	0.005642
1.3592	0.005634
1.3594	0.005626
1.3596	0.005618
1.3598	0.005610
1.3600	0.005602
1.3602	0.005593
1.3604	0.005585
1.3606	0.005577
1.3608	0.005569
1.3610	0.005561
1.3612	0.005553
1.3614	0.005545
1.3616	0.005537
1.3618	0.005529
1.3620	0.005521
1.3622	0.005513
1.3624	0.005505
1.3626	0.005497
1.3628	0.005489
1.3630	0.005482
1.3632	0.005474
1.3634	0.005466
1.3636	0.005458
1.3638	0.005450
1.3640	0.005442
1.3642	0.005434
1.3644	0.005427
1.3646	0.005419
1.3648	0.005411
1.3650	0.005403
1.3652	0.005395
1.3654	0.005388
1.3656	0.005380
1.3658	0.005372
1.3660	0.005365
1.3662	0.005357
1.3664	0.005349
1.3666	0.005342
1.3668	0.005334
1.3670	0.005326
1.3672	0.005319
1.3674	0.005311
1.3676	0.005303
1.3678	0.005296
1.3680	0.005288
1.3682	0.005281
1.3684	0.005273
1.3686	0.005266
1.3688	0.005258
1.3690	0.005251
1.3692	0.005243
1.3694	0.005236
1.3696	0.005228
1.3698	0.005221
1.3700	0.005213
1.3702	0.005206
1.3704	0.005199
1.3706	0.005191
1.3708	0.005184
1.3710	0.005176
1.3712	0.005169
1.3714	0.005162
1.3716	0.005154
1.3718	0.005147
1.3720	0.005140
1.3722	0.005132
1.3724	0.005125
1.3726	0.005118
1.3728	0.005111
1.3730	0.005103
1.3732	0.005096
1.3734	0.005089
1.3736	0.005082
1.3738	0.005075
1.3740	0.005067
1.3742	0.005060
1.3744	0.005053
1.3746	0.005046
1.3748	0.005039
1.3750	0.005032
1.3752	0.005025
1.3754	0.005017
1.3756	0.005010
1.3758	0.005003
1.3760	0.004996
1.3762	0.004989
1.3764	0.004982
1.3766	0.004975
1.3768	0.004968
1.3770	0.004961
1.3772	0.004954
1.3774	0.004947
1.3776	0.004940
1.3778	0.004933
1.3780	0.004926
1.3782	0.004919
1.3784	0.004912
1.3786	0.004906
1.3788	0.004899
1.3790	0.004892
1.3792	0.004885
1.3794	0.004878
1.3796	0.004871
1.3798	0.004864
1.3800	0.004858
1.3802	0.004851
1.3804	0.004844
1.3806	0.004837
1.3808	0.004830
1.3810	0.004824
1.3812	0.004817
1.3814	0.004810
1.3816	0.004803
1.3818	0.004797
1.3820	0.004790
1.3822	0.004783
1.3824	0.004777
1.3826	0.004770
1.3828	0.004763
1.3830	0.004757
1.3832	0.004750
1.3834	0.004743
1.3836	0.004737
1.3838	0.004730
1.3840	0.004724
1.3842	0.004717
1.3844	0.004710
1.3846	0.004704
1.3848	0.004697
1.3850	0.004691
1.3852	0.004684
1.3854	0.004678
1.3856	0.004671
1.3858	0.004665
1.3860	0.004658
1.3862	0.004652
1.3864	0.004645
1.3866	0.004639
1.3868	0.004633
1.3870	0.004626
1.3872	0.004620
1.3874	0.004613
1.3876	0.004607
1.3878	0.004600
1.3880	0.004594
1.3882	0.004588
1.3884	0.004581
1.3886	0.004575
1.3888	0.004569
1.3890	0.004562
1.3892	0.004556
1.3894	0.004550
1.3896	0.004543
1.3898	0.004537
1.3900	0.004531
1.3902	0.004525
1.3904	0.004518
1.3906	0.004512
1.3908	0.004506
1.3910	0.004500
1.3912	0.004494
1.3914	0.004487
1.3916	0.004481
1.3918	0.004475
1.3920	0.004469
1.3922	0.004463
1.3924	0.004457
1.3926	0.004450
1.3928	0.004444
1.3930	0.004438
1.3932	0.004432
1.3934	0.004426
1.3936	0.004420
1.3938	0.004414
1.3940	0.004408
1.3942	0.004402
1.3944	0.004396
1.3946	0.004390
1.3948	0.004384
1.3950	0.004378
1.3952	0.004372
1.3954	0.004366
1.3956	0.004360
1.3958	0.004354
1.3960	0.004348
1.3962	0.004342
1.3964	0.004336
1.3966	0.004330
1.3968	0.004324
1.3970	0.004318
1.3972	0.004312
1.3974	0.004306
1.3976	0.004300
1.3978	0.004294
1.3980	0.004289
1.3982	0.004283
1.3984	0.004277
1.3986	0.004271
1.3988	0.004265
1.3990	0.004259
1.3992	0.004254
1.3994	0.004248
1.3996	0.004242
1.3998	0.004236
1.4000	0.004230
1.4002	0.004225
1.4004	0.004219
1.4006	0.004213
1.4008	0.004207
1.4010	0.004202
1.4012	0.004196
1.4014	0.004190
1.4016	0.004185
1.4018	0.004179
1.4020	0.004173
1.4022	0.004168
1.4024	0.004162
1.4026	0.004156
1.4028	0.004151
1.4030	0.004145
1.4032	0.004139
1.4034	0.004134
1.4036	0.004128
1.4038	0.004123
1.4040	0.004117
1.4042	0.004111
1.4044	0.004106
1.4046	0.004100
1.4048	0.004095
1.4050	0.004089
1.4052	0.004084
1.4054	0.004078
1.4056	0.004073
1.4058	0.004067
1.4060	0.004062
1.4062	0.004056
1.4064	0.004051
1.4066	0.004045
1.4068	0.004040
1.4070	0.004034
1.4072	0.004029
1.4074	0.004023
1.4076	0.004018
1.4078	0.004012
1.4080	0.004007
1.4082	0.004002
1.4084	0.003996
1.4086	0.003991
1.4088	0.003986
1.4090	0.003980
1.4092	0.003975
1.4094	0.003969
1.4096	0.003964
1.4098	0.003959
1.4100	0.003953
1.4102	0.003948
1.4104	0.003943
1.4106	0.003938
1.4108	0.003932
1.4110	0.003927
1.4112	0.003922
1.4114	0.003916
1.4116	0.003911
1.4118	0.003906
1.4120	0.003901
1.4122	0.003895
1.4124	0.003890
1.4126	0.003885
1.4128	0.003880
1.4130	0.003875
1.4132	0.003869
1.4134	0.003864
1.4136	0.003859
1.4138	0.003854
1.4140	0.003849
1.4142	0.003844
1.4144	0.003838
1.4146	0.003833
1.4148	0.003828
1.4150	0.003823
1.4152	0.003818
1.4154	0.003813
1.4156	0.003808
1.4158	0.003803
1.4160	0.003798
1.4162	0.003793
1.4164	0.003787
1.4166	0.003782
1.4168	0.003777
1.4170	0.003772
1.4172	0.003767
1.4174	0.003762
1.4176	0.003757
1.4178	0.003752
1.4180	0.003747
1.4182	0.003742
1.4184	0.003737
1.4186	0.003732
1.4188	0.003727
1.4190	0.003722
1.4192	0.003717
1.4194	0.003713
1.4196	0.003708
1.4198	0.003703
1.4200	0.003698
1.4202	0.003693
1.4204	0.003688
1.4206	0.003683
1.4208	0.003678
1.4210	0.003673
1.4212	0.003668
1.4214	0.003664
1.4216	0.003659
1.4218	0.003654
1.4220	0.003649
1.4222	0.003644
1.4224	0.003639
1.4226	0.003634
1.4228	0.003630
1.4230	0.003625
1.4232	0.003620
1.4234	0.003615
1.4236	0.003610
1.4238	0.003606
1.4240	0.003601
1.4242	0.003596
1.4244	0.003591
1.4246	0.003587
1.4248	0.003582
1.4250	0.003577
1.4252	0.003572
1.4254	0.003568
1.4256	0.003563
1.4258	0.003558
1.4260	0.003554
1.4262	0.003549
1.4264	0.003544
1.4266	0.003540
1.4268	0.003535
1.4270	0.003530
1.4272	0.003526
1.4274	0.003521
1.4276	0.003516
1.4278	0.003512
1.4280	0.003507
1.4282	0.003502
1.4284	0.003498
1.4286	0.003493
1.4288	0.003489
1.4290	0.003484
1.4292	0.003480
1.4294	0.003475
1.4296	0.003470
1.4298	0.003466
1.4300	0.003461
1.4302	0.003457
1.4304	0.003452
1.4306	0.003448
1.4308	0.003443
1.4310	0.003439
1.4312	0.003434
1.4314	0.003430
1.4316	0.003425
1.4318	0.003421
1.4320	0.003416
1.4322	0.003412
1.4324	0.003407
1.4326	0.003403
1.4328	0.003398
1.4330	0.003394
1.4332	0.003389
1.4334	0.003385
1.4336	0.003380
1.4338	0.003376
1.4340	0.003372
1.4342	0.003367
1.4344	0.003363
1.4346	0.003358
1.4348	0.003354
1.4350	0.003350
1.4352	0.003345
1.4354	0.003341
1.4356	0.003337
1.4358	0.003332
1.4360	0.003328
1.4362	0.003324
1.4364	0.003319
1.4366	0.003315
1.4368	0.003311
1.4370	0.003306
1.4372	0.003302
1.4374	0.003298
1.4376	0.003293
1.4378	0.003289
1.4380	0.003285
1.4382	0.003280
1.4384	0.003276
1.4386	0.003272
1.4388	0.003268
1.4390	0.003263
1.4392	0.003259
1.4394	0.003255
1.4396	0.003251
1.4398	0.003246
1.4400	0.003242
1.4402	0.003238
1.4404	0.003234
1.4406	0.003230
1.4408	0.003225
1.4410	0.003221
1.4412	0.003217
1.4414	0.003213
1.4416	0.003209
1.4418	0.003205
1.4420	0.003200
1.4422	0.003196
1.4424	0.003192
1.4426	0.003188
1.4428	0.003184
1.4430	0.003180
1.4432	0.003176
1.4434	0.003171
1.4436	0.003167
1.4438	0.003163
1.4440	0.003159
1.4442	0.003155
1.4444	0.003151
1.4446	0.003147
1.4448	0.003143
1.4450	0.003139
1.4452	0.003135
1.4454	0.003131
1.4456	0.003127
1.4458	0.003123
1.4460	0.003119
1.4462	0.003114
1.4464	0.003110
1.4466	0.003106
1.4468	0.003102
1.4470	0.003098
1.4472	0.003094
1.4474	0.003090
1.4476	0.003086
1.4478	0.003082
1.4480	0.003079
1.4482	0.003075
1.4484	0.003071
1.4486	0.003067
1.4488	0.003063
1.4490	0.003059
1.4492	0.003055
1.4494	0.003051
1.4496	0.003047
1.4498	0.003043
1.4500	0.003039
1.4502	0.003035
1.4504	0.003031
1.4506	0.003027
1.4508	0.003023
1.4510	0.003020
1.4512	0.003016
1.4514	0.003012
1.4516	0.003008
1.4518	0.003004
1.4520	0.003000
1.4522	0.002996
1.4524	0.002993
1.4526	0.002989
1.4528	0.002985
1.4530	0.002981
1.4532	0.002977
1.4534	0.002973
1.4536	0.002970
1.4538	0.002966
1.4540	0.002962
1.4542	0.002958
1.4544	0.002954
1.4546	0.002951
1.4548	0.002947
1.4550	0.002943
1.4552	0.002939
1.4554	0.002935
1.4556	0.002932
1.4558	0.002928
1.4560	0.002924
1.4562	0.002920
1.4564	0.002917
1.4566	0.002913
1.4568	0.002909
1.4570	0.002906
1.4572	0.002902
1.4574	0.002898
1.4576	0.002894
1.4578	0.002891
1.4580	0.002887
1.4582	0.002883
1.4584	0.002880
1.4586	0.002876
1.4588	0.002872
1.4590	0.002869
1.4592	0.002865
1.4594	0.002861
1.4596	0.002858
1.4598	0.002854
1.4600	0.002850
1.4602	0.002847
1.4604	0.002843
1.4606	0.002839
1.4608	0.002836
1.4610	0.002832
1.4612	0.002829
1.4614	0.002825
1.4616	0.002821
1.4618	0.002818
1.4620	0.002814
1.4622	0.002811
1.4624	0.002807
1.4626	0.002804
1.4628	0.002800
1.4630	0.002796
1.4632	0.002793
1.4634	0.002789
1.4636	0.002786
1.4638	0.002782
1.4640	0.002779
1.4642	0.002775
1.4644	0.002772
1.4646	0.002768
1.4648	0.002765
1.4650	0.002761
1.4652	0.002758
1.4654	0.002754
1.4656	0.002751
1.4658	0.002747
1.4660	0.002744
1.4662	0.002740
1.4664	0.002737
1.4666	0.002733
1.4668	0.002730
1.4670	0.002726
1.4672	0.002723
1.4674	0.002719
1.4676	0.002716
1.4678	0.002712
1.4680	0.002709
1.4682	0.002706
1.4684	0.002702
1.4686	0.002699
1.4688	0.002695
1.4690	0.002692
1.4692	0.002688
1.4694	0.002685
1.4696	0.002682
1.4698	0.002678
1.4700	0.002675
1.4702	0.002671
1.4704	0.002668
1.4706	0.002665
1.4708	0.002661
1.4710	0.002658
1.4712	0.002655
1.4714	0.002651
1.4716	0.002648
1.4718	0.002645
1.4720	0.002641
1.4722	0.002638
1.4724	0.002635
1.4726	0.002631
1.4728	0.002628
1.4730	0.002625
1.4732	0.002621
1.4734	0.002618
1.4736	0.002615
1.4738	0.002611
1.4740	0.002608
1.4742	0.002605
1.4744	0.002602
1.4746	0.002598
1.4748	0.002595
1.4750	0.002592
1.4752	0.002588
1.4754	0.002585
1.4756	0.002582
1.4758	0.002579
1.4760	0.002575
1.4762	0.002572
1.4764	0.002569
1.4766	0.002566
1.4768	0.002562
1.4770	0.002559
1.4772	0.002556
1.4774	0.002553
1.4776	0.002550
1.4778	0.002546
1.4780	0.002543
1.4782	0.002540
1.4784	0.002537
1.4786	0.002534
1.4788	0.002530
1.4790	0.002527
1.4792	0.002524
1.4794	0.002521
1.4796	0.002518
1.4798	0.002515
1.4800	0.002511
1.4802	0.002508
1.4804	0.002505
1.4806	0.002502
1.4808	0.002499
1.4810	0.002496
1.4812	0.002493
1.4814	0.002489
1.4816	0.002486
1.4818	0.002483
1.4820	0.002480
1.4822	0.002477
1.4824	0.002474
1.4826	0.002471
1.4828	0.002468
1.4830	0.002465
1.4832	0.002462
1.4834	0.002458
1.4836	0.002455
1.4838	0.002452
1.4840	0.002449
1.4842	0.002446
1.4844	0.002443
1.4846	0.002440
1.4848	0.002437
1.4850	0.002434
1.4852	0.002431
1.4854	0.002428
1.4856	0.002425
1.4858	0.002422
1.4860	0.002419
1.4862	0.002416
1.4864	0.002413
1.4866	0.002410
1.4868	0.002407
1.4870	0.002404
1.4872	0.002401
1.4874	0.002398
1.4876	0.002395
1.4878	0.002392
1.4880	0.002389
1.4882	0.002386
1.4884	0.002383
1.4886	0.002380
1.4888	0.002377
1.4890	0.002374
1.4892	0.002371
1.4894	0.002368
1.4896	0.002365
1.4898	0.002362
1.4900	0.002359
1.4902	0.002356
1.4904	0.002353
1.4906	0.002350
1.4908	0.002347
1.4910	0.002344
1.4912	0.002341
1.4914	0.002339
1.4916	0.002336
1.4918	0.002333
1.4920	0.002330
1.4922	0.002327
1.4924	0.002324
1.4926	0.002321
1.4928	0.002318
1.4930	0.002315
1.4932	0.002312
1.4934	0.002310
1.4936	0.002307
1.4938	0.002304
1.4940	0.002301
1.4942	0.002298
1.4944	0.002295
1.4946	0.002292
1.4948	0.002290
1.4950	0.002287
1.4952	0.002284
1.4954	0.002281
1.4956	0.002278
1.4958	0.002275
1.4960	0.002273
1.4962	0.002270
1.4964	0.002267
1.4966	0.002264
1.4968	0.002261
1.4970	0.002258
1.4972	0.002256
1.4974	0.002253
1.4976	0.002250
1.4978	0.002247
1.4980	0.002244
1.4982	0.002242
1.4984	0.002239
1.4986	0.002236
1.4988	0.002233
1.4990	0.002231
1.4992	0.002228
1.4994	0.002225
1.4996	0.002222
1.4998	0.002220
1.5000	0.002217
1.5002	0.002214
1.5004	0.002211
1.5006	0.002209
1.5008	0.002206
1.5010	0.002203
1.5012	0.002200
1.5014	0.002198
1.5016	0.002195
1.5018	0.002192
1.5020	0.002189
1.5022	0.002187
1.5024	0.002184
1.5026	0.002181
1.5028	0.002179
1.5030	0.002176
1.5032	0.002173
1.5034	0.002171
1.5036	0.002168
1.5038	0.002165
1.5040	0.002163
1.5042	0.002160
1.5044	0.002157
1.5046	0.002155
1.5048	0.002152
1.5050	0.002149
1.5052	0.002147
1.5054	0.002144
1.5056	0.002141
1.5058	0.002139
1.5060	0.002136
1.5062	0.002133
1.5064	0.002131
1.5066	0.002128
1.5068	0.002125
1.5070	0.002123
1.5072	0.002120
1.5074	0.002118
1.5076	0.002115
1.5078	0.002112
1.5080	0.002110
1.5082	0.002107
1.5084	0.002105
1.5086	0.002102
1.5088	0.002099
1.5090	0.002097
1.5092	0.002094
1.5094	0.002092
1.5096	0.002089
1.5098	0.002086
1.5100	0.002084
1.5102	0.002081
1.5104	0.002079
1.5106	0.002076
1.5108	0.002074
1.5110	0.002071
1.5112	0.002068
1.5114	0.002066
1.5116	0.002063
1.5118	0.002061
1.5120	0.002058
1.5122	0.002056
1.5124	0.002053
1.5126	0.002051
1.5128	0.002048
1.5130	0.002046
1.5132	0.002043
1.5134	0.002041
1.5136	0.002038
1.5138	0.002036
1.5140	0.002033
1.5142	0.002031
1.5144	0.002028
1.5146	0.002026
1.5148	0.002023
1.5150	0.002021
1.5152	0.002018
1.5154	0.002016
1.5156	0.002013
1.5158	0.002011
1.5160	0.002008
1.5162	0.002006
1.5164	0.002003
1.5166	0.002001
1.5168	0.001998
1.5170	0.001996
1.5172	0.001993
1.5174	0.001991
1.5176	0.001989
1.5178	0.001986
1.5180	0.001984
1.5182	0.001981
1.5184	0.001979
1.5186	0.001976
1.5188	0.001974
1.5190	0.001972
1.5192	0.001969
1.5194	0.001967
1.5196	0.001964
1.5198	0.001962
1.5200	0.001960
1.5202	0.001957
1.5204	0.001955
1.5206	0.001952
1.5208	0.001950
1.5210	0.001948
1.5212	0.001945
1.5214	0.001943
1.5216	0.001940
1.5218	0.001938
1.5220	0.001936
1.5222	0.001933
1.5224	0.001931
1.5226	0.001928
1.5228	0.001926
1.5230	0.001924
1.5232	0.001921
1.5234	0.001919
1.5236	0.001917
1.5238	0.001914
1.5240	0.001912
1.5242	0.001910
1.5244	0.001907
1.5246	0.001905
1.5248	0.001903
1.5250	0.001900
1.5252	0.001898
1.5254	0.001896
1.5256	0.001893
1.5258	0.001891
1.5260	0.001889
1.5262	0.001886
1.5264	0.001884
1.5266	0.001882
1.5268	0.001879
1.5270	0.001877
1.5272	0.001875
1.5274	0.001873
1.5276	0.001870
1.5278	0.001868
1.5280	0.001866
1.5282	0.001863
1.5284	0.001861
1.5286	0.001859
1.5288	0.001857
1.5290	0.001854
1.5292	0.001852
1.5294	0.001850
1.5296	0.001848
1.5298	0.001845
1.5300	0.001843
1.5302	0.001841
1.5304	0.001839
1.5306	0.001836
1.5308	0.001834
1.5310	0.001832
1.5312	0.001830
1.5314	0.001827
1.5316	0.001825
1.5318	0.001823
1.5320	0.001821
1.5322	0.001818
1.5324	0.001816
1.5326	0.001814
1.5328	0.001812
1.5330	0.001810
1.5332	0.001807
1.5334	0.001805
1.5336	0.001803
1.5338	0.001801
1.5340	0.001799
1.5342	0.001796
1.5344	0.001794
1.5346	0.001792
1.5348	0.001790
1.5350	0.001788
1.5352	0.001785
1.5354	0.001783
1.5356	0.001781
1.5358	0.001779
1.5360	0.001777
1.5362	0.001775
1.5364	0.001772
1.5366	0.001770
1.5368	0.001768
1.5370	0.001766
1.5372	0.001764
1.5374	0.001762
1.5376	0.001759
1.5378	0.001757
1.5380	0.001755
1.5382	0.001753
1.5384	0.001751
1.5386	0.001749
1.5388	0.001747
1.5390	0.001745
1.5392	0.001742
1.5394	0.001740
1.5396	0.001738
1.5398	0.001736
1.5400	0.001734
1.5402	0.001732
1.5404	0.001730
1.5406	0.001728
1.5408	0.001725
1.5410	0.001723
1.5412	0.001721
1.5414	0.001719
1.5416	0.001717
1.5418	0.001715
1.5420	0.001713
1.5422	0.001711
1.5424	0.001709
1.5426	0.001707
1.5428	0.001705
1.5430	0.001703
1.5432	0.001700
1.5434	0.001698
1.5436	0.001696
1.5438	0.001694
1.5440	0.001692
1.5442	0.001690
1.5444	0.001688
1.5446	0.001686
1.5448	0.001684
1.5450	0.001682
1.5452	0.001680
1.5454	0.001678
1.5456	0.001676
1.5458	0.001674
1.5460	0.001672
1.5462	0.001670
1.5464	0.001668
1.5466	0.001666
1.5468	0.001664
1.5470	0.001662
1.5472	0.001660
1.5474	0.001658
1.5476	0.001656
1.5478	0.001653
1.5480	0.001651
1.5482	0.001649
1.5484	0.001647
1.5486	0.001645
1.5488	0.001643
1.5490	0.001641
1.5492	0.001639
1.5494	0.001637
1.5496	0.001635
1.5498	0.001634
1.5500	0.001632
1.5502	0.001630
1.5504	0.001628
1.5506	0.001626
1.5508	0.001624
1.5510	0.001622
1.5512	0.001620
1.5514	0.001618
1.5516	0.001616
1.5518	0.001614
1.5520	0.001612
1.5522	0.001610
1.5524	0.001608
1.5526	0.001606
1.5528	0.001604
1.5530	0.001602
1.5532	0.001600
1.5534	0.001598
1.5536	0.001596
1.5538	0.001594
1.5540	0.001592
1.5542	0.001590
1.5544	0.001588
1.5546	0.001587
1.5548	0.001585
1.5550	0.001583
1.5552	0.001581
1.5554	0.001579
1.5556	0.001577
1.5558	0.001575
1.5560	0.001573
1.5562	0.001571
1.5564	0.001569
1.5566	0.001567
1.5568	0.001565
1.5570	0.001564
1.5572	0.001562
1.5574	0.001560
1.5576	0.001558
1.5578	0.001556
1.5580	0.001554
1.5582	0.001552
1.5584	0.001550
1.5586	0.001548
1.5588	0.001547
1.5590	0.001545
1.5592	0.001543
1.5594	0.001541
1.5596	0.001539
1.5598	0.001537
1.5600	0.001535
1.5602	0.001534
1.5604	0.001532
1.5606	0.001530
1.5608	0.001528
1.5610	0.001526
1.5612	0.001524
1.5614	0.001522
1.5616	0.001521
1.5618	0.001519
1.5620	0.001517
1.5622	0.001515
1.5624	0.001513
1.5626	0.001511
1.5628	0.001510
1.5630	0.001508
1.5632	0.001506
1.5634	0.001504
1.5636	0.001502
1.5638	0.001500
1.5640	0.001499
1.5642	0.001497
1.5644	0.001495
1.5646	0.001493
1.5648	0.001491
1.5650	0.001489
1.5652	0.001488
1.5654	0.001486
1.5656	0.001484
1.5658	0.001482
1.5660	0.001480
1.5662	0.001479
1.5664	0.001477
1.5666	0.001475
1.5668	0.001473
1.5670	0.001472
1.5672	0.001470
1.5674	0.001468
1.5676	0.001466
1.5678	0.001464
1.5680	0.001463
1.5682	0.001461
1.5684	0.001459
1.5686	0.001457
1.5688	0.001456
1.5690	0.001454
1.5692	0.001452
1.5694	0.001450
1.5696	0.001449
1.5698	0.001447
1.5700	0.001445
1.5702	0.001443
1.5704	0.001442
1.5706	0.001440
1.5708	0.001438
1.5710	0.001436
1.5712	0.001435
1.5714	0.001433
1.5716	0.001431
1.5718	0.001429
1.5720	0.001428
1.5722	0.001426
1.5724	0.001424
1.5726	0.001422
1.5728	0.001421
1.5730	0.001419
1.5732	0.001417
1.5734	0.001416
1.5736	0.001414
1.5738	0.001412
1.5740	0.001410
1.5742	0.001409
1.5744	0.001407
1.5746	0.001405
1.5748	0.001404
1.5750	0.001402
1.5752	0.001400
1.5754	0.001398
1.5756	0.001397
1.5758	0.001395
1.5760	0.001393
1.5762	0.001392
1.5764	0.001390
1.5766	0.001388
1.5768	0.001387
1.5770	0.001385
1.5772	0.001383
1.5774	0.001382
1.5776	0.001380
1.5778	0.001378
1.5780	0.001377
1.5782	0.001375
1.5784	0.001373
1.5786	0.001372
1.5788	0.001370
1.5790	0.001368
1.5792	0.001367
1.5794	0.001365
1.5796	0.001363
1.5798	0.001362
1.5800	0.001360
1.5802	0.001358
1.5804	0.001357
1.5806	0.001355
1.5808	0.001353
1.5810	0.001352
1.5812	0.001350
1.5814	0.001349
1.5816	0.001347
1.5818	0.001345
1.5820	0.001344
1.5822	0.001342
1.5824	0.001340
1.5826	0.001339
1.5828	0.001337
1.5830	0.001336
1.5832	0.001334
1.5834	0.001332
1.5836	0.001331
1.5838	0.001329
1.5840	0.001327
1.5842	0.001326
1.5844	0.001324
1.5846	0.001323
1.5848	0.001321
1.5850	0.001319
1.5852	0.001318
1.5854	0.001316
1.5856	0.001315
1.5858	0.001313
1.5860	0.001311
1.5862	0.001310
1.5864	0.001308
1.5866	0.001307
1.5868	0.001305
1.5870	0.001304
1.5872	0.001302
1.5874	0.001300
1.5876	0.001299
1.5878	0.001297
1.5880	0.001296
1.5882	0.001294
1.5884	0.001293
1.5886	0.001291
1.5888	0.001289
1.5890	0.001288
1.5892	0.001286
1.5894	0.001285
1.5896	0.001283
1.5898	0.001282
1.5900	0.001280
1.5902	0.001278
1.5904	0.001277
1.5906	0.001275
1.5908	0.001274
1.5910	0.001272
1.5912	0.001271
1.5914	0.001269
1.5916	0.001268
1.5918	0.001266
1.5920	0.001265
1.5922	0.001263
1.5924	0.001262
1.5926	0.001260
1.5928	0.001258
1.5930	0.001257
1.5932	0.001255
1.5934	0.001254
1.5936	0.001252
1.5938	0.001251
1.5940	0.001249
1.5942	0.001248
1.5944	0.001246
1.5946	0.001245
1.5948	0.001243
1.5950	0.001242
1.5952	0.001240
1.5954	0.001239
1.5956	0.001237
1.5958	0.001236
1.5960	0.001234
1.5962	0.001233
1.5964	0.001231
1.5966	0.001230
1.5968	0.001228
1.5970	0.001227
1.5972	0.001225
1.5974	0.001224
1.5976	0.001222
1.5978	0.001221
1.5980	0.001219
1.5982	0.001218
1.5984	0.001216
1.5986	0.001215
1.5988	0.001213
1.5990	0.001212
1.5992	0.001211
1.5994	0.001209
1.5996	0.001208
1.5998	0.001206
1.6000	0.001205
1.6002	0.001203
1.6004	0.001202
1.6006	0.001200
1.6008	0.001199
1.6010	0.001197
1.6012	0.001196
1.6014	0.001194
1.6016	0.001193
1.6018	0.001192
1.6020	0.001190
1.6022	0.001189
1.6024	0.001187
1.6026	0.001186
1.6028	0.001184
1.6030	0.001183
1.6032	0.001181
1.6034	0.001180
1.6036	0.001179
1.6038	0.001177
1.6040	0.001176
1.6042	0.001174
1.6044	0.001173
1.6046	0.001171
1.6048	0.001170
1.6050	0.001169
1.6052	0.001167
1.6054	0.001166
1.6056	0.001164
1.6058	0.001163
1.6060	0.001162
1.6062	0.001160
1.6064	0.001159
1.6066	0.001157
1.6068	0.001156
1.6070	0.001155
1.6072	0.001153
1.6074	0.001152
1.6076	0.001150
1.6078	0.001149
1.6080	0.001148
1.6082	0.001146
1.6084	0.001145
1.6086	0.001143
1.6088	0.001142
1.6090	0.001141
1.6092	0.001139
1.6094	0.001138
1.6096	0.001136
1.6098	0.001135
1.6100	0.001134
1.6102	0.001132
1.6104	0.001131
1.6106	0.001130
1.6108	0.001128
1.6110	0.001127
1.6112	0.001125
1.6114	0.001124
1.6116	0.001123
1.6118	0.001121
1.6120	0.001120
1.6122	0.001119
1.6124	0.001117
1.6126	0.001116
1.6128	0.001114
1.6130	0.001113
1.6132	0.001112
1.6134	0.001110
1.6136	0.001109
1.6138	0.001108
1.6140	0.001106
1.6142	0.001105
1.6144	0.001104
1.6146	0.001102
1.6148	0.001101
1.6150	0.001100
1.6152	0.001098
1.6154	0.001097
1.6156	0.001096
1.6158	0.001094
1.6160	0.001093
1.6162	0.001092
1.6164	0.001090
1.6166	0.001089
1.6168	0.001088
1.6170	0.001086
1.6172	0.001085
1.6174	0.001084
1.6176	0.001082
1.6178	0.001081
1.6180	0.001080
1.6182	0.001078
1.6184	0.001077
1.6186	0.001076
1.6188	0.001074
1.6190	0.001073
1.6192	0.001072
1.6194	0.001071
1.6196	0.001069
1.6198	0.001068
1.6200	0.001067
1.6202	0.001065
1.6204	0.001064
1.6206	0.001063
1.6208	0.001061
1.6210	0.001060
1.6212	0.001059
1.6214	0.001058
1.6216	0.001056
1.6218	0.001055
1.6220	0.001054
1.6222	0.001052
1.6224	0.001051
1.6226	0.001050
1.6228	0.001049
1.6230	0.001047
1.6232	0.001046
1.6234	0.001045
1.6236	0.001043
1.6238	0.001042
1.6240	0.001041
1.6242	0.001040
1.6244	0.001038
1.6246	0.001037
1.6248	0.001036
1.6250	0.001035
1.6252	0.001033
1.6254	0.001032
1.6256	0.001031
1.6258	0.001030
1.6260	0.001028
1.6262	0.001027
1.6264	0.001026
1.6266	0.001025
1.6268	0.001023
1.6270	0.001022
1.6272	0.001021
1.6274	0.001020
1.6276	0.001018
1.6278	0.001017
1.6280	0.001016
1.6282	0.001015
1.6284	0.001013
1.6286	0.001012
1.6288	0.001011
1.6290	0.001010
1.6292	0.001008
1.6294	0.001007
1.6296	0.001006
1.6298	0.001005
1.6300	0.001003
1.6302	0.001002
1.6304	0.001001
1.6306	0.001000
1.6308	0.000999
1.6310	0.000997
1.6312	0.000996
1.6314	0.000995
1.6316	0.000994
1.6318	0.000992
1.6320	0.000991
1.6322	0.000990
1.6324	0.000989
1.6326	0.000988
1.6328	0.000986
1.6330	0.000985
1.6332	0.000984
1.6334	0.000983
1.6336	0.000982
1.6338	0.000980
1.6340	0.000979
1.6342	0.000978
1.6344	0.000977
1.6346	0.000976
1.6348	0.000974
1.6350	0.000973
1.6352	0.000972
1.6354	0.000971
1.6356	0.000970
1.6358	0.000968
1.6360	0.000967
1.6362	0.000966
1.6364	0.000965
1.6366	0.000964
1.6368	0.000962
1.6370	0.000961
1.6372	0.000960
1.6374	0.000959
1.6376	0.000958
1.6378	0.000957
1.6380	0.000955
1.6382	0.000954
1.6384	0.000953
1.6386	0.000952
1.6388	0.000951
1.6390	0.000949
1.6392	0.000948
1.6394	0.000947
1.6396	0.000946
1.6398	0.000945
1.6400	0.000944
1.6402	0.000943
1.6404	0.000941
1.6406	0.000940
1.6408	0.000939
1.6410	0.000938
1.6412	0.000937
1.6414	0.000936
1.6416	0.000934
1.6418	0.000933
1.6420	0.000932
1.6422	0.000931
1.6424	0.000930
1.6426	0.000929
1.6428	0.000928
1.6430	0.000926
1.6432	0.000925
1.6434	0.000924
1.6436	0.000923
1.6438	0.000922
1.6440	0.000921
1.6442	0.000920
1.6444	0.000918
1.6446	0.000917
1.6448	0.000916
1.6450	0.000915
1.6452	0.000914
1.6454	0.000913
1.6456	0.000912
1.6458	0.000911
1.6460	0.000909
1.6462	0.000908
1.6464	0.000907
1.6466	0.000906
1.6468	0.000905
1.6470	0.000904
1.6472	0.000903
1.6474	0.000902
1.6476	0.000900
1.6478	0.000899
1.6480	0.000898
1.6482	0.000897
1.6484	0.000896
1.6486	0.000895
1.6488	0.000894
1.6490	0.000893
1.6492	0.000892
1.6494	0.000891
1.6496	0.000889
1.6498	0.000888
1.6500	0.000887
1.6502	0.000886
1.6504	0.000885
1.6506	0.000884
1.6508	0.000883
1.6510	0.000882
1.6512	0.000881
1.6514	0.000880
1.6516	0.000878
1.6518	0.000877
1.6520	0.000876
1.6522	0.000875
1.6524	0.000874
1.6526	0.000873
1.6528	0.000872
1.6530	0.000871
1.6532	0.000870
1.6534	0.000869
1.6536	0.000868
1.6538	0.000867
1.6540	0.000866
1.6542	0.000864
1.6544	0.000863
1.6546	0.000862
1.6548	0.000861
1.6550	0.000860
1.6552	0.000859
1.6554	0.000858
1.6556	0.000857
1.6558	0.000856
1.6560	0.000855
1.6562	0.000854
1.6564	0.000853
1.6566	0.000852
1.6568	0.000851
1.6570	0.000850
1.6572	0.000848
1.6574	0.000847
1.6576	0.000846
1.6578	0.000845
1.6580	0.000844
1.6582	0.000843
1.6584	0.000842
1.6586	0.000841
1.6588	0.000840
1.6590	0.000839
1.6592	0.000838
1.6594	0.000837
1.6596	0.000836
1.6598	0.000835
1.6600	0.000834
1.6602	0.000833
1.6604	0.000832
1.6606	0.000831
1.6608	0.000830
1.6610	0.000829
1.6612	0.000828
1.6614	0.000827
1.6616	0.000826
1.6618	0.000825
1.6620	0.000824
1.6622	0.000822
1.6624	0.000821
1.6626	0.000820
1.6628	0.000819
1.6630	0.000818
1.6632	0.000817
1.6634	0.000816
1.6636	0.000815
1.6638	0.000814
1.6640	0.000813
1.6642	0.000812
1.6644	0.000811
1.6646	0.000810
1.6648	0.000809
1.6650	0.000808
1.6652	0.000807
1.6654	0.000806
1.6656	0.000805
1.6658	0.000804
1.6660	0.000803
1.6662	0.000802
1.6664	0.000801
1.6666	0.000800
1.6668	0.000799
1.6670	0.000798
1.6672	0.000797
1.6674	0.000796
1.6676	0.000795
1.6678	0.000794
1.6680	0.000793
1.6682	0.000792
1.6684	0.000791
1.6686	0.000790
1.6688	0.000789
1.6690	0.000788
1.6692	0.000787
1.6694	0.000786
1.6696	0.000785
1.6698	0.000784
1.6700	0.000783
1.6702	0.000782
1.6704	0.000781
1.6706	0.000780
1.6708	0.000779
1.6710	0.000778
1.6712	0.000777
1.6714	0.000776
1.6716	0.000776
1.6718	0.000775
1.6720	0.000774
1.6722	0.000773
1.6724	0.000772
1.6726	0.000771
1.6728	0.000770
1.6730	0.000769
1.6732	0.000768
1.6734	0.000767
1.6736	0.000766
1.6738	0.000765
1.6740	0.000764
1.6742	0.000763
1.6744	0.000762
1.6746	0.000761
1.6748	0.000760
1.6750	0.000759
1.6752	0.000758
1.6754	0.000757
1.6756	0.000756
1.6758	0.000755
1.6760	0.000754
1.6762	0.000753
1.6764	0.000752
1.6766	0.000751
1.6768	0.000751
1.6770	0.000750
1.6772	0.000749
1.6774	0.000748
1.6776	0.000747
1.6778	0.000746
1.6780	0.000745
1.6782	0.000744
1.6784	0.000743
1.6786	0.000742
1.6788	0.000741
1.6790	0.000740
1.6792	0.000739
1.6794	0.000738
1.6796	0.000737
1.6798	0.000736
1.6800	0.000736
1.6802	0.000735
1.6804	0.000734
1.6806	0.000733
1.6808	0.000732
1.6810	0.000731
1.6812	0.000730
1.6814	0.000729
1.6816	0.000728
1.6818	0.000727
1.6820	0.000726
1.6822	0.000725
1.6824	0.000724
1.6826	0.000724
1.6828	0.000723
1.6830	0.000722
1.6832	0.000721
1.6834	0.000720
1.6836	0.000719
1.6838	0.000718
1.6840	0.000717
1.6842	0.000716
1.6844	0.000715
1.6846	0.000714
1.6848	0.000713
1.6850	0.000713
1.6852	0.000712
1.6854	0.000711
1.6856	0.000710
1.6858	0.000709
1.6860	0.000708
1.6862	0.000707
1.6864	0.000706
1.6866	0.000705
1.6868	0.000704
1.6870	0.000704
1.6872	0.000703
1.6874	0.000702
1.6876	0.000701
1.6878	0.000700
1.6880	0.000699
1.6882	0.000698
1.6884	0.000697
1.6886	0.000696
1.6888	0.000696
1.6890	0.000695
1.6892	0.000694
1.6894	0.000693
1.6896	0.000692
1.6898	0.000691
1.6900	0.000690
1.6902	0.000689
1.6904	0.000688
1.6906	0.000688
1.6908	0.000687
1.6910	0.000686
1.6912	0.000685
1.6914	0.000684
1.6916	0.000683
1.6918	0.000682
1.6920	0.000681
1.6922	0.000681
1.6924	0.000680
1.6926	0.000679
1.6928	0.000678
1.6930	0.000677
1.6932	0.000676
1.6934	0.000675
1.6936	0.000675
1.6938	0.000674
1.6940	0.000673
1.6942	0.000672
1.6944	0.000671
1.6946	0.000670
1.6948	0.000669
1.6950	0.000668
1.6952	0.000668
1.6954	0.000667
1.6956	0.000666
1.6958	0.000665
1.6960	0.000664
1.6962	0.000663
1.6964	0.000663
1.6966	0.000662
1.6968	0.000661
1.6970	0.000660
1.6972	0.000659
1.6974	0.000658
1.6976	0.000657
1.6978	0.000657
1.6980	0.000656
1.6982	0.000655
1.6984	0.000654
1.6986	0.000653
1.6988	0.000652
1.6990	0.000652
1.6992	0.000651
1.6994	0.000650
1.6996	0.000649
1.6998	0.000648
1.7000	0.000647
1.7002	0.000646
1.7004	0.000646
1.7006	0.000645
1.7008	0.000644
1.7010	0.000643
1.7012	0.000642
1.7014	0.000641
1.7016	0.000641
1.7018	0.000640
1.7020	0.000639
1.7022	0.000638
1.7024	0.000637
1.7026	0.000637
1.7028	0.000636
1.7030	0.000635
1.7032	0.000634
1.7034	0.000633
1.7036	0.000632
1.7038	0.000632
1.7040	0.000631
1.7042	0.000630
1.7044	0.000629
1.7046	0.000628
1.7048	0.000628
1.7050	0.000627
1.7052	0.000626
1.7054	0.000625
1.7056	0.000624
1.7058	0.000623
1.7060	0.000623
1.7062	0.000622
1.7064	0.000621
1.7066	0.000620
1.7068	0.000619
1.7070	0.000619
1.7072	0.000618
1.7074	0.000617
1.7076	0.000616
1.7078	0.000615
1.7080	0.000615
1.7082	0.000614
1.7084	0.000613
1.7086	0.000612
1.7088	0.000611
1.7090	0.000611
1.7092	0.000610
1.7094	0.000609
1.7096	0.000608
1.7098	0.000607
1.7100	0.000607
1.7102	0.000606
1.7104	0.000605
1.7106	0.000604
1.7108	0.000603
1.7110	0.000603
1.7112	0.000602
1.7114	0.000601
1.7116	0.000600
1.7118	0.000600
1.7120	0.000599
1.7122	0.000598
1.7124	0.000597
1.7126	0.000596
1.7128	0.000596
1.7130	0.000595
1.7132	0.000594
1.7134	0.000593
1.7136	0.000593
1.7138	0.000592
1.7140	0.000591
1.7142	0.000590
1.7144	0.000589
1.7146	0.000589
1.7148	0.000588
1.7150	0.000587
1.7152	0.000586
1.7154	0.000586
1.7156	0.000585
1.7158	0.000584
1.7160	0.000583
1.7162	0.000582
1.7164	0.000582
1.7166	0.000581
1.7168	0.000580
1.7170	0.000579
1.7172	0.000579
1.7174	0.000578
1.7176	0.000577
1.7178	0.000576
1.7180	0.000576
1.7182	0.000575
1.7184	0.000574
1.7186	0.000573
1.7188	0.000573
1.7190	0.000572
1.7192	0.000571
1.7194	0.000570
1.7196	0.000570
1.7198	0.000569
1.7200	0.000568
1.7202	0.000567
1.7204	0.000567
1.7206	0.000566
1.7208	0.000565
1.7210	0.000564
1.7212	0.000564
1.7214	0.000563
1.7216	0.000562
1.7218	0.000561
1.7220	0.000561
1.7222	0.000560
1.7224	0.000559
1.7226	0.000558
1.7228	0.000558
1.7230	0.000557
1.7232	0.000556
1.7234	0.000555
1.7236	0.000555
1.7238	0.000554
1.7240	0.000553
1.7242	0.000552
1.7244	0.000552
1.7246	0.000551
1.7248	0.000550
1.7250	0.000550
1.7252	0.000549
1.7254	0.000548
1.7256	0.000547
1.7258	0.000547
1.7260	0.000546
1.7262	0.000545
1.7264	0.000544
1.7266	0.000544
1.7268	0.000543
1.7270	0.000542
1.7272	0.000541
1.7274	0.000541
1.7276	0.000540
1.7278	0.000539
1.7280	0.000539
1.7282	0.000538
1.7284	0.000537
1.7286	0.000536
1.7288	0.000536
1.7290	0.000535
1.7292	0.000534
1.7294	0.000534
1.7296	0.000533
1.7298	0.000532
1.7300	0.000531
1.7302	0.000531
1.7304	0.000530
1.7306	0.000529
1.7308	0.000529
1.7310	0.000528
1.7312	0.000527
1.7314	0.000526
1.7316	0.000526
1.7318	0.000525
1.7320	0.000524
1.7322	0.000524
1.7324	0.000523
1.7326	0.000522
1.7328	0.000522
1.7330	0.000521
1.7332	0.000520
1.7334	0.000519
1.7336	0.000519
1.7338	0.000518
1.7340	0.000517
1.7342	0.000517
1.7344	0.000516
1.7346	0.000515
1.7348	0.000515
1.7350	0.000514
1.7352	0.000513
1.7354	0.000512
1.7356	0.000512
1.7358	0.000511
1.7360	0.000510
1.7362	0.000510
1.7364	0.000509
1.7366	0.000508
1.7368	0.000508
1.7370	0.000507
1.7372	0.000506
1.7374	0.000506
1.7376	0.000505
1.7378	0.000504
1.7380	0.000503
1.7382	0.000503
1.7384	0.000502
1.7386	0.000501
1.7388	0.000501
1.7390	0.000500
1.7392	0.000499
1.7394	0.000499
1.7396	0.000498
1.7398	0.000497
1.7400	0.000497
1.7402	0.000496
1.7404	0.000495
1.7406	0.000495
1.7408	0.000494
1.7410	0.000493
1.7412	0.000493
1.7414	0.000492
1.7416	0.000491
1.7418	0.000491
1.7420	0.000490
1.7422	0.000489
1.7424	0.000489
1.7426	0.000488
1.7428	0.000487
1.7430	0.000487
1.7432	0.000486
1.7434	0.000485
1.7436	0.000485
1.7438	0.000484
1.7440	0.000483
1.7442	0.000483
1.7444	0.000482
1.7446	0.000481
1.7448	0.000481
1.7450	0.000480
1.7452	0.000479
1.7454	0.000479
1.7456	0.000478
1.7458	0.000477
1.7460	0.000477
1.7462	0.000476
1.7464	0.000475
1.7466	0.000475
1.7468	0.000474
1.7470	0.000473
1.7472	0.000473
1.7474	0.000472
1.7476	0.000471
1.7478	0.000471
1.7480	0.000470
1.7482	0.000469
1.7484	0.000469
1.7486	0.000468
1.7488	0.000468
1.7490	0.000467
1.7492	0.000466
1.7494	0.000466
1.7496	0.000465
1.7498	0.000464
1.7500	0.000464
1.7502	0.000463
1.7504	0.000462
1.7506	0.000462
1.7508	0.000461
1.7510	0.000460
1.7512	0.000460
1.7514	0.000459
1.7516	0.000459
1.7518	0.000458
1.7520	0.000457
1.7522	0.000457
1.7524	0.000456
1.7526	0.000455
1.7528	0.000455
1.7530	0.000454
1.7532	0.000453
1.7534	0.000453
1.7536	0.000452
1.7538	0.000452
1.7540	0.000451
1.7542	0.000450
1.7544	0.000450
1.7546	0.000449
1.7548	0.000448
1.7550	0.000448
1.7552	0.000447
1.7554	0.000447
1.7556	0.000446
1.7558	0.000445
1.7560	0.000445
1.7562	0.000444
1.7564	0.000443
1.7566	0.000443
1.7568	0.000442
1.7570	0.000442
1.7572	0.000441
1.7574	0.000440
1.7576	0.000440
1.7578	0.000439
1.7580	0.000438
1.7582	0.000438
1.7584	0.000437
1.7586	0.000437
1.7588	0.000436
1.7590	0.000435
1.7592	0.000435
1.7594	0.000434
1.7596	0.000434
1.7598	0.000433
1.7600	0.000432
1.7602	0.000432
1.7604	0.000431
1.7606	0.000430
1.7608	0.000430
1.7610	0.000429
1.7612	0.000429
1.7614	0.000428
1.7616	0.000427
1.7618	0.000427
1.7620	0.000426
1.7622	0.000426
1.7624	0.000425
1.7626	0.000424
1.7628	0.000424
1.7630	0.000423
1.7632	0.000423
1.7634	0.000422
1.7636	0.000421
1.7638	0.000421
1.7640	0.000420
1.7642	0.000420
1.7644	0.000419
1.7646	0.000418
1.7648	0.000418
1.7650	0.000417
1.7652	0.000417
1.7654	0.000416
1.7656	0.000415
1.7658	0.000415
1.7660	0.000414
1.7662	0.000414
1.7664	0.000413
1.7666	0.000412
1.7668	0.000412
1.7670	0.000411
1.7672	0.000411
1.7674	0.000410
1.7676	0.000409
1.7678	0.000409
1.7680	0.000408
1.7682	0.000408
1.7684	0.000407
1.7686	0.000407
1.7688	0.000406
1.7690	0.000405
1.7692	0.000405
1.7694	0.000404
1.7696	0.000404
1.7698	0.000403
1.7700	0.000402
1.7702	0.000402
1.7704	0.000401
1.7706	0.000401
1.7708	0.000400
1.7710	0.000400
1.7712	0.000399
1.7714	0.000398
1.7716	0.000398
1.7718	0.000397
1.7720	0.000397
1.7722	0.000396
1.7724	0.000396
1.7726	0.000395
1.7728	0.000394
1.7730	0.000394
1.7732	0.000393
1.7734	0.000393
1.7736	0.000392
1.7738	0.000392
1.7740	0.000391
1.7742	0.000390
1.7744	0.000390
1.7746	0.000389
1.7748	0.000389
1.7750	0.000388
1.7752	0.000388
1.7754	0.000387
1.7756	0.000386
1.7758	0.000386
1.7760	0.000385
1.7762	0.000385
1.7764	0.000384
1.7766	0.000384
1.7768	0.000383
1.7770	0.000382
1.7772	0.000382
1.7774	0.000381
1.7776	0.000381
1.7778	0.000380
1.7780	0.000380
1.7782	0.000379
1.7784	0.000379
1.7786	0.000378
1.7788	0.000377
1.7790	0.000377
1.7792	0.000376
1.7794	0.000376
1.7796	0.000375
1.7798	0.000375
1.7800	0.000374
1.7802	0.000374
1.7804	0.000373
1.7806	0.000372
1.7808	0.000372
1.7810	0.000371
1.7812	0.000371
1.7814	0.000370
1.7816	0.000370
1.7818	0.000369
1.7820	0.000369
1.7822	0.000368
1.7824	0.000368
1.7826	0.000367
1.7828	0.000366
1.7830	0.000366
1.7832	0.000365
1.7834	0.000365
1.7836	0.000364
1.7838	0.000364
1.7840	0.000363
1.7842	0.000363
1.7844	0.000362
1.7846	0.000362
1.7848	0.000361
1.7850	0.000360
1.7852	0.000360
1.7854	0.000359
1.7856	0.000359
1.7858	0.000358
1.7860	0.000358
1.7862	0.000357
1.7864	0.000357
1.7866	0.000356
1.7868	0.000356
1.7870	0.000355
1.7872	0.000355
1.7874	0.000354
1.7876	0.000354
1.7878	0.000353
1.7880	0.000352
1.7882	0.000352
1.7884	0.000351
1.7886	0.000351
1.7888	0.000350
1.7890	0.000350
1.7892	0.000349
1.7894	0.000349
1.7896	0.000348
1.7898	0.000348
1.7900	0.000347
1.7902	0.000347
1.7904	0.000346
1.7906	0.000346
1.7908	0.000345
1.7910	0.000345
1.7912	0.000344
1.7914	0.000344
1.7916	0.000343
1.7918	0.000342
1.7920	0.000342
1.7922	0.000341
1.7924	0.000341
1.7926	0.000340
1.7928	0.000340
1.7930	0.000339
1.7932	0.000339
1.7934	0.000338
1.7936	0.000338
1.7938	0.000337
1.7940	0.000337
1.7942	0.000336
1.7944	0.000336
1.7946	0.000335
1.7948	0.000335
1.7950	0.000334
1.7952	0.000334
1.7954	0.000333
1.7956	0.000333
1.7958	0.000332
1.7960	0.000332
1.7962	0.000331
1.7964	0.000331
1.7966	0.000330
1.7968	0.000330
1.7970	0.000329
1.7972	0.000329
1.7974	0.000328
1.7976	0.000328
1.7978	0.000327
1.7980	0.000327
1.7982	0.000326
1.7984	0.000326
1.7986	0.000325
1.7988	0.000325
1.7990	0.000324
1.7992	0.000324
1.7994	0.000323
1.7996	0.000323
1.7998	0.000322
1.8000	0.000322
1.8002	0.000321
1.8004	0.000321
1.8006	0.000320
1.8008	0.000320
1.8010	0.000319
1.8012	0.000319
1.8014	0.000318
1.8016	0.000318
1.8018	0.000317
1.8020	0.000317
1.8022	0.000316
1.8024	0.000316
1.8026	0.000315
1.8028	0.000315
1.8030	0.000314
1.8032	0.000314
1.8034	0.000313
1.8036	0.000313
1.8038	0.000312
1.8040	0.000312
1.8042	0.000311
1.8044	0.000311
1.8046	0.000310
1.8048	0.000310
1.8050	0.000309
1.8052	0.000309
1.8054	0.000308
1.8056	0.000308
1.8058	0.000307
1.8060	0.000307
1.8062	0.000306
1.8064	0.000306
1.8066	0.000305
1.8068	0.000305
1.8070	0.000304
1.8072	0.000304
1.8074	0.000303
1.8076	0.000303
1.8078	0.000302
1.8080	0.000302
1.8082	0.000301
1.8084	0.000301
1.8086	0.000300
1.8088	0.000300
1.8090	0.000300
1.8092	0.000299
1.8094	0.000299
1.8096	0.000298
1.8098	0.000298
1.8100	0.000297
1.8102	0.000297
1.8104	0.000296
1.8106	0.000296
1.8108	0.000295
1.8110	0.000295
1.8112	0.000294
1.8114	0.000294
1.8116	0.000293
1.8118	0.000293
1.8120	0.000292
1.8122	0.000292
1.8124	0.000291
1.8126	0.000291
1.8128	0.000291
1.8130	0.000290
1.8132	0.000290
1.8134	0.000289
1.8136	0.000289
1.8138	0.000288
1.8140	0.000288
1.8142	0.000287
1.8144	0.000287
1.8146	0.000286
1.8148	0.000286
1.8150	0.000285
1.8152	0.000285
1.8154	0.000284
1.8156	0.000284
1.8158	0.000284
1.8160	0.000283
1.8162	0.000283
1.8164	0.000282
1.8166	0.000282
1.8168	0.000281
1.8170	0.000281
1.8172	0.000280
1.8174	0.000280
1.8176	0.000279
1.8178	0.000279
1.8180	0.000278
1.8182	0.000278
1.8184	0.000278
1.8186	0.000277
1.8188	0.000277
1.8190	0.000276
1.8192	0.000276
1.8194	0.000275
1.8196	0.000275
1.8198	0.000274
1.8200	0.000274
1.8202	0.000273
1.8204	0.000273
1.8206	0.000273
1.8208	0.000272
1.8210	0.000272
1.8212	0.000271
1.8214	0.000271
1.8216	0.000270
1.8218	0.000270
1.8220	0.000269
1.8222	0.000269
1.8224	0.000268
1.8226	0.000268
1.8228	0.000268
1.8230	0.000267
1.8232	0.000267
1.8234	0.000266
1.8236	0.000266
1.8238	0.000265
1.8240	0.000265
1.8242	0.000264
1.8244	0.000264
1.8246	0.000264
1.8248	0.000263
1.8250	0.000263
1.8252	0.000262
1.8254	0.000262
1.8256	0.000261
1.8258	0.000261
1.8260	0.000260
1.8262	0.000260
1.8264	0.000260
1.8266	0.000259
1.8268	0.000259
1.8270	0.000258
1.8272	0.000258
1.8274	0.000257
1.8276	0.000257
1.8278	0.000257
1.8280	0.000256
1.8282	0.000256
1.8284	0.000255
1.8286	0.000255
1.8288	0.000254
1.8290	0.000254
1.8292	0.000254
1.8294	0.000253
1.8296	0.000253
1.8298	0.000252
1.8300	0.000252
1.8302	0.000251
1.8304	0.000251
1.8306	0.000250
1.8308	0.000250
1.8310	0.000250
1.8312	0.000249
1.8314	0.000249
1.8316	0.000248
1.8318	0.000248
1.8320	0.000247
1.8322	0.000247
1.8324	0.000247
1.8326	0.000246
1.8328	0.000246
1.8330	0.000245
1.8332	0.000245
1.8334	0.000244
1.8336	0.000244
1.8338	0.000244
1.8340	0.000243
1.8342	0.000243
1.8344	0.000242
1.8346	0.000242
1.8348	0.000242
1.8350	0.000241
1.8352	0.000241
1.8354	0.000240
1.8356	0.000240
1.8358	0.000239
1.8360	0.000239
1.8362	0.000239
1.8364	0.000238
1.8366	0.000238
1.8368	0.000237
1.8370	0.000237
1.8372	0.000236
1.8374	0.000236
1.8376	0.000236
1.8378	0.000235
1.8380	0.000235
1.8382	0.000234
1.8384	0.000234
1.8386	0.000234
1.8388	0.000233
1.8390	0.000233
1.8392	0.000232
1.8394	0.000232
1.8396	0.000232
1.8398	0.000231
1.8400	0.000231
1.8402	0.000230
1.8404	0.000230
1.8406	0.000229
1.8408	0.000229
1.8410	0.000229
1.8412	0.000228
1.8414	0.000228
1.8416	0.000227
1.8418	0.000227
1.8420	0.000227
1.8422	0.000226
1.8424	0.000226
1.8426	0.000225
1.8428	0.000225
1.8430	0.000225
1.8432	0.000224
1.8434	0.000224
1.8436	0.000223
1.8438	0.000223
1.8440	0.000223
1.8442	0.000222
1.8444	0.000222
1.8446	0.000221
1.8448	0.000221
1.8450	0.000221
1.8452	0.000220
1.8454	0.000220
1.8456	0.000219
1.8458	0.000219
1.8460	0.000219
1.8462	0.000218
1.8464	0.000218
1.8466	0.000217
1.8468	0.000217
1.8470	0.000217
1.8472	0.000216
1.8474	0.000216
1.8476	0.000215
1.8478	0.000215
1.8480	0.000215
1.8482	0.000214
1.8484	0.000214
1.8486	0.000213
1.8488	0.000213
1.8490	0.000213
1.8492	0.000212
1.8494	0.000212
1.8496	0.000211
1.8498	0.000211
1.8500	0.000211
1.8502	0.000210
1.8504	0.000210
1.8506	0.000209
1.8508	0.000209
1.8510	0.000209
1.8512	0.000208
1.8514	0.000208
1.8516	0.000207
1.8518	0.000207
1.8520	0.000207
1.8522	0.000206
1.8524	0.000206
1.8526	0.000206
1.8528	0.000205
1.8530	0.000205
1.8532	0.000204
1.8534	0.000204
1.8536	0.000204
1.8538	0.000203
1.8540	0.000203
1.8542	0.000202
1.8544	0.000202
1.8546	0.000202
1.8548	0.000201
1.8550	0.000201
1.8552	0.000201
1.8554	0.000200
1.8556	0.000200
1.8558	0.000199
1.8560	0.000199
1.8562	0.000199
1.8564	0.000198
1.8566	0.000198
1.8568	0.000198
1.8570	0.000197
1.8572	0.000197
1.8574	0.000196
1.8576	0.000196
1.8578	0.000196
1.8580	0.000195
1.8582	0.000195
1.8584	0.000194
1.8586	0.000194
1.8588	0.000194
1.8590	0.000193
1.8592	0.000193
1.8594	0.000193
1.8596	0.000192
1.8598	0.000192
1.8600	0.000191
1.8602	0.000191
1.8604	0.000191
1.8606	0.000190
1.8608	0.000190
1.8610	0.000190
1.8612	0.000189
1.8614	0.000189
1.8616	0.000189
1.8618	0.000188
1.8620	0.000188
1.8622	0.000187
1.8624	0.000187
1.8626	0.000187
1.8628	0.000186
1.8630	0.000186
1.8632	0.000186
1.8634	0.000185
1.8636	0.000185
1.8638	0.000184
1.8640	0.000184
1.8642	0.000184
1.8644	0.000183
1.8646	0.000183
1.8648	0.000183
1.8650	0.000182
1.8652	0.000182
1.8654	0.000182
1.8656	0.000181
1.8658	0.000181
1.8660	0.000180
1.8662	0.000180
1.8664	0.000180
1.8666	0.000179
1.8668	0.000179
1.8670	0.000179
1.8672	0.000178
1.8674	0.000178
1.8676	0.000178
1.8678	0.000177
1.8680	0.000177
1.8682	0.000176
1.8684	0.000176
1.8686	0.000176
1.8688	0.000175
1.8690	0.000175
1.8692	0.000175
1.8694	0.000174
1.8696	0.000174
1.8698	0.000174
1.8700	0.000173
1.8702	0.000173
1.8704	0.000173
1.8706	0.000172
1.8708	0.000172
1.8710	0.000171
1.8712	0.000171
1.8714	0.000171
1.8716	0.000170
1.8718	0.000170
1.8720	0.000170
1.8722	0.000169
1.8724	0.000169
1.8726	0.000169
1.8728	0.000168
1.8730	0.000168
1.8732	0.000168
1.8734	0.000167
1.8736	0.000167
1.8738	0.000167
1.8740	0.000166
1.8742	0.000166
1.8744	0.000165
1.8746	0.000165
1.8748	0.000165
1.8750	0.000164
1.8752	0.000164
1.8754	0.000164
1.8756	0.000163
1.8758	0.000163
1.8760	0.000163
1.8762	0.000162
1.8764	0.000162
1.8766	0.000162
1.8768	0.000161
1.8770	0.000161
1.8772	0.000161
1.8774	0.000160
1.8776	0.000160
1.8778	0.000160
1.8780	0.000159
1.8782	0.000159
1.8784	0.000159
1.8786	0.000158
1.8788	0.000158
1.8790	0.000158
1.8792	0.000157
1.8794	0.000157
1.8796	0.000157
1.8798	0.000156
1.8800	0.000156
1.8802	0.000156
1.8804	0.000155
1.8806	0.000155
1.8808	0.000155
1.8810	0.000154
1.8812	0.000154
1.8814	0.000153
1.8816	0.000153
1.8818	0.000153
1.8820	0.000152
1.8822	0.000152
1.8824	0.000152
1.8826	0.000151
1.8828	0.000151
1.8830	0.000151
1.8832	0.000150
1.8834	0.000150
1.8836	0.000150
1.8838	0.000149
1.8840	0.000149
1.8842	0.000149
1.8844	0.000148
1.8846	0.000148
1.8848	0.000148
1.8850	0.000147
1.8852	0.000147
1.8854	0.000147
1.8856	0.000146
1.8858	0.000146
1.8860	0.000146
1.8862	0.000145
1.8864	0.000145
1.8866	0.000145
1.8868	0.000144
1.8870	0.000144
1.8872	0.000144
1.8874	0.000144
1.8876	0.000143
1.8878	0.000143
1.8880	0.000143
1.8882	0.000142
1.8884	0.000142
1.8886	0.000142
1.8888	0.000141
1.8890	0.000141
1.8892	0.000141
1.8894	0.000140
1.8896	0.000140
1.8898	0.000140
1.8900	0.000139
1.8902	0.000139
1.8904	0.000139
1.8906	0.000138
1.8908	0.000138
1.8910	0.000138
1.8912	0.000137
1.8914	0.000137
1.8916	0.000137
1.8918	0.000136
1.8920	0.000136
1.8922	0.000136
1.8924	0.000135
1.8926	0.000135
1.8928	0.000135
1.8930	0.000134
1.8932	0.000134
1.8934	0.000134
1.8936	0.000133
1.8938	0.000133
1.8940	0.000133
1.8942	0.000133
1.8944	0.000132
1.8946	0.000132
1.8948	0.000132
1.8950	0.000131
1.8952	0.000131
1.8954	0.000131
1.8956	0.000130
1.8958	0.000130
1.8960	0.000130
1.8962	0.000129
1.8964	0.000129
1.8966	0.000129
1.8968	0.000128
1.8970	0.000128
1.8972	0.000128
1.8974	0.000127
1.8976	0.000127
1.8978	0.000127
1.8980	0.000127
1.8982	0.000126
1.8984	0.000126
1.8986	0.000126
1.8988	0.000125
1.8990	0.000125
1.8992	0.000125
1.8994	0.000124
1.8996	0.000124
1.8998	0.000124
1.9000	0.000123
1.9002	0.000123
1.9004	0.000123
1.9006	0.000123
1.9008	0.000122
1.9010	0.000122
1.9012	0.000122
1.9014	0.000121
1.9016	0.000121
1.9018	0.000121
1.9020	0.000120
1.9022	0.000120
1.9024	0.000120
1.9026	0.000119
1.9028	0.000119
1.9030	0.000119
1.9032	0.000119
1.9034	0.000118
1.9036	0.000118
1.9038	0.000118
1.9040	0.000117
1.9042	0.000117
1.9044	0.000117
1.9046	0.000116
1.9048	0.000116
1.9050	0.000116
1.9052	0.000116
1.9054	0.000115
1.9056	0.000115
1.9058	0.000115
1.9060	0.000114
1.9062	0.000114
1.9064	0.000114
1.9066	0.000113
1.9068	0.000113
1.9070	0.000113
1.9072	0.000113
1.9074	0.000112
1.9076	0.000112
1.9078	0.000112
1.9080	0.000111
1.9082	0.000111
1.9084	0.000111
1.9086	0.000110
1.9088	0.000110
1.9090	0.000110
1.9092	0.000110
1.9094	0.000109
1.9096	0.000109
1.9098	0.000109
1.9100	0.000108
1.9102	0.000108
1.9104	0.000108
1.9106	0.000107
1.9108	0.000107
1.9110	0.000107
1.9112	0.000107
1.9114	0.000106
1.9116	0.000106
1.9118	0.000106
1.9120	0.000105
1.9122	0.000105
1.9124	0.000105
1.9126	0.000105
1.9128	0.000104
1.9130	0.000104
1.9132	0.000104
1.9134	0.000103
1.9136	0.000103
1.9138	0.000103
1.9140	0.000103
1.9142	0.000102
1.9144	0.000102
1.9146	0.000102
1.9148	0.000101
1.9150	0.000101
1.9152	0.000101
1.9154	0.000101
1.9156	0.000100
1.9158	0.000100
1.9160	0.000100
1.9162	0.000099
1.9164	0.000099
1.9166	0.000099
1.9168	0.000099
1.9170	0.000098
1.9172	0.000098
1.9174	0.000098
1.9176	0.000097
1.9178	0.000097
1.9180	0.000097
1.9182	0.000097
1.9184	0.000096
1.9186	0.000096
1.9188	0.000096
1.9190	0.000095
1.9192	0.000095
1.9194	0.000095
1.9196	0.000095
1.9198	0.000094
1.9200	0.000094
1.9202	0.000094
1.9204	0.000093
1.9206	0.000093
1.9208	0.000093
1.9210	0.000093
1.9212	0.000092
1.9214	0.000092
1.9216	0.000092
1.9218	0.000091
1.9220	0.000091
1.9222	0.000091
1.9224	0.000091
1.9226	0.000090
1.9228	0.000090
1.9230	0.000090
1.9232	0.000090
1.9234	0.000089
1.9236	0.000089
1.9238	0.000089
1.9240	0.000088
1.9242	0.000088
1.9244	0.000088
1.9246	0.000088
1.9248	0.000087
1.9250	0.000087
1.9252	0.000087
1.9254	0.000086
1.9256	0.000086
1.9258	0.000086
1.9260	0.000086
1.9262	0.000085
1.9264	0.000085
1.9266	0.000085
1.9268	0.000085
1.9270	0.000084
1.9272	0.000084
1.9274	0.000084
1.9276	0.000083
1.9278	0.000083
1.9280	0.000083
1.9282	0.000083
1.9284	0.000082
1.9286	0.000082
1.9288	0.000082
1.9290	0.000082
1.9292	0.000081
1.9294	0.000081
1.9296	0.000081
1.9298	0.000080
1.9300	0.000080
1.9302	0.000080
1.9304	0.000080
1.9306	0.000079
1.9308	0.000079
1.9310	0.000079
1.9312	0.000079
1.9314	0.000078
1.9316	0.000078
1.9318	0.000078
1.9320	0.000078
1.9322	0.000077
1.9324	0.000077
1.9326	0.000077
1.9328	0.000076
1.9330	0.000076
1.9332	0.000076
1.9334	0.000076
1.9336	0.000075
1.9338	0.000075
1.9340	0.000075
1.9342	0.000075
1.9344	0.000074
1.9346	0.000074
1.9348	0.000074
1.9350	0.000074
1.9352	0.000073
1.9354	0.000073
1.9356	0.000073
1.9358	0.000073
1.9360	0.000072
1.9362	0.000072
1.9364	0.000072
1.9366	0.000072
1.9368	0.000071
1.9370	0.000071
1.9372	0.000071
1.9374	0.000070
1.9376	0.000070
1.9378	0.000070
1.9380	0.000070
1.9382	0.000069
1.9384	0.000069
1.9386	0.000069
1.9388	0.000069
1.9390	0.000068
1.9392	0.000068
1.9394	0.000068
1.9396	0.000068
1.9398	0.000067
1.9400	0.000067
1.9402	0.000067
1.9404	0.000067
1.9406	0.000066
1.9408	0.000066
1.9410	0.000066
1.9412	0.000066
1.9414	0.000065
1.9416	0.000065
1.9418	0.000065
1.9420	0.000065
1.9422	0.000064
1.9424	0.000064
1.9426	0.000064
1.9428	0.000064
1.9430	0.000063
1.9432	0.000063
1.9434	0.000063
1.9436	0.000063
1.9438	0.000062
1.9440	0.000062
1.9442	0.000062
1.9444	0.000062
1.9446	0.000061
1.9448	0.000061
1.9450	0.000061
1.9452	0.000061
1.9454	0.000060
1.9456	0.000060
1.9458	0.000060
1.9460	0.000060
1.9462	0.000059
1.9464	0.000059
1.9466	0.000059
1.9468	0.000059
1.9470	0.000058
1.9472	0.000058
1.9474	0.000058
1.9476	0.000058
1.9478	0.000057
1.9480	0.000057
1.9482	0.000057
1.9484	0.000057
1.9486	0.000056
1.9488	0.000056
1.9490	0.000056
1.9492	0.000056
1.9494	0.000055
1.9496	0.000055
1.9498	0.000055
1.9500	0.000055
1.9502	0.000054
1.9504	0.000054
1.9506	0.000054
1.9508	0.000054
1.9510	0.000053
1.9512	0.000053
1.9514	0.000053
1.9516	0.000053
1.9518	0.000052
1.9520	0.000052
1.9522	0.000052
1.9524	0.000052
1.9526	0.000051
1.9528	0.000051
1.9530	0.000051
1.9532	0.000051
1.9534	0.000050
1.9536	0.000050
1.9538	0.000050
1.9540	0.000050
1.9542	0.000050
1.9544	0.000049
1.9546	0.000049
1.9548	0.000049
1.9550	0.000049
1.9552	0.000048
1.9554	0.000048
1.9556	0.000048
1.9558	0.000048
1.9560	0.000047
1.9562	0.000047
1.9564	0.000047
1.9566	0.000047
1.9568	0.000046
1.9570	0.000046
1.9572	0.000046
1.9574	0.000046
1.9576	0.000045
1.9578	0.000045
1.9580	0.000045
1.9582	0.000045
1.9584	0.000045
1.9586	0.000044
1.9588	0.000044
1.9590	0.000044
1.9592	0.000044
1.9594	0.000043
1.9596	0.000043
1.9598	0.000043
1.9600	0.000043
1.9602	0.000042
1.9604	0.000042
1.9606	0.000042
1.9608	0.000042
1.9610	0.000041
1.9612	0.000041
1.9614	0.000041
1.9616	0.000041
1.9618	0.000041
1.9620	0.000040
1.9622	0.000040
1.9624	0.000040
1.9626	0.000040
1.9628	0.000039
1.9630	0.000039
1.9632	0.000039
1.9634	0.000039
1.9636	0.000038
1.9638	0.000038
1.9640	0.000038
1.9642	0.000038
1.9644	0.000038
1.9646	0.000037
1.9648	0.000037
1.9650	0.000037
1.9652	0.000037
1.9654	0.000036
1.9656	0.000036
1.9658	0.000036
1.9660	0.000036
1.9662	0.000036
1.9664	0.000035
1.9666	0.000035
1.9668	0.000035
1.9670	0.000035
1.9672	0.000034
1.9674	0.000034
1.9676	0.000034
1.9678	0.000034
1.9680	0.000033
1.9682	0.000033
1.9684	0.000033
1.9686	0.000033
1.9688	0.000033
1.9690	0.000032
1.9692	0.000032
1.9694	0.000032
1.9696	0.000032
1.9698	0.000031
1.9700	0.000031
1.9702	0.000031
1.9704	0.000031
1.9706	0.000031
1.9708	0.000030
1.9710	0.000030
1.9712	0.000030
1.9714	0.000030
1.9716	0.000029
1.9718	0.000029
1.9720	0.000029
1.9722	0.000029
1.9724	0.000029
1.9726	0.000028
1.9728	0.000028
1.9730	0.000028
1.9732	0.000028
1.9734	0.000027
1.9736	0.000027
1.9738	0.000027
1.9740	0.000027
1.9742	0.000027
1.9744	0.000026
1.9746	0.000026
1.9748	0.000026
1.9750	0.000026
1.9752	0.000026
1.9754	0.000025
1.9756	0.000025
1.9758	0.000025
1.9760	0.000025
1.9762	0.000024
1.9764	0.000024
1.9766	0.000024
1.9768	0.000024
1.9770	0.000024
1.9772	0.000023
1.9774	0.000023
1.9776	0.000023
1.9778	0.000023
1.9780	0.000022
1.9782	0.000022
1.9784	0.000022
1.9786	0.000022
1.9788	0.000022
1.9790	0.000021
1.9792	0.000021
1.9794	0.000021
1.9796	0.000021
1.9798	0.000021
1.9800	0.000020
1.9802	0.000020
1.9804	0.000020
1.9806	0.000020
1.9808	0.000019
1.9810	0.000019
1.9812	0.000019
1.9814	0.000019
1.9816	0.000019
1.9818	0.000018
1.9820	0.000018
1.9822	0.000018
1.9824	0.000018
1.9826	0.000018
1.9828	0.000017
1.9830	0.000017
1.9832	0.000017
1.9834	0.000017
1.9836	0.000017
1.9838	0.000016
1.9840	0.000016
1.9842	0.000016
1.9844	0.000016
1.9846	0.000015
1.9848	0.000015
1.9850	0.000015
1.9852	0.000015
1.9854	0.000015
1.9856	0.000014
1.9858	0.000014
1.9860	0.000014
1.9862	0.000014
1.9864	0.000014
1.9866	0.000013
1.9868	0.000013
1.9870	0.000013
1.9872	0.000013
1.9874	0.000013
1.9876	0.000012
1.9878	0.000012
1.9880	0.000012
1.9882	0.000012
1.9884	0.000012
1.9886	0.000011
1.9888	0.000011
1.9890	0.000011
1.9892	0.000011
1.9894	0.000011
1.9896	0.000010
1.9898	0.000010
1.9900	0.000010
1.9902	0.000010
1.9904	0.000010
1.9906	0.000009
1.9908	0.000009
1.9910	0.000009
1.9912	0.000009
1.9914	0.000009
1.9916	0.000008
1.9918	0.000008
1.9920	0.000008
1.9922	0.000008
1.9924	0.000008
1.9926	0.000007
1.9928	0.000007
1.9930	0.000007
1.9932	0.000007
1.9934	0.000007
1.9936	0.000006
1.9938	0.000006
1.9940	0.000006
1.9942	0.000006
1.9944	0.000006
1.9946	0.000005
1.9948	0.000005
1.9950	0.000005
1.9952	0.000005
1.9954	0.000005
1.9956	0.000004
1.9958	0.000004
1.9960	0.000004
1.9962	0.000004
1.9964	0.000004
1.9966	0.000003
1.9968	0.000003
1.9970	0.000003
1.9972	0.000003
1.9974	0.000003
1.9976	0.000002
1.9978	0.000002
1.9980	0.000002
1.9982	0.000002
1.9984	0.000002
1.9986	0.000001
1.9988	0.000001
1.9990	0.000001
1.9992	0.000001
1.9994	0.000001
1.9996	0.000000
1.9998	0.000000
2.0000	0.000000
