-2.0000	0.000000
-1.9998	0.000000
-1.9996	0.000000
-1.9994	0.000000
-1.9992	0.000000
-1.9990	0.000000
-1.9988	0.000000
-1.9986	0.000000
-1.9984	0.000000
-1.9982	0.000000
-1.9980	0.000000
-1.9978	0.000000
-1.9976	0.000000
-1.9974	0.000000
-1.9972	0.000000
-1.9970	0.000000
-1.9968	0.000000
-1.9966	0.000000
-1.9964	0.000000
-1.9962	0.000000
-1.9960	0.000000
-1.9958	0.000000
-1.9956	0.000000
-1.9954	0.000000
-1.9952	0.000000
-1.9950	0.000000
-1.9948	0.000000
-1.9946	0.000000
-1.9944	0.000000
-1.9942	0.000000
-1.9940	0.000000
-1.9938	0.000000
-1.9936	0.000000
-1.9934	0.000000
-1.9932	0.000000
-1.9930	0.000000
-1.9928	0.000000
-1.9926	0.000000
-1.9924	0.000000
-1.9922	0.000000
-1.9920	0.000000
-1.9918	0.000000
-1.9916	0.000000
-1.9914	0.000000
-1.9912	0.000000
-1.9910	0.000000
-1.9908	0.000000
-1.9906	0.000000
-1.9904	0.000000
-1.9902	0.000000
-1.9900	0.000000
-1.9898	0.000000
-1.9896	0.000000
-1.9894	0.000000
-1.9892	0.000000
-1.9890	0.000000
-1.9888	0.000000
-1.9886	0.000000
-1.9884	0.000000
-1.9882	0.000000
-1.9880	0.000000
-1.9878	0.000000
-1.9876	0.000000
-1.9874	0.000000
-1.9872	0.000000
-1.9870	0.000000
-1.9868	0.000000
-1.9866	0.000000
-1.9864	0.000000
-1.9862	0.000000
-1.9860	0.000000
-1.9858	0.000000
-1.9856	0.000000
-1.9854	0.000000
-1.9852	0.000000
-1.9850	0.000000
-1.9848	0.000000
-1.9846	0.000000
-1.9844	0.000000
-1.9842	0.000000
-1.9840	0.000000
-1.9838	0.000000
-1.9836	0.000000
-1.9834	0.000000
-1.9832	0.000000
-1.9830	0.000000
-1.9828	0.000000
-1.9826	0.000000
-1.9824	0.000000
-1.9822	0.000000
-1.9820	0.000000
-1.9818	0.000000
-1.9816	0.000000
-1.9814	0.000000
-1.9812	0.000000
-1.9810	0.000000
-1.9808	0.000000
-1.9806	0.000000
-1.9804	0.000000
-1.9802	0.000000
-1.9800	0.000000
-1.9798	0.000000
-1.9796	0.000000
-1.9794	0.000000
-1.9792	0.000000
-1.9790	0.000000
-1.9788	0.000000
-1.9786	0.000000
-1.9784	0.000000
-1.9782	0.000000
-1.9780	0.000000
-1.9778	0.000000
-1.9776	0.000000
-1.9774	0.000000
-1.9772	0.000001
-1.9770	0.000001
-1.9768	0.000001
-1.9766	0.000001
-1.9764	0.000001
-1.9762	0.000001
-1.9760	0.000001
-1.9758	0.000001
-1.9756	0.000001
-1.9754	0.000001
-1.9752	0.000001
-1.9750	0.000001
-1.9748	0.000001
-1.9746	0.000001
-1.9744	0.000001
-1.9742	0.000001
-1.9740	0.000001
-1.9738	0.000001
-1.9736	0.000001
-1.9734	0.000001
-1.9732	0.000001
-1.9730	0.000001
-1.9728	0.000001
-1.9726	0.000001
-1.9724	0.000001
-1.9722	0.000001
-1.9720	0.000001
-1.9718	0.000001
-1.9716	0.000001
-1.9714	0.000001
-1.9712	0.000001
-1.9710	0.000001
-1.9708	0.000001
-1.9706	0.000001
-1.9704	0.000001
-1.9702	0.000001
-1.9700	0.000001
-1.9698	0.000001
-1.9696	0.000001
-1.9694	0.000001
-1.9692	0.000001
-1.9690	0.000001
-1.9688	0.000001
-1.9686	0.000001
-1.9684	0.000001
-1.9682	0.000001
-1.9680	0.000001
-1.9678	0.000001
-1.9676	0.000001
-1.9674	0.000001
-1.9672	0.000001
-1.9670	0.000001
-1.9668	0.000001
-1.9666	0.000001
-1.9664	0.000001
-1.9662	0.000001
-1.9660	0.000001
-1.9658	0.000001
-1.9656	0.000001
-1.9654	0.000001
-1.9652	0.000001
-1.9650	0.000001
-1.9648	0.000001
-1.9646	0.000001
-1.9644	0.000001
-1.9642	0.000001
-1.9640	0.000001
-1.9638	0.000001
-1.9636	0.000001
-1.9634	0.000001
-1.9632	0.000001
-1.9630	0.000001
-1.9628	0.000001
-1.9626	0.000001
-1.9624	0.000001
-1.9622	0.000001
-1.9620	0.000001
-1.9618	0.000001
-1.9616	0.000001
-1.9614	0.000001
-1.9612	0.000001
-1.9610	0.000001
-1.9608	0.000001
-1.9606	0.000001
-1.9604	0.000001
-1.9602	0.000001
-1.9600	0.000001
-1.9598	0.000001
-1.9596	0.000001
-1.9594	0.000001
-1.9592	0.000001
-1.9590	0.000001
-1.9588	0.000001
-1.9586	0.000001
-1.9584	0.000001
-1.9582	0.000001
-1.9580	0.000001
-1.9578	0.000001
-1.9576	0.000001
-1.9574	0.000001
-1.9572	0.000001
-1.9570	0.000001
-1.9568	0.000001
-1.9566	0.000001
-1.9564	0.000001
-1.9562	0.000001
-1.9560	0.000001
-1.9558	0.000001
-1.9556	0.000001
-1.9554	0.000001
-1.9552	0.000001
-1.9550	0.000001
-1.9548	0.000001
-1.9546	0.000001
-1.9544	0.000001
-1.9542	0.000001
-1.9540	0.000001
-1.9538	0.000001
-1.9536	0.000001
-1.9534	0.000001
-1.9532	0.000001
-1.9530	0.000001
-1.9528	0.000001
-1.9526	0.000001
-1.9524	0.000001
-1.9522	0.000001
-1.9520	0.000001
-1.9518	0.000001
-1.9516	0.000001
-1.9514	0.000001
-1.9512	0.000001
-1.9510	0.000001
-1.9508	0.000001
-1.9506	0.000001
-1.9504	0.000001
-1.9502	0.000001
-1.9500	0.000001
-1.9498	0.000001
-1.9496	0.000001
-1.9494	0.000001
-1.9492	0.000001
-1.9490	0.000001
-1.9488	0.000001
-1.9486	0.000001
-1.9484	0.000001
-1.9482	0.000001
-1.9480	0.000001
-1.9478	0.000001
-1.9476	0.000001
-1.9474	0.000001
-1.9472	0.000001
-1.9470	0.000001
-1.9468	0.000001
-1.9466	0.000001
-1.9464	0.000001
-1.9462	0.000001
-1.9460	0.000001
-1.9458	0.000001
-1.9456	0.000001
-1.9454	0.000001
-1.9452	0.000001
-1.9450	0.000001
-1.9448	0.000001
-1.9446	0.000001
-1.9444	0.000001
-1.9442	0.000001
-1.9440	0.000001
-1.9438	0.000001
-1.9436	0.000001
-1.9434	0.000001
-1.9432	0.000001
-1.9430	0.000001
-1.9428	0.000001
-1.9426	0.000001
-1.9424	0.000001
-1.9422	0.000002
-1.9420	0.000002
-1.9418	0.000002
-1.9416	0.000002
-1.9414	0.000002
-1.9412	0.000002
-1.9410	0.000002
-1.9408	0.000002
-1.9406	0.000002
-1.9404	0.000002
-1.9402	0.000002
-1.9400	0.000002
-1.9398	0.000002
-1.9396	0.000002
-1.9394	0.000002
-1.9392	0.000002
-1.9390	0.000002
-1.9388	0.000002
-1.9386	0.000002
-1.9384	0.000002
-1.9382	0.000002
-1.9380	0.000002
-1.9378	0.000002
-1.9376	0.000002
-1.9374	0.000002
-1.9372	0.000002
-1.9370	0.000002
-1.9368	0.000002
-1.9366	0.000002
-1.9364	0.000002
-1.9362	0.000002
-1.9360	0.000002
-1.9358	0.000002
-1.9356	0.000002
-1.9354	0.000002
-1.9352	0.000002
-1.9350	0.000002
-1.9348	0.000002
-1.9346	0.000002
-1.9344	0.000002
-1.9342	0.000002
-1.9340	0.000002
-1.9338	0.000002
-1.9336	0.000002
-1.9334	0.000002
-1.9332	0.000002
-1.9330	0.000002
-1.9328	0.000002
-1.9326	0.000002
-1.9324	0.000002
-1.9322	0.000002
-1.9320	0.000002
-1.9318	0.000002
-1.9316	0.000002
-1.9314	0.000002
-1.9312	0.000002
-1.9310	0.000002
-1.9308	0.000002
-1.9306	0.000002
-1.9304	0.000002
-1.9302	0.000002
-1.9300	0.000002
-1.9298	0.000002
-1.9296	0.000002
-1.9294	0.000002
-1.9292	0.000002
-1.9290	0.000002
-1.9288	0.000002
-1.9286	0.000002
-1.9284	0.000002
-1.9282	0.000002
-1.9280	0.000002
-1.9278	0.000002
-1.9276	0.000002
-1.9274	0.000002
-1.9272	0.000002
-1.9270	0.000002
-1.9268	0.000002
-1.9266	0.000002
-1.9264	0.000002
-1.9262	0.000002
-1.9260	0.000002
-1.9258	0.000002
-1.9256	0.000002
-1.9254	0.000002
-1.9252	0.000002
-1.9250	0.000002
-1.9248	0.000002
-1.9246	0.000002
-1.9244	0.000002
-1.9242	0.000002
-1.9240	0.000002
-1.9238	0.000002
-1.9236	0.000002
-1.9234	0.000002
-1.9232	0.000002
-1.9230	0.000002
-1.9228	0.000002
-1.9226	0.000002
-1.9224	0.000002
-1.9222	0.000002
-1.9220	0.000002
-1.9218	0.000002
-1.9216	0.000002
-1.9214	0.000002
-1.9212	0.000002
-1.9210	0.000002
-1.9208	0.000002
-1.9206	0.000002
-1.9204	0.000002
-1.9202	0.000002
-1.9200	0.000002
-1.9198	0.000002
-1.9196	0.000002
-1.9194	0.000002
-1.9192	0.000002
-1.9190	0.000002
-1.9188	0.000002
-1.9186	0.000002
-1.9184	0.000002
-1.9182	0.000002
-1.9180	0.000002
-1.9178	0.000002
-1.9176	0.000002
-1.9174	0.000002
-1.9172	0.000002
-1.9170	0.000002
-1.9168	0.000002
-1.9166	0.000002
-1.9164	0.000002
-1.9162	0.000002
-1.9160	0.000002
-1.9158	0.000002
-1.9156	0.000002
-1.9154	0.000003
-1.9152	0.000003
-1.9150	0.000003
-1.9148	0.000003
-1.9146	0.000003
-1.9144	0.000003
-1.9142	0.000003
-1.9140	0.000003
-1.9138	0.000003
-1.9136	0.000003
-1.9134	0.000003
-1.9132	0.000003
-1.9130	0.000003
-1.9128	0.000003
-1.9126	0.000003
-1.9124	0.000003
-1.9122	0.000003
-1.9120	0.000003
-1.9118	0.000003
-1.9116	0.000003
-1.9114	0.000003
-1.9112	0.000003
-1.9110	0.000003
-1.9108	0.000003
-1.9106	0.000003
-1.9104	0.000003
-1.9102	0.000003
-1.9100	0.000003
-1.9098	0.000003
-1.9096	0.000003
-1.9094	0.000003
-1.9092	0.000003
-1.9090	0.000003
-1.9088	0.000003
-1.9086	0.000003
-1.9084	0.000003
-1.9082	0.000003
-1.9080	0.000003
-1.9078	0.000003
-1.9076	0.000003
-1.9074	0.000003
-1.9072	0.000003
-1.9070	0.000003
-1.9068	0.000003
-1.9066	0.000003
-1.9064	0.000003
-1.9062	0.000003
-1.9060	0.000003
-1.9058	0.000003
-1.9056	0.000003
-1.9054	0.000003
-1.9052	0.000003
-1.9050	0.000003
-1.9048	0.000003
-1.9046	0.000003
-1.9044	0.000003
-1.9042	0.000003
-1.9040	0.000003
-1.9038	0.000003
-1.9036	0.000003
-1.9034	0.000003
-1.9032	0.000003
-1.9030	0.000003
-1.9028	0.000003
-1.9026	0.000003
-1.9024	0.000003
-1.9022	0.000003
-1.9020	0.000003
-1.9018	0.000003
-1.9016	0.000003
-1.9014	0.000003
-1.9012	0.000003
-1.9010	0.000003
-1.9008	0.000003
-1.9006	0.000003
-1.9004	0.000003
-1.9002	0.000003
-1.9000	0.000003
-1.8998	0.000003
-1.8996	0.000003
-1.8994	0.000003
-1.8992	0.000003
-1.8990	0.000003
-1.8988	0.000003
-1.8986	0.000003
-1.8984	0.000003
-1.8982	0.000003
-1.8980	0.000003
-1.8978	0.000003
-1.8976	0.000003
-1.8974	0.000003
-1.8972	0.000003
-1.8970	0.000003
-1.8968	0.000003
-1.8966	0.000003
-1.8964	0.000003
-1.8962	0.000003
-1.8960	0.000003
-1.8958	0.000003
-1.8956	0.000003
-1.8954	0.000003
-1.8952	0.000003
-1.8950	0.000003
-1.8948	0.000003
-1.8946	0.000003
-1.8944	0.000003
-1.8942	0.000003
-1.8940	0.000003
-1.8938	0.000003
-1.8936	0.000004
-1.8934	0.000004
-1.8932	0.000004
-1.8930	0.000004
-1.8928	0.000004
-1.8926	0.000004
-1.8924	0.000004
-1.8922	0.000004
-1.8920	0.000004
-1.8918	0.000004
-1.8916	0.000004
-1.8914	0.000004
-1.8912	0.000004
-1.8910	0.000004
-1.8908	0.000004
-1.8906	0.000004
-1.8904	0.000004
-1.8902	0.000004
-1.8900	0.000004
-1.8898	0.000004
-1.8896	0.000004
-1.8894	0.000004
-1.8892	0.000004
-1.8890	0.000004
-1.8888	0.000004
-1.8886	0.000004
-1.8884	0.000004
-1.8882	0.000004
-1.8880	0.000004
-1.8878	0.000004
-1.8876	0.000004
-1.8874	0.000004
-1.8872	0.000004
-1.8870	0.000004
-1.8868	0.000004
-1.8866	0.000004
-1.8864	0.000004
-1.8862	0.000004
-1.8860	0.000004
-1.8858	0.000004
-1.8856	0.000004
-1.8854	0.000004
-1.8852	0.000004
-1.8850	0.000004
-1.8848	0.000004
-1.8846	0.000004
-1.8844	0.000004
-1.8842	0.000004
-1.8840	0.000004
-1.8838	0.000004
-1.8836	0.000004
-1.8834	0.000004
-1.8832	0.000004
-1.8830	0.000004
-1.8828	0.000004
-1.8826	0.000004
-1.8824	0.000004
-1.8822	0.000004
-1.8820	0.000004
-1.8818	0.000004
-1.8816	0.000004
-1.8814	0.000004
-1.8812	0.000004
-1.8810	0.000004
-1.8808	0.000004
-1.8806	0.000004
-1.8804	0.000004
-1.8802	0.000004
-1.8800	0.000004
-1.8798	0.000004
-1.8796	0.000004
-1.8794	0.000004
-1.8792	0.000004
-1.8790	0.000004
-1.8788	0.000004
-1.8786	0.000004
-1.8784	0.000004
-1.8782	0.000004
-1.8780	0.000004
-1.8778	0.000004
-1.8776	0.000004
-1.8774	0.000004
-1.8772	0.000004
-1.8770	0.000004
-1.8768	0.000004
-1.8766	0.000004
-1.8764	0.000004
-1.8762	0.000004
-1.8760	0.000004
-1.8758	0.000004
-1.8756	0.000004
-1.8754	0.000004
-1.8752	0.000005
-1.8750	0.000005
-1.8748	0.000005
-1.8746	0.000005
-1.8744	0.000005
-1.8742	0.000005
-1.8740	0.000005
-1.8738	0.000005
-1.8736	0.000005
-1.8734	0.000005
-1.8732	0.000005
-1.8730	0.000005
-1.8728	0.000005
-1.8726	0.000005
-1.8724	0.000005
-1.8722	0.000005
-1.8720	0.000005
-1.8718	0.000005
-1.8716	0.000005
-1.8714	0.000005
-1.8712	0.000005
-1.8710	0.000005
-1.8708	0.000005
-1.8706	0.000005
-1.8704	0.000005
-1.8702	0.000005
-1.8700	0.000005
-1.8698	0.000005
-1.8696	0.000005
-1.8694	0.000005
-1.8692	0.000005
-1.8690	0.000005
-1.8688	0.000005
-1.8686	0.000005
-1.8684	0.000005
-1.8682	0.000005
-1.8680	0.000005
-1.8678	0.000005
-1.8676	0.000005
-1.8674	0.000005
-1.8672	0.000005
-1.8670	0.000005
-1.8668	0.000005
-1.8666	0.000005
-1.8664	0.000005
-1.8662	0.000005
-1.8660	0.000005
-1.8658	0.000005
-1.8656	0.000005
-1.8654	0.000005
-1.8652	0.000005
-1.8650	0.000005
-1.8648	0.000005
-1.8646	0.000005
-1.8644	0.000005
-1.8642	0.000005
-1.8640	0.000005
-1.8638	0.000005
-1.8636	0.000005
-1.8634	0.000005
-1.8632	0.000005
-1.8630	0.000005
-1.8628	0.000005
-1.8626	0.000005
-1.8624	0.000005
-1.8622	0.000005
-1.8620	0.000005
-1.8618	0.000005
-1.8616	0.000005
-1.8614	0.000005
-1.8612	0.000005
-1.8610	0.000005
-1.8608	0.000005
-1.8606	0.000005
-1.8604	0.000005
-1.8602	0.000005
-1.8600	0.000005
-1.8598	0.000005
-1.8596	0.000005
-1.8594	0.000006
-1.8592	0.000006
-1.8590	0.000006
-1.8588	0.000006
-1.8586	0.000006
-1.8584	0.000006
-1.8582	0.000006
-1.8580	0.000006
-1.8578	0.000006
-1.8576	0.000006
-1.8574	0.000006
-1.8572	0.000006
-1.8570	0.000006
-1.8568	0.000006
-1.8566	0.000006
-1.8564	0.000006
-1.8562	0.000006
-1.8560	0.000006
-1.8558	0.000006
-1.8556	0.000006
-1.8554	0.000006
-1.8552	0.000006
-1.8550	0.000006
-1.8548	0.000006
-1.8546	0.000006
-1.8544	0.000006
-1.8542	0.000006
-1.8540	0.000006
-1.8538	0.000006
-1.8536	0.000006
-1.8534	0.000006
-1.8532	0.000006
-1.8530	0.000006
-1.8528	0.000006
-1.8526	0.000006
-1.8524	0.000006
-1.8522	0.000006
-1.8520	0.000006
-1.8518	0.000006
-1.8516	0.000006
-1.8514	0.000006
-1.8512	0.000006
-1.8510	0.000006
-1.8508	0.000006
-1.8506	0.000006
-1.8504	0.000006
-1.8502	0.000006
-1.8500	0.000006
-1.8498	0.000006
-1.8496	0.000006
-1.8494	0.000006
-1.8492	0.000006
-1.8490	0.000006
-1.8488	0.000006
-1.8486	0.000006
-1.8484	0.000006
-1.8482	0.000006
-1.8480	0.000006
-1.8478	0.000006
-1.8476	0.000006
-1.8474	0.000006
-1.8472	0.000006
-1.8470	0.000006
-1.8468	0.000006
-1.8466	0.000006
-1.8464	0.000006
-1.8462	0.000006
-1.8460	0.000006
-1.8458	0.000006
-1.8456	0.000006
-1.8454	0.000007
-1.8452	0.000007
-1.8450	0.000007
-1.8448	0.000007
-1.8446	0.000007
-1.8444	0.000007
-1.8442	0.000007
-1.8440	0.000007
-1.8438	0.000007
-1.8436	0.000007
-1.8434	0.000007
-1.8432	0.000007
-1.8430	0.000007
-1.8428	0.000007
-1.8426	0.000007
-1.8424	0.000007
-1.8422	0.000007
-1.8420	0.000007
-1.8418	0.000007
-1.8416	0.000007
-1.8414	0.000007
-1.8412	0.000007
-1.8410	0.000007
-1.8408	0.000007
-1.8406	0.000007
-1.8404	0.000007
-1.8402	0.000007
-1.8400	0.000007
-1.8398	0.000007
-1.8396	0.000007
-1.8394	0.000007
-1.8392	0.000007
-1.8390	0.000007
-1.8388	0.000007
-1.8386	0.000007
-1.8384	0.000007
-1.8382	0.000007
-1.8380	0.000007
-1.8378	0.000007
-1.8376	0.000007
-1.8374	0.000007
-1.8372	0.000007
-1.8370	0.000007
-1.8368	0.000007
-1.8366	0.000007
-1.8364	0.000007
-1.8362	0.000007
-1.8360	0.000007
-1.8358	0.000007
-1.8356	0.000007
-1.8354	0.000007
-1.8352	0.000007
-1.8350	0.000007
-1.8348	0.000007
-1.8346	0.000007
-1.8344	0.000007
-1.8342	0.000007
-1.8340	0.000007
-1.8338	0.000007
-1.8336	0.000007
-1.8334	0.000007
-1.8332	0.000007
-1.8330	0.000007
-1.8328	0.000008
-1.8326	0.000008
-1.8324	0.000008
-1.8322	0.000008
-1.8320	0.000008
-1.8318	0.000008
-1.8316	0.000008
-1.8314	0.000008
-1.8312	0.000008
-1.8310	0.000008
-1.8308	0.000008
-1.8306	0.000008
-1.8304	0.000008
-1.8302	0.000008
-1.8300	0.000008
-1.8298	0.000008
-1.8296	0.000008
-1.8294	0.000008
-1.8292	0.000008
-1.8290	0.000008
-1.8288	0.000008
-1.8286	0.000008
-1.8284	0.000008
-1.8282	0.000008
-1.8280	0.000008
-1.8278	0.000008
-1.8276	0.000008
-1.8274	0.000008
-1.8272	0.000008
-1.8270	0.000008
-1.8268	0.000008
-1.8266	0.000008
-1.8264	0.000008
-1.8262	0.000008
-1.8260	0.000008
-1.8258	0.000008
-1.8256	0.000008
-1.8254	0.000008
-1.8252	0.000008
-1.8250	0.000008
-1.8248	0.000008
-1.8246	0.000008
-1.8244	0.000008
-1.8242	0.000008
-1.8240	0.000008
-1.8238	0.000008
-1.8236	0.000008
-1.8234	0.000008
-1.8232	0.000008
-1.8230	0.000008
-1.8228	0.000008
-1.8226	0.000008
-1.8224	0.000008
-1.8222	0.000008
-1.8220	0.000008
-1.8218	0.000008
-1.8216	0.000009
-1.8214	0.000009
-1.8212	0.000009
-1.8210	0.000009
-1.8208	0.000009
-1.8206	0.000009
-1.8204	0.000009
-1.8202	0.000009
-1.8200	0.000009
-1.8198	0.000009
-1.8196	0.000009
-1.8194	0.000009
-1.8192	0.000009
-1.8190	0.000009
-1.8188	0.000009
-1.8186	0.000009
-1.8184	0.000009
-1.8182	0.000009
-1.8180	0.000009
-1.8178	0.000009
-1.8176	0.000009
-1.8174	0.000009
-1.8172	0.000009
-1.8170	0.000009
-1.8168	0.000009
-1.8166	0.000009
-1.8164	0.000009
-1.8162	0.000009
-1.8160	0.000009
-1.8158	0.000009
-1.8156	0.000009
-1.8154	0.000009
-1.8152	0.000009
-1.8150	0.000009
-1.8148	0.000009
-1.8146	0.000009
-1.8144	0.000009
-1.8142	0.000009
-1.8140	0.000009
-1.8138	0.000009
-1.8136	0.000009
-1.8134	0.000009
-1.8132	0.000009
-1.8130	0.000009
-1.8128	0.000009
-1.8126	0.000009
-1.8124	0.000009
-1.8122	0.000009
-1.8120	0.000009
-1.8118	0.000009
-1.8116	0.000009
-1.8114	0.000009
-1.8112	0.000010
-1.8110	0.000010
-1.8108	0.000010
-1.8106	0.000010
-1.8104	0.000010
-1.8102	0.000010
-1.8100	0.000010
-1.8098	0.000010
-1.8096	0.000010
-1.8094	0.000010
-1.8092	0.000010
-1.8090	0.000010
-1.8088	0.000010
-1.8086	0.000010
-1.8084	0.000010
-1.8082	0.000010
-1.8080	0.000010
-1.8078	0.000010
-1.8076	0.000010
-1.8074	0.000010
-1.8072	0.000010
-1.8070	0.000010
-1.8068	0.000010
-1.8066	0.000010
-1.8064	0.000010
-1.8062	0.000010
-1.8060	0.000010
-1.8058	0.000010
-1.8056	0.000010
-1.8054	0.000010
-1.8052	0.000010
-1.8050	0.000010
-1.8048	0.000010
-1.8046	0.000010
-1.8044	0.000010
-1.8042	0.000010
-1.8040	0.000010
-1.8038	0.000010
-1.8036	0.000010
-1.8034	0.000010
-1.8032	0.000010
-1.8030	0.000010
-1.8028	0.000010
-1.8026	0.000010
-1.8024	0.000010
-1.8022	0.000010
-1.8020	0.000010
-1.8018	0.000011
-1.8016	0.000011
-1.8014	0.000011
-1.8012	0.000011
-1.8010	0.000011
-1.8008	0.000011
-1.8006	0.000011
-1.8004	0.000011
-1.8002	0.000011
-1.8000	0.000011
-1.7998	0.000011
-1.7996	0.000011
-1.7994	0.000011
-1.7992	0.000011
-1.7990	0.000011
-1.7988	0.000011
-1.7986	0.000011
-1.7984	0.000011
-1.7982	0.000011
-1.7980	0.000011
-1.7978	0.000011
-1.7976	0.000011
-1.7974	0.000011
-1.7972	0.000011
-1.7970	0.000011
-1.7968	0.000011
-1.7966	0.000011
-1.7964	0.000011
-1.7962	0.000011
-1.7960	0.000011
-1.7958	0.000011
-1.7956	0.000011
-1.7954	0.000011
-1.7952	0.000011
-1.7950	0.000011
-1.7948	0.000011
-1.7946	0.000011
-1.7944	0.000011
-1.7942	0.000011
-1.7940	0.000011
-1.7938	0.000011
-1.7936	0.000011
-1.7934	0.000011
-1.7932	0.000011
-1.7930	0.000012
-1.7928	0.000012
-1.7926	0.000012
-1.7924	0.000012
-1.7922	0.000012
-1.7920	0.000012
-1.7918	0.000012
-1.7916	0.000012
-1.7914	0.000012
-1.7912	0.000012
-1.7910	0.000012
-1.7908	0.000012
-1.7906	0.000012
-1.7904	0.000012
-1.7902	0.000012
-1.7900	0.000012
-1.7898	0.000012
-1.7896	0.000012
-1.7894	0.000012
-1.7892	0.000012
-1.7890	0.000012
-1.7888	0.000012
-1.7886	0.000012
-1.7884	0.000012
-1.7882	0.000012
-1.7880	0.000012
-1.7878	0.000012
-1.7876	0.000012
-1.7874	0.000012
-1.7872	0.000012
-1.7870	0.000012
-1.7868	0.000012
-1.7866	0.000012
-1.7864	0.000012
-1.7862	0.000012
-1.7860	0.000012
-1.7858	0.000012
-1.7856	0.000012
-1.7854	0.000012
-1.7852	0.000012
-1.7850	0.000012
-1.7848	0.000013
-1.7846	0.000013
-1.7844	0.000013
-1.7842	0.000013
-1.7840	0.000013
-1.7838	0.000013
-1.7836	0.000013
-1.7834	0.000013
-1.7832	0.000013
-1.7830	0.000013
-1.7828	0.000013
-1.7826	0.000013
-1.7824	0.000013
-1.7822	0.000013
-1.7820	0.000013
-1.7818	0.000013
-1.7816	0.000013
-1.7814	0.000013
-1.7812	0.000013
-1.7810	0.000013
-1.7808	0.000013
-1.7806	0.000013
-1.7804	0.000013
-1.7802	0.000013
-1.7800	0.000013
-1.7798	0.000013
-1.7796	0.000013
-1.7794	0.000013
-1.7792	0.000013
-1.7790	0.000013
-1.7788	0.000013
-1.7786	0.000013
-1.7784	0.000013
-1.7782	0.000013
-1.7780	0.000013
-1.7778	0.000013
-1.7776	0.000013
-1.7774	0.000013
-1.7772	0.000014
-1.7770	0.000014
-1.7768	0.000014
-1.7766	0.000014
-1.7764	0.000014
-1.7762	0.000014
-1.7760	0.000014
-1.7758	0.000014
-1.7756	0.000014
-1.7754	0.000014
-1.7752	0.000014
-1.7750	0.000014
-1.7748	0.000014
-1.7746	0.000014
-1.7744	0.000014
-1.7742	0.000014
-1.7740	0.000014
-1.7738	0.000014
-1.7736	0.000014
-1.7734	0.000014
-1.7732	0.000014
-1.7730	0.000014
-1.7728	0.000014
-1.7726	0.000014
-1.7724	0.000014
-1.7722	0.000014
-1.7720	0.000014
-1.7718	0.000014
-1.7716	0.000014
-1.7714	0.000014
-1.7712	0.000014
-1.7710	0.000014
-1.7708	0.000014
-1.7706	0.000014
-1.7704	0.000014
-1.7702	0.000014
-1.7700	0.000015
-1.7698	0.000015
-1.7696	0.000015
-1.7694	0.000015
-1.7692	0.000015
-1.7690	0.000015
-1.7688	0.000015
-1.7686	0.000015
-1.7684	0.000015
-1.7682	0.000015
-1.7680	0.000015
-1.7678	0.000015
-1.7676	0.000015
-1.7674	0.000015
-1.7672	0.000015
-1.7670	0.000015
-1.7668	0.000015
-1.7666	0.000015
-1.7664	0.000015
-1.7662	0.000015
-1.7660	0.000015
-1.7658	0.000015
-1.7656	0.000015
-1.7654	0.000015
-1.7652	0.000015
-1.7650	0.000015
-1.7648	0.000015
-1.7646	0.000015
-1.7644	0.000015
-1.7642	0.000015
-1.7640	0.000015
-1.7638	0.000015
-1.7636	0.000015
-1.7634	0.000015
-1.7632	0.000016
-1.7630	0.000016
-1.7628	0.000016
-1.7626	0.000016
-1.7624	0.000016
-1.7622	0.000016
-1.7620	0.000016
-1.7618	0.000016
-1.7616	0.000016
-1.7614	0.000016
-1.7612	0.000016
-1.7610	0.000016
-1.7608	0.000016
-1.7606	0.000016
-1.7604	0.000016
-1.7602	0.000016
-1.7600	0.000016
-1.7598	0.000016
-1.7596	0.000016
-1.7594	0.000016
-1.7592	0.000016
-1.7590	0.000016
-1.7588	0.000016
-1.7586	0.000016
-1.7584	0.000016
-1.7582	0.000016
-1.7580	0.000016
-1.7578	0.000016
-1.7576	0.000016
-1.7574	0.000016
-1.7572	0.000016
-1.7570	0.000016
-1.7568	0.000017
-1.7566	0.000017
-1.7564	0.000017
-1.7562	0.000017
-1.7560	0.000017
-1.7558	0.000017
-1.7556	0.000017
-1.7554	0.000017
-1.7552	0.000017
-1.7550	0.000017
-1.7548	0.000017
-1.7546	0.000017
-1.7544	0.000017
-1.7542	0.000017
-1.7540	0.000017
-1.7538	0.000017
-1.7536	0.000017
-1.7534	0.000017
-1.7532	0.000017
-1.7530	0.000017
-1.7528	0.000017
-1.7526	0.000017
-1.7524	0.000017
-1.7522	0.000017
-1.7520	0.000017
-1.7518	0.000017
-1.7516	0.000017
-1.7514	0.000017
-1.7512	0.000017
-1.7510	0.000017
-1.7508	0.000018
-1.7506	0.000018
-1.7504	0.000018
-1.7502	0.000018
-1.7500	0.000018
-1.7498	0.000018
-1.7496	0.000018
-1.7494	0.000018
-1.7492	0.000018
-1.7490	0.000018
-1.7488	0.000018
-1.7486	0.000018
-1.7484	0.000018
-1.7482	0.000018
-1.7480	0.000018
-1.7478	0.000018
-1.7476	0.000018
-1.7474	0.000018
-1.7472	0.000018
-1.7470	0.000018
-1.7468	0.000018
-1.7466	0.000018
-1.7464	0.000018
-1.7462	0.000018
-1.7460	0.000018
-1.7458	0.000018
-1.7456	0.000018
-1.7454	0.000018
-1.7452	0.000018
-1.7450	0.000019
-1.7448	0.000019
-1.7446	0.000019
-1.7444	0.000019
-1.7442	0.000019
-1.7440	0.000019
-1.7438	0.000019
-1.7436	0.000019
-1.7434	0.000019
-1.7432	0.000019
-1.7430	0.000019
-1.7428	0.000019
-1.7426	0.000019
-1.7424	0.000019
-1.7422	0.000019
-1.7420	0.000019
-1.7418	0.000019
-1.7416	0.000019
-1.7414	0.000019
-1.7412	0.000019
-1.7410	0.000019
-1.7408	0.000019
-1.7406	0.000019
-1.7404	0.000019
-1.7402	0.000019
-1.7400	0.000019
-1.7398	0.000019
-1.7396	0.000020
-1.7394	0.000020
-1.7392	0.000020
-1.7390	0.000020
-1.7388	0.000020
-1.7386	0.000020
-1.7384	0.000020
-1.7382	0.000020
-1.7380	0.000020
-1.7378	0.000020
-1.7376	0.000020
-1.7374	0.000020
-1.7372	0.000020
-1.7370	0.000020
-1.7368	0.000020
-1.7366	0.000020
-1.7364	0.000020
-1.7362	0.000020
-1.7360	0.000020
-1.7358	0.000020
-1.7356	0.000020
-1.7354	0.000020
-1.7352	0.000020
-1.7350	0.000020
-1.7348	0.000020
-1.7346	0.000020
-1.7344	0.000020
-1.7342	0.000021
-1.7340	0.000021
-1.7338	0.000021
-1.7336	0.000021
-1.7334	0.000021
-1.7332	0.000021
-1.7330	0.000021
-1.7328	0.000021
-1.7326	0.000021
-1.7324	0.000021
-1.7322	0.000021
-1.7320	0.000021
-1.7318	0.000021
-1.7316	0.000021
-1.7314	0.000021
-1.7312	0.000021
-1.7310	0.000021
-1.7308	0.000021
-1.7306	0.000021
-1.7304	0.000021
-1.7302	0.000021
-1.7300	0.000021
-1.7298	0.000021
-1.7296	0.000021
-1.7294	0.000021
-1.7292	0.000022
-1.7290	0.000022
-1.7288	0.000022
-1.7286	0.000022
-1.7284	0.000022
-1.7282	0.000022
-1.7280	0.000022
-1.7278	0.000022
-1.7276	0.000022
-1.7274	0.000022
-1.7272	0.000022
-1.7270	0.000022
-1.7268	0.000022
-1.7266	0.000022
-1.7264	0.000022
-1.7262	0.000022
-1.7260	0.000022
-1.7258	0.000022
-1.7256	0.000022
-1.7254	0.000022
-1.7252	0.000022
-1.7250	0.000022
-1.7248	0.000022
-1.7246	0.000022
-1.7244	0.000023
-1.7242	0.000023
-1.7240	0.000023
-1.7238	0.000023
-1.7236	0.000023
-1.7234	0.000023
-1.7232	0.000023
-1.7230	0.000023
-1.7228	0.000023
-1.7226	0.000023
-1.7224	0.000023
-1.7222	0.000023
-1.7220	0.000023
-1.7218	0.000023
-1.7216	0.000023
-1.7214	0.000023
-1.7212	0.000023
-1.7210	0.000023
-1.7208	0.000023
-1.7206	0.000023
-1.7204	0.000023
-1.7202	0.000023
-1.7200	0.000023
-1.7198	0.000024
-1.7196	0.000024
-1.7194	0.000024
-1.7192	0.000024
-1.7190	0.000024
-1.7188	0.000024
-1.7186	0.000024
-1.7184	0.000024
-1.7182	0.000024
-1.7180	0.000024
-1.7178	0.000024
-1.7176	0.000024
-1.7174	0.000024
-1.7172	0.000024
-1.7170	0.000024
-1.7168	0.000024
-1.7166	0.000024
-1.7164	0.000024
-1.7162	0.000024
-1.7160	0.000024
-1.7158	0.000024
-1.7156	0.000024
-1.7154	0.000025
-1.7152	0.000025
-1.7150	0.000025
-1.7148	0.000025
-1.7146	0.000025
-1.7144	0.000025
-1.7142	0.000025
-1.7140	0.000025
-1.7138	0.000025
-1.7136	0.000025
-1.7134	0.000025
-1.7132	0.000025
-1.7130	0.000025
-1.7128	0.000025
-1.7126	0.000025
-1.7124	0.000025
-1.7122	0.000025
-1.7120	0.000025
-1.7118	0.000025
-1.7116	0.000025
-1.7114	0.000025
-1.7112	0.000026
-1.7110	0.000026
-1.7108	0.000026
-1.7106	0.000026
-1.7104	0.000026
-1.7102	0.000026
-1.7100	0.000026
-1.7098	0.000026
-1.7096	0.000026
-1.7094	0.000026
-1.7092	0.000026
-1.7090	0.000026
-1.7088	0.000026
-1.7086	0.000026
-1.7084	0.000026
-1.7082	0.000026
-1.7080	0.000026
-1.7078	0.000026
-1.7076	0.000026
-1.7074	0.000026
-1.7072	0.000026
-1.7070	0.000027
-1.7068	0.000027
-1.7066	0.000027
-1.7064	0.000027
-1.7062	0.000027
-1.7060	0.000027
-1.7058	0.000027
-1.7056	0.000027
-1.7054	0.000027
-1.7052	0.000027
-1.7050	0.000027
-1.7048	0.000027
-1.7046	0.000027
-1.7044	0.000027
-1.7042	0.000027
-1.7040	0.000027
-1.7038	0.000027
-1.7036	0.000027
-1.7034	0.000027
-1.7032	0.000027
-1.7030	0.000028
-1.7028	0.000028
-1.7026	0.000028
-1.7024	0.000028
-1.7022	0.000028
-1.7020	0.000028
-1.7018	0.000028
-1.7016	0.000028
-1.7014	0.000028
-1.7012	0.000028
-1.7010	0.000028
-1.7008	0.000028
-1.7006	0.000028
-1.7004	0.000028
-1.7002	0.000028
-1.7000	0.000028
-1.6998	0.000028
-1.6996	0.000028
-1.6994	0.000028
-1.6992	0.000029
-1.6990	0.000029
-1.6988	0.000029
-1.6986	0.000029
-1.6984	0.000029
-1.6982	0.000029
-1.6980	0.000029
-1.6978	0.000029
-1.6976	0.000029
-1.6974	0.000029
-1.6972	0.000029
-1.6970	0.000029
-1.6968	0.000029
-1.6966	0.000029
-1.6964	0.000029
-1.6962	0.000029
-1.6960	0.000029
-1.6958	0.000029
-1.6956	0.000030
-1.6954	0.000030
-1.6952	0.000030
-1.6950	0.000030
-1.6948	0.000030
-1.6946	0.000030
-1.6944	0.000030
-1.6942	0.000030
-1.6940	0.000030
-1.6938	0.000030
-1.6936	0.000030
-1.6934	0.000030
-1.6932	0.000030
-1.6930	0.000030
-1.6928	0.000030
-1.6926	0.000030
-1.6924	0.000030
-1.6922	0.000030
-1.6920	0.000031
-1.6918	0.000031
-1.6916	0.000031
-1.6914	0.000031
-1.6912	0.000031
-1.6910	0.000031
-1.6908	0.000031
-1.6906	0.000031
-1.6904	0.000031
-1.6902	0.000031
-1.6900	0.000031
-1.6898	0.000031
-1.6896	0.000031
-1.6894	0.000031
-1.6892	0.000031
-1.6890	0.000031
-1.6888	0.000031
-1.6886	0.000031
-1.6884	0.000032
-1.6882	0.000032
-1.6880	0.000032
-1.6878	0.000032
-1.6876	0.000032
-1.6874	0.000032
-1.6872	0.000032
-1.6870	0.000032
-1.6868	0.000032
-1.6866	0.000032
-1.6864	0.000032
-1.6862	0.000032
-1.6860	0.000032
-1.6858	0.000032
-1.6856	0.000032
-1.6854	0.000032
-1.6852	0.000032
-1.6850	0.000033
-1.6848	0.000033
-1.6846	0.000033
-1.6844	0.000033
-1.6842	0.000033
-1.6840	0.000033
-1.6838	0.000033
-1.6836	0.000033
-1.6834	0.000033
-1.6832	0.000033
-1.6830	0.000033
-1.6828	0.000033
-1.6826	0.000033
-1.6824	0.000033
-1.6822	0.000033
-1.6820	0.000033
-1.6818	0.000034
-1.6816	0.000034
-1.6814	0.000034
-1.6812	0.000034
-1.6810	0.000034
-1.6808	0.000034
-1.6806	0.000034
-1.6804	0.000034
-1.6802	0.000034
-1.6800	0.000034
-1.6798	0.000034
-1.6796	0.000034
-1.6794	0.000034
-1.6792	0.000034
-1.6790	0.000034
-1.6788	0.000034
-1.6786	0.000035
-1.6784	0.000035
-1.6782	0.000035
-1.6780	0.000035
-1.6778	0.000035
-1.6776	0.000035
-1.6774	0.000035
-1.6772	0.000035
-1.6770	0.000035
-1.6768	0.000035
-1.6766	0.000035
-1.6764	0.000035
-1.6762	0.000035
-1.6760	0.000035
-1.6758	0.000035
-1.6756	0.000035
-1.6754	0.000036
-1.6752	0.000036
-1.6750	0.000036
-1.6748	0.000036
-1.6746	0.000036
-1.6744	0.000036
-1.6742	0.000036
-1.6740	0.000036
-1.6738	0.000036
-1.6736	0.000036
-1.6734	0.000036
-1.6732	0.000036
-1.6730	0.000036
-1.6728	0.000036
-1.6726	0.000036
-1.6724	0.000037
-1.6722	0.000037
-1.6720	0.000037
-1.6718	0.000037
-1.6716	0.000037
-1.6714	0.000037
-1.6712	0.000037
-1.6710	0.000037
-1.6708	0.000037
-1.6706	0.000037
-1.6704	0.000037
-1.6702	0.000037
-1.6700	0.000037
-1.6698	0.000037
-1.6696	0.000038
-1.6694	0.000038
-1.6692	0.000038
-1.6690	0.000038
-1.6688	0.000038
-1.6686	0.000038
-1.6684	0.000038
-1.6682	0.000038
-1.6680	0.000038
-1.6678	0.000038
-1.6676	0.000038
-1.6674	0.000038
-1.6672	0.000038
-1.6670	0.000038
-1.6668	0.000038
-1.6666	0.000039
-1.6664	0.000039
-1.6662	0.000039
-1.6660	0.000039
-1.6658	0.000039
-1.6656	0.000039
-1.6654	0.000039
-1.6652	0.000039
-1.6650	0.000039
-1.6648	0.000039
-1.6646	0.000039
-1.6644	0.000039
-1.6642	0.000039
-1.6640	0.000039
-1.6638	0.000040
-1.6636	0.000040
-1.6634	0.000040
-1.6632	0.000040
-1.6630	0.000040
-1.6628	0.000040
-1.6626	0.000040
-1.6624	0.000040
-1.6622	0.000040
-1.6620	0.000040
-1.6618	0.000040
-1.6616	0.000040
-1.6614	0.000040
-1.6612	0.000041
-1.6610	0.000041
-1.6608	0.000041
-1.6606	0.000041
-1.6604	0.000041
-1.6602	0.000041
-1.6600	0.000041
-1.6598	0.000041
-1.6596	0.000041
-1.6594	0.000041
-1.6592	0.000041
-1.6590	0.000041
-1.6588	0.000041
-1.6586	0.000041
-1.6584	0.000042
-1.6582	0.000042
-1.6580	0.000042
-1.6578	0.000042
-1.6576	0.000042
-1.6574	0.000042
-1.6572	0.000042
-1.6570	0.000042
-1.6568	0.000042
-1.6566	0.000042
-1.6564	0.000042
-1.6562	0.000042
-1.6560	0.000042
-1.6558	0.000043
-1.6556	0.000043
-1.6554	0.000043
-1.6552	0.000043
-1.6550	0.000043
-1.6548	0.000043
-1.6546	0.000043
-1.6544	0.000043
-1.6542	0.000043
-1.6540	0.000043
-1.6538	0.000043
-1.6536	0.000043
-1.6534	0.000044
-1.6532	0.000044
-1.6530	0.000044
-1.6528	0.000044
-1.6526	0.000044
-1.6524	0.000044
-1.6522	0.000044
-1.6520	0.000044
-1.6518	0.000044
-1.6516	0.000044
-1.6514	0.000044
-1.6512	0.000044
-1.6510	0.000044
-1.6508	0.000045
-1.6506	0.000045
-1.6504	0.000045
-1.6502	0.000045
-1.6500	0.000045
-1.6498	0.000045
-1.6496	0.000045
-1.6494	0.000045
-1.6492	0.000045
-1.6490	0.000045
-1.6488	0.000045
-1.6486	0.000045
-1.6484	0.000046
-1.6482	0.000046
-1.6480	0.000046
-1.6478	0.000046
-1.6476	0.000046
-1.6474	0.000046
-1.6472	0.000046
-1.6470	0.000046
-1.6468	0.000046
-1.6466	0.000046
-1.6464	0.000046
-1.6462	0.000046
-1.6460	0.000047
-1.6458	0.000047
-1.6456	0.000047
-1.6454	0.000047
-1.6452	0.000047
-1.6450	0.000047
-1.6448	0.000047
-1.6446	0.000047
-1.6444	0.000047
-1.6442	0.000047
-1.6440	0.000047
-1.6438	0.000048
-1.6436	0.000048
-1.6434	0.000048
-1.6432	0.000048
-1.6430	0.000048
-1.6428	0.000048
-1.6426	0.000048
-1.6424	0.000048
-1.6422	0.000048
-1.6420	0.000048
-1.6418	0.000048
-1.6416	0.000048
-1.6414	0.000049
-1.6412	0.000049
-1.6410	0.000049
-1.6408	0.000049
-1.6406	0.000049
-1.6404	0.000049
-1.6402	0.000049
-1.6400	0.000049
-1.6398	0.000049
-1.6396	0.000049
-1.6394	0.000049
-1.6392	0.000050
-1.6390	0.000050
-1.6388	0.000050
-1.6386	0.000050
-1.6384	0.000050
-1.6382	0.000050
-1.6380	0.000050
-1.6378	0.000050
-1.6376	0.000050
-1.6374	0.000050
-1.6372	0.000050
-1.6370	0.000051
-1.6368	0.000051
-1.6366	0.000051
-1.6364	0.000051
-1.6362	0.000051
-1.6360	0.000051
-1.6358	0.000051
-1.6356	0.000051
-1.6354	0.000051
-1.6352	0.000051
-1.6350	0.000051
-1.6348	0.000052
-1.6346	0.000052
-1.6344	0.000052
-1.6342	0.000052
-1.6340	0.000052
-1.6338	0.000052
-1.6336	0.000052
-1.6334	0.000052
-1.6332	0.000052
-1.6330	0.000052
-1.6328	0.000053
-1.6326	0.000053
-1.6324	0.000053
-1.6322	0.000053
-1.6320	0.000053
-1.6318	0.000053
-1.6316	0.000053
-1.6314	0.000053
-1.6312	0.000053
-1.6310	0.000053
-1.6308	0.000054
-1.6306	0.000054
-1.6304	0.000054
-1.6302	0.000054
-1.6300	0.000054
-1.6298	0.000054
-1.6296	0.000054
-1.6294	0.000054
-1.6292	0.000054
-1.6290	0.000054
-1.6288	0.000054
-1.6286	0.000055
-1.6284	0.000055
-1.6282	0.000055
-1.6280	0.000055
-1.6278	0.000055
-1.6276	0.000055
-1.6274	0.000055
-1.6272	0.000055
-1.6270	0.000055
-1.6268	0.000056
-1.6266	0.000056
-1.6264	0.000056
-1.6262	0.000056
-1.6260	0.000056
-1.6258	0.000056
-1.6256	0.000056
-1.6254	0.000056
-1.6252	0.000056
-1.6250	0.000056
-1.6248	0.000057
-1.6246	0.000057
-1.6244	0.000057
-1.6242	0.000057
-1.6240	0.000057
-1.6238	0.000057
-1.6236	0.000057
-1.6234	0.000057
-1.6232	0.000057
-1.6230	0.000057
-1.6228	0.000058
-1.6226	0.000058
-1.6224	0.000058
-1.6222	0.000058
-1.6220	0.000058
-1.6218	0.000058
-1.6216	0.000058
-1.6214	0.000058
-1.6212	0.000058
-1.6210	0.000059
-1.6208	0.000059
-1.6206	0.000059
-1.6204	0.000059
-1.6202	0.000059
-1.6200	0.000059
-1.6198	0.000059
-1.6196	0.000059
-1.6194	0.000059
-1.6192	0.000060
-1.6190	0.000060
-1.6188	0.000060
-1.6186	0.000060
-1.6184	0.000060
-1.6182	0.000060
-1.6180	0.000060
-1.6178	0.000060
-1.6176	0.000060
-1.6174	0.000060
-1.6172	0.000061
-1.6170	0.000061
-1.6168	0.000061
-1.6166	0.000061
-1.6164	0.000061
-1.6162	0.000061
-1.6160	0.000061
-1.6158	0.000061
-1.6156	0.000061
-1.6154	0.000062
-1.6152	0.000062
-1.6150	0.000062
-1.6148	0.000062
-1.6146	0.000062
-1.6144	0.000062
-1.6142	0.000062
-1.6140	0.000062
-1.6138	0.000063
-1.6136	0.000063
-1.6134	0.000063
-1.6132	0.000063
-1.6130	0.000063
-1.6128	0.000063
-1.6126	0.000063
-1.6124	0.000063
-1.6122	0.000063
-1.6120	0.000064
-1.6118	0.000064
-1.6116	0.000064
-1.6114	0.000064
-1.6112	0.000064
-1.6110	0.000064
-1.6108	0.000064
-1.6106	0.000064
-1.6104	0.000064
-1.6102	0.000065
-1.6100	0.000065
-1.6098	0.000065
-1.6096	0.000065
-1.6094	0.000065
-1.6092	0.000065
-1.6090	0.000065
-1.6088	0.000065
-1.6086	0.000066
-1.6084	0.000066
-1.6082	0.000066
-1.6080	0.000066
-1.6078	0.000066
-1.6076	0.000066
-1.6074	0.000066
-1.6072	0.000066
-1.6070	0.000067
-1.6068	0.000067
-1.6066	0.000067
-1.6064	0.000067
-1.6062	0.000067
-1.6060	0.000067
-1.6058	0.000067
-1.6056	0.000067
-1.6054	0.000068
-1.6052	0.000068
-1.6050	0.000068
-1.6048	0.000068
-1.6046	0.000068
-1.6044	0.000068
-1.6042	0.000068
-1.6040	0.000068
-1.6038	0.000069
-1.6036	0.000069
-1.6034	0.000069
-1.6032	0.000069
-1.6030	0.000069
-1.6028	0.000069
-1.6026	0.000069
-1.6024	0.000069
-1.6022	0.000070
-1.6020	0.000070
-1.6018	0.000070
-1.6016	0.000070
-1.6014	0.000070
-1.6012	0.000070
-1.6010	0.000070
-1.6008	0.000070
-1.6006	0.000071
-1.6004	0.000071
-1.6002	0.000071
-1.6000	0.000071
-1.5998	0.000071
-1.5996	0.000071
-1.5994	0.000071
-1.5992	0.000071
-1.5990	0.000072
-1.5988	0.000072
-1.5986	0.000072
-1.5984	0.000072
-1.5982	0.000072
-1.5980	0.000072
-1.5978	0.000072
-1.5976	0.000073
-1.5974	0.000073
-1.5972	0.000073
-1.5970	0.000073
-1.5968	0.000073
-1.5966	0.000073
-1.5964	0.000073
-1.5962	0.000073
-1.5960	0.000074
-1.5958	0.000074
-1.5956	0.000074
-1.5954	0.000074
-1.5952	0.000074
-1.5950	0.000074
-1.5948	0.000074
-1.5946	0.000075
-1.5944	0.000075
-1.5942	0.000075
-1.5940	0.000075
-1.5938	0.000075
-1.5936	0.000075
-1.5934	0.000075
-1.5932	0.000076
-1.5930	0.000076
-1.5928	0.000076
-1.5926	0.000076
-1.5924	0.000076
-1.5922	0.000076
-1.5920	0.000076
-1.5918	0.000077
-1.5916	0.000077
-1.5914	0.000077
-1.5912	0.000077
-1.5910	0.000077
-1.5908	0.000077
-1.5906	0.000077
-1.5904	0.000077
-1.5902	0.000078
-1.5900	0.000078
-1.5898	0.000078
-1.5896	0.000078
-1.5894	0.000078
-1.5892	0.000078
-1.5890	0.000079
-1.5888	0.000079
-1.5886	0.000079
-1.5884	0.000079
-1.5882	0.000079
-1.5880	0.000079
-1.5878	0.000079
-1.5876	0.000080
-1.5874	0.000080
-1.5872	0.000080
-1.5870	0.000080
-1.5868	0.000080
-1.5866	0.000080
-1.5864	0.000080
-1.5862	0.000081
-1.5860	0.000081
-1.5858	0.000081
-1.5856	0.000081
-1.5854	0.000081
-1.5852	0.000081
-1.5850	0.000081
-1.5848	0.000082
-1.5846	0.000082
-1.5844	0.000082
-1.5842	0.000082
-1.5840	0.000082
-1.5838	0.000082
-1.5836	0.000083
-1.5834	0.000083
-1.5832	0.000083
-1.5830	0.000083
-1.5828	0.000083
-1.5826	0.000083
-1.5824	0.000083
-1.5822	0.000084
-1.5820	0.000084
-1.5818	0.000084
-1.5816	0.000084
-1.5814	0.000084
-1.5812	0.000084
-1.5810	0.000085
-1.5808	0.000085
-1.5806	0.000085
-1.5804	0.000085
-1.5802	0.000085
-1.5800	0.000085
-1.5798	0.000085
-1.5796	0.000086
-1.5794	0.000086
-1.5792	0.000086
-1.5790	0.000086
-1.5788	0.000086
-1.5786	0.000086
-1.5784	0.000087
-1.5782	0.000087
-1.5780	0.000087
-1.5778	0.000087
-1.5776	0.000087
-1.5774	0.000087
-1.5772	0.000088
-1.5770	0.000088
-1.5768	0.000088
-1.5766	0.000088
-1.5764	0.000088
-1.5762	0.000088
-1.5760	0.000088
-1.5758	0.000089
-1.5756	0.000089
-1.5754	0.000089
-1.5752	0.000089
-1.5750	0.000089
-1.5748	0.000089
-1.5746	0.000090
-1.5744	0.000090
-1.5742	0.000090
-1.5740	0.000090
-1.5738	0.000090
-1.5736	0.000090
-1.5734	0.000091
-1.5732	0.000091
-1.5730	0.000091
-1.5728	0.000091
-1.5726	0.000091
-1.5724	0.000091
-1.5722	0.000092
-1.5720	0.000092
-1.5718	0.000092
-1.5716	0.000092
-1.5714	0.000092
-1.5712	0.000093
-1.5710	0.000093
-1.5708	0.000093
-1.5706	0.000093
-1.5704	0.000093
-1.5702	0.000093
-1.5700	0.000094
-1.5698	0.000094
-1.5696	0.000094
-1.5694	0.000094
-1.5692	0.000094
-1.5690	0.000094
-1.5688	0.000095
-1.5686	0.000095
-1.5684	0.000095
-1.5682	0.000095
-1.5680	0.000095
-1.5678	0.000095
-1.5676	0.000096
-1.5674	0.000096
-1.5672	0.000096
-1.5670	0.000096
-1.5668	0.000096
-1.5666	0.000097
-1.5664	0.000097
-1.5662	0.000097
-1.5660	0.000097
-1.5658	0.000097
-1.5656	0.000097
-1.5654	0.000098
-1.5652	0.000098
-1.5650	0.000098
-1.5648	0.000098
-1.5646	0.000098
-1.5644	0.000099
-1.5642	0.000099
-1.5640	0.000099
-1.5638	0.000099
-1.5636	0.000099
-1.5634	0.000099
-1.5632	0.000100
-1.5630	0.000100
-1.5628	0.000100
-1.5626	0.000100
-1.5624	0.000100
-1.5622	0.000101
-1.5620	0.000101
-1.5618	0.000101
-1.5616	0.000101
-1.5614	0.000101
-1.5612	0.000102
-1.5610	0.000102
-1.5608	0.000102
-1.5606	0.000102
-1.5604	0.000102
-1.5602	0.000102
-1.5600	0.000103
-1.5598	0.000103
-1.5596	0.000103
-1.5594	0.000103
-1.5592	0.000103
-1.5590	0.000104
-1.5588	0.000104
-1.5586	0.000104
-1.5584	0.000104
-1.5582	0.000104
-1.5580	0.000105
-1.5578	0.000105
-1.5576	0.000105
-1.5574	0.000105
-1.5572	0.000105
-1.5570	0.000106
-1.5568	0.000106
-1.5566	0.000106
-1.5564	0.000106
-1.5562	0.000106
-1.5560	0.000107
-1.5558	0.000107
-1.5556	0.000107
-1.5554	0.000107
-1.5552	0.000107
-1.5550	0.000108
-1.5548	0.000108
-1.5546	0.000108
-1.5544	0.000108
-1.5542	0.000108
-1.5540	0.000109
-1.5538	0.000109
-1.5536	0.000109
-1.5534	0.000109
-1.5532	0.000109
-1.5530	0.000110
-1.5528	0.000110
-1.5526	0.000110
-1.5524	0.000110
-1.5522	0.000110
-1.5520	0.000111
-1.5518	0.000111
-1.5516	0.000111
-1.5514	0.000111
-1.5512	0.000111
-1.5510	0.000112
-1.5508	0.000112
-1.5506	0.000112
-1.5504	0.000112
-1.5502	0.000112
-1.5500	0.000113
-1.5498	0.000113
-1.5496	0.000113
-1.5494	0.000113
-1.5492	0.000114
-1.5490	0.000114
-1.5488	0.000114
-1.5486	0.000114
-1.5484	0.000114
-1.5482	0.000115
-1.5480	0.000115
-1.5478	0.000115
-1.5476	0.000115
-1.5474	0.000115
-1.5472	0.000116
-1.5470	0.000116
-1.5468	0.000116
-1.5466	0.000116
-1.5464	0.000117
-1.5462	0.000117
-1.5460	0.000117
-1.5458	0.000117
-1.5456	0.000117
-1.5454	0.000118
-1.5452	0.000118
-1.5450	0.000118
-1.5448	0.000118
-1.5446	0.000119
-1.5444	0.000119
-1.5442	0.000119
-1.5440	0.000119
-1.5438	0.000119
-1.5436	0.000120
-1.5434	0.000120
-1.5432	0.000120
-1.5430	0.000120
-1.5428	0.000121
-1.5426	0.000121
-1.5424	0.000121
-1.5422	0.000121
-1.5420	0.000121
-1.5418	0.000122
-1.5416	0.000122
-1.5414	0.000122
-1.5412	0.000122
-1.5410	0.000123
-1.5408	0.000123
-1.5406	0.000123
-1.5404	0.000123
-1.5402	0.000123
-1.5400	0.000124
-1.5398	0.000124
-1.5396	0.000124
-1.5394	0.000124
-1.5392	0.000125
-1.5390	0.000125
-1.5388	0.000125
-1.5386	0.000125
-1.5384	0.000126
-1.5382	0.000126
-1.5380	0.000126
-1.5378	0.000126
-1.5376	0.000127
-1.5374	0.000127
-1.5372	0.000127
-1.5370	0.000127
-1.5368	0.000128
-1.5366	0.000128
-1.5364	0.000128
-1.5362	0.000128
-1.5360	0.000128
-1.5358	0.000129
-1.5356	0.000129
-1.5354	0.000129
-1.5352	0.000129
-1.5350	0.000130
-1.5348	0.000130
-1.5346	0.000130
-1.5344	0.000130
-1.5342	0.000131
-1.5340	0.000131
-1.5338	0.000131
-1.5336	0.000131
-1.5334	0.000132
-1.5332	0.000132
-1.5330	0.000132
-1.5328	0.000132
-1.5326	0.000133
-1.5324	0.000133
-1.5322	0.000133
-1.5320	0.000133
-1.5318	0.000134
-1.5316	0.000134
-1.5314	0.000134
-1.5312	0.000134
-1.5310	0.000135
-1.5308	0.000135
-1.5306	0.000135
-1.5304	0.000135
-1.5302	0.000136
-1.5300	0.000136
-1.5298	0.000136
-1.5296	0.000136
-1.5294	0.000137
-1.5292	0.000137
-1.5290	0.000137
-1.5288	0.000137
-1.5286	0.000138
-1.5284	0.000138
-1.5282	0.000138
-1.5280	0.000139
-1.5278	0.000139
-1.5276	0.000139
-1.5274	0.000139
-1.5272	0.000140
-1.5270	0.000140
-1.5268	0.000140
-1.5266	0.000140
-1.5264	0.000141
-1.5262	0.000141
-1.5260	0.000141
-1.5258	0.000141
-1.5256	0.000142
-1.5254	0.000142
-1.5252	0.000142
-1.5250	0.000143
-1.5248	0.000143
-1.5246	0.000143
-1.5244	0.000143
-1.5242	0.000144
-1.5240	0.000144
-1.5238	0.000144
-1.5236	0.000144
-1.5234	0.000145
-1.5232	0.000145
-1.5230	0.000145
-1.5228	0.000146
-1.5226	0.000146
-1.5224	0.000146
-1.5222	0.000146
-1.5220	0.000147
-1.5218	0.000147
-1.5216	0.000147
-1.5214	0.000147
-1.5212	0.000148
-1.5210	0.000148
-1.5208	0.000148
-1.5206	0.000149
-1.5204	0.000149
-1.5202	0.000149
-1.5200	0.000149
-1.5198	0.000150
-1.5196	0.000150
-1.5194	0.000150
-1.5192	0.000151
-1.5190	0.000151
-1.5188	0.000151
-1.5186	0.000151
-1.5184	0.000152
-1.5182	0.000152
-1.5180	0.000152
-1.5178	0.000153
-1.5176	0.000153
-1.5174	0.000153
-1.5172	0.000153
-1.5170	0.000154
-1.5168	0.000154
-1.5166	0.000154
-1.5164	0.000155
-1.5162	0.000155
-1.5160	0.000155
-1.5158	0.000156
-1.5156	0.000156
-1.5154	0.000156
-1.5152	0.000156
-1.5150	0.000157
-1.5148	0.000157
-1.5146	0.000157
-1.5144	0.000158
-1.5142	0.000158
-1.5140	0.000158
-1.5138	0.000159
-1.5136	0.000159
-1.5134	0.000159
-1.5132	0.000159
-1.5130	0.000160
-1.5128	0.000160
-1.5126	0.000160
-1.5124	0.000161
-1.5122	0.000161
-1.5120	0.000161
-1.5118	0.000162
-1.5116	0.000162
-1.5114	0.000162
-1.5112	0.000163
-1.5110	0.000163
-1.5108	0.000163
-1.5106	0.000163
-1.5104	0.000164
-1.5102	0.000164
-1.5100	0.000164
-1.5098	0.000165
-1.5096	0.000165
-1.5094	0.000165
-1.5092	0.000166
-1.5090	0.000166
-1.5088	0.000166
-1.5086	0.000167
-1.5084	0.000167
-1.5082	0.000167
-1.5080	0.000168
-1.5078	0.000168
-1.5076	0.000168
-1.5074	0.000169
-1.5072	0.000169
-1.5070	0.000169
-1.5068	0.000170
-1.5066	0.000170
-1.5064	0.000170
-1.5062	0.000170
-1.5060	0.000171
-1.5058	0.000171
-1.5056	0.000171
-1.5054	0.000172
-1.5052	0.000172
-1.5050	0.000172
-1.5048	0.000173
-1.5046	0.000173
-1.5044	0.000173
-1.5042	0.000174
-1.5040	0.000174
-1.5038	0.000174
-1.5036	0.000175
-1.5034	0.000175
-1.5032	0.000175
-1.5030	0.000176
-1.5028	0.000176
-1.5026	0.000176
-1.5024	0.000177
-1.5022	0.000177
-1.5020	0.000178
-1.5018	0.000178
-1.5016	0.000178
-1.5014	0.000179
-1.5012	0.000179
-1.5010	0.000179
-1.5008	0.000180
-1.5006	0.000180
-1.5004	0.000180
-1.5002	0.000181
-1.5000	0.000181
-1.4998	0.000181
-1.4996	0.000182
-1.4994	0.000182
-1.4992	0.000182
-1.4990	0.000183
-1.4988	0.000183
-1.4986	0.000183
-1.4984	0.000184
-1.4982	0.000184
-1.4980	0.000184
-1.4978	0.000185
-1.4976	0.000185
-1.4974	0.000186
-1.4972	0.000186
-1.4970	0.000186
-1.4968	0.000187
-1.4966	0.000187
-1.4964	0.000187
-1.4962	0.000188
-1.4960	0.000188
-1.4958	0.000188
-1.4956	0.000189
-1.4954	0.000189
-1.4952	0.000190
-1.4950	0.000190
-1.4948	0.000190
-1.4946	0.000191
-1.4944	0.000191
-1.4942	0.000191
-1.4940	0.000192
-1.4938	0.000192
-1.4936	0.000192
-1.4934	0.000193
-1.4932	0.000193
-1.4930	0.000194
-1.4928	0.000194
-1.4926	0.000194
-1.4924	0.000195
-1.4922	0.000195
-1.4920	0.000196
-1.4918	0.000196
-1.4916	0.000196
-1.4914	0.000197
-1.4912	0.000197
-1.4910	0.000197
-1.4908	0.000198
-1.4906	0.000198
-1.4904	0.000199
-1.4902	0.000199
-1.4900	0.000199
-1.4898	0.000200
-1.4896	0.000200
-1.4894	0.000200
-1.4892	0.000201
-1.4890	0.000201
-1.4888	0.000202
-1.4886	0.000202
-1.4884	0.000202
-1.4882	0.000203
-1.4880	0.000203
-1.4878	0.000204
-1.4876	0.000204
-1.4874	0.000204
-1.4872	0.000205
-1.4870	0.000205
-1.4868	0.000206
-1.4866	0.000206
-1.4864	0.000206
-1.4862	0.000207
-1.4860	0.000207
-1.4858	0.000208
-1.4856	0.000208
-1.4854	0.000208
-1.4852	0.000209
-1.4850	0.000209
-1.4848	0.000210
-1.4846	0.000210
-1.4844	0.000210
-1.4842	0.000211
-1.4840	0.000211
-1.4838	0.000212
-1.4836	0.000212
-1.4834	0.000213
-1.4832	0.000213
-1.4830	0.000213
-1.4828	0.000214
-1.4826	0.000214
-1.4824	0.000215
-1.4822	0.000215
-1.4820	0.000215
-1.4818	0.000216
-1.4816	0.000216
-1.4814	0.000217
-1.4812	0.000217
-1.4810	0.000218
-1.4808	0.000218
-1.4806	0.000218
-1.4804	0.000219
-1.4802	0.000219
-1.4800	0.000220
-1.4798	0.000220
-1.4796	0.000221
-1.4794	0.000221
-1.4792	0.000221
-1.4790	0.000222
-1.4788	0.000222
-1.4786	0.000223
-1.4784	0.000223
-1.4782	0.000224
-1.4780	0.000224
-1.4778	0.000225
-1.4776	0.000225
-1.4774	0.000225
-1.4772	0.000226
-1.4770	0.000226
-1.4768	0.000227
-1.4766	0.000227
-1.4764	0.000228
-1.4762	0.000228
-1.4760	0.000229
-1.4758	0.000229
-1.4756	0.000229
-1.4754	0.000230
-1.4752	0.000230
-1.4750	0.000231
-1.4748	0.000231
-1.4746	0.000232
-1.4744	0.000232
-1.4742	0.000233
-1.4740	0.000233
-1.4738	0.000234
-1.4736	0.000234
-1.4734	0.000234
-1.4732	0.000235
-1.4730	0.000235
-1.4728	0.000236
-1.4726	0.000236
-1.4724	0.000237
-1.4722	0.000237
-1.4720	0.000238
-1.4718	0.000238
-1.4716	0.000239
-1.4714	0.000239
-1.4712	0.000240
-1.4710	0.000240
-1.4708	0.000241
-1.4706	0.000241
-1.4704	0.000241
-1.4702	0.000242
-1.4700	0.000242
-1.4698	0.000243
-1.4696	0.000243
-1.4694	0.000244
-1.4692	0.000244
-1.4690	0.000245
-1.4688	0.000245
-1.4686	0.000246
-1.4684	0.000246
-1.4682	0.000247
-1.4680	0.000247
-1.4678	0.000248
-1.4676	0.000248
-1.4674	0.000249
-1.4672	0.000249
-1.4670	0.000250
-1.4668	0.000250
-1.4666	0.000251
-1.4664	0.000251
-1.4662	0.000252
-1.4660	0.000252
-1.4658	0.000253
-1.4656	0.000253
-1.4654	0.000254
-1.4652	0.000254
-1.4650	0.000255
-1.4648	0.000255
-1.4646	0.000256
-1.4644	0.000256
-1.4642	0.000257
-1.4640	0.000257
-1.4638	0.000258
-1.4636	0.000258
-1.4634	0.000259
-1.4632	0.000259
-1.4630	0.000260
-1.4628	0.000260
-1.4626	0.000261
-1.4624	0.000261
-1.4622	0.000262
-1.4620	0.000262
-1.4618	0.000263
-1.4616	0.000263
-1.4614	0.000264
-1.4612	0.000265
-1.4610	0.000265
-1.4608	0.000266
-1.4606	0.000266
-1.4604	0.000267
-1.4602	0.000267
-1.4600	0.000268
-1.4598	0.000268
-1.4596	0.000269
-1.4594	0.000269
-1.4592	0.000270
-1.4590	0.000270
-1.4588	0.000271
-1.4586	0.000271
-1.4584	0.000272
-1.4582	0.000273
-1.4580	0.000273
-1.4578	0.000274
-1.4576	0.000274
-1.4574	0.000275
-1.4572	0.000275
-1.4570	0.000276
-1.4568	0.000276
-1.4566	0.000277
-1.4564	0.000278
-1.4562	0.000278
-1.4560	0.000279
-1.4558	0.000279
-1.4556	0.000280
-1.4554	0.000280
-1.4552	0.000281
-1.4550	0.000281
-1.4548	0.000282
-1.4546	0.000283
-1.4544	0.000283
-1.4542	0.000284
-1.4540	0.000284
-1.4538	0.000285
-1.4536	0.000285
-1.4534	0.000286
-1.4532	0.000287
-1.4530	0.000287
-1.4528	0.000288
-1.4526	0.000288
-1.4524	0.000289
-1.4522	0.000289
-1.4520	0.000290
-1.4518	0.000291
-1.4516	0.000291
-1.4514	0.000292
-1.4512	0.000292
-1.4510	0.000293
-1.4508	0.000294
-1.4506	0.000294
-1.4504	0.000295
-1.4502	0.000295
-1.4500	0.000296
-1.4498	0.000297
-1.4496	0.000297
-1.4494	0.000298
-1.4492	0.000298
-1.4490	0.000299
-1.4488	0.000300
-1.4486	0.000300
-1.4484	0.000301
-1.4482	0.000301
-1.4480	0.000302
-1.4478	0.000303
-1.4476	0.000303
-1.4474	0.000304
-1.4472	0.000304
-1.4470	0.000305
-1.4468	0.000306
-1.4466	0.000306
-1.4464	0.000307
-1.4462	0.000307
-1.4460	0.000308
-1.4458	0.000309
-1.4456	0.000309
-1.4454	0.000310
-1.4452	0.000311
-1.4450	0.000311
-1.4448	0.000312
-1.4446	0.000312
-1.4444	0.000313
-1.4442	0.000314
-1.4440	0.000314
-1.4438	0.000315
-1.4436	0.000316
-1.4434	0.000316
-1.4432	0.000317
-1.4430	0.000318
-1.4428	0.000318
-1.4426	0.000319
-1.4424	0.000320
-1.4422	0.000320
-1.4420	0.000321
-1.4418	0.000321
-1.4416	0.000322
-1.4414	0.000323
-1.4412	0.000323
-1.4410	0.000324
-1.4408	0.000325
-1.4406	0.000325
-1.4404	0.000326
-1.4402	0.000327
-1.4400	0.000327
-1.4398	0.000328
-1.4396	0.000329
-1.4394	0.000329
-1.4392	0.000330
-1.4390	0.000331
-1.4388	0.000331
-1.4386	0.000332
-1.4384	0.000333
-1.4382	0.000333
-1.4380	0.000334
-1.4378	0.000335
-1.4376	0.000336
-1.4374	0.000336
-1.4372	0.000337
-1.4370	0.000338
-1.4368	0.000338
-1.4366	0.000339
-1.4364	0.000340
-1.4362	0.000340
-1.4360	0.000341
-1.4358	0.000342
-1.4356	0.000342
-1.4354	0.000343
-1.4352	0.000344
-1.4350	0.000345
-1.4348	0.000345
-1.4346	0.000346
-1.4344	0.000347
-1.4342	0.000347
-1.4340	0.000348
-1.4338	0.000349
-1.4336	0.000350
-1.4334	0.000350
-1.4332	0.000351
-1.4330	0.000352
-1.4328	0.000352
-1.4326	0.000353
-1.4324	0.000354
-1.4322	0.000355
-1.4320	0.000355
-1.4318	0.000356
-1.4316	0.000357
-1.4314	0.000357
-1.4312	0.000358
-1.4310	0.000359
-1.4308	0.000360
-1.4306	0.000360
-1.4304	0.000361
-1.4302	0.000362
-1.4300	0.000363
-1.4298	0.000363
-1.4296	0.000364
-1.4294	0.000365
-1.4292	0.000366
-1.4290	0.000366
-1.4288	0.000367
-1.4286	0.000368
-1.4284	0.000369
-1.4282	0.000369
-1.4280	0.000370
-1.4278	0.000371
-1.4276	0.000372
-1.4274	0.000373
-1.4272	0.000373
-1.4270	0.000374
-1.4268	0.000375
-1.4266	0.000376
-1.4264	0.000376
-1.4262	0.000377
-1.4260	0.000378
-1.4258	0.000379
-1.4256	0.000379
-1.4254	0.000380
-1.4252	0.000381
-1.4250	0.000382
-1.4248	0.000383
-1.4246	0.000383
-1.4244	0.000384
-1.4242	0.000385
-1.4240	0.000386
-1.4238	0.000387
-1.4236	0.000387
-1.4234	0.000388
-1.4232	0.000389
-1.4230	0.000390
-1.4228	0.000391
-1.4226	0.000391
-1.4224	0.000392
-1.4222	0.000393
-1.4220	0.000394
-1.4218	0.000395
-1.4216	0.000396
-1.4214	0.000396
-1.4212	0.000397
-1.4210	0.000398
-1.4208	0.000399
-1.4206	0.000400
-1.4204	0.000401
-1.4202	0.000401
-1.4200	0.000402
-1.4198	0.000403
-1.4196	0.000404
-1.4194	0.000405
-1.4192	0.000406
-1.4190	0.000406
-1.4188	0.000407
-1.4186	0.000408
-1.4184	0.000409
-1.4182	0.000410
-1.4180	0.000411
-1.4178	0.000411
-1.4176	0.000412
-1.4174	0.000413
-1.4172	0.000414
-1.4170	0.000415
-1.4168	0.000416
-1.4166	0.000417
-1.4164	0.000418
-1.4162	0.000418
-1.4160	0.000419
-1.4158	0.000420
-1.4156	0.000421
-1.4154	0.000422
-1.4152	0.000423
-1.4150	0.000424
-1.4148	0.000425
-1.4146	0.000425
-1.4144	0.000426
-1.4142	0.000427
-1.4140	0.000428
-1.4138	0.000429
-1.4136	0.000430
-1.4134	0.000431
-1.4132	0.000432
-1.4130	0.000433
-1.4128	0.000434
-1.4126	0.000434
-1.4124	0.000435
-1.4122	0.000436
-1.4120	0.000437
-1.4118	0.000438
-1.4116	0.000439
-1.4114	0.000440
-1.4112	0.000441
-1.4110	0.000442
-1.4108	0.000443
-1.4106	0.000444
-1.4104	0.000445
-1.4102	0.000446
-1.4100	0.000447
-1.4098	0.000447
-1.4096	0.000448
-1.4094	0.000449
-1.4092	0.000450
-1.4090	0.000451
-1.4088	0.000452
-1.4086	0.000453
-1.4084	0.000454
-1.4082	0.000455
-1.4080	0.000456
-1.4078	0.000457
-1.4076	0.000458
-1.4074	0.000459
-1.4072	0.000460
-1.4070	0.000461
-1.4068	0.000462
-1.4066	0.000463
-1.4064	0.000464
-1.4062	0.000465
-1.4060	0.000466
-1.4058	0.000467
-1.4056	0.000468
-1.4054	0.000469
-1.4052	0.000470
-1.4050	0.000471
-1.4048	0.000472
-1.4046	0.000473
-1.4044	0.000474
-1.4042	0.000475
-1.4040	0.000476
-1.4038	0.000477
-1.4036	0.000478
-1.4034	0.000479
-1.4032	0.000480
-1.4030	0.000481
-1.4028	0.000482
-1.4026	0.000483
-1.4024	0.000484
-1.4022	0.000485
-1.4020	0.000486
-1.4018	0.000487
-1.4016	0.000488
-1.4014	0.000489
-1.4012	0.000490
-1.4010	0.000491
-1.4008	0.000492
-1.4006	0.000493
-1.4004	0.000494
-1.4002	0.000495
-1.4000	0.000496
-1.3998	0.000497
-1.3996	0.000499
-1.3994	0.000500
-1.3992	0.000501
-1.3990	0.000502
-1.3988	0.000503
-1.3986	0.000504
-1.3984	0.000505
-1.3982	0.000506
-1.3980	0.000507
-1.3978	0.000508
-1.3976	0.000509
-1.3974	0.000510
-1.3972	0.000511
-1.3970	0.000513
-1.3968	0.000514
-1.3966	0.000515
-1.3964	0.000516
-1.3962	0.000517
-1.3960	0.000518
-1.3958	0.000519
-1.3956	0.000520
-1.3954	0.000521
-1.3952	0.000523
-1.3950	0.000524
-1.3948	0.000525
-1.3946	0.000526
-1.3944	0.000527
-1.3942	0.000528
-1.3940	0.000529
-1.3938	0.000530
-1.3936	0.000532
-1.3934	0.000533
-1.3932	0.000534
-1.3930	0.000535
-1.3928	0.000536
-1.3926	0.000537
-1.3924	0.000539
-1.3922	0.000540
-1.3920	0.000541
-1.3918	0.000542
-1.3916	0.000543
-1.3914	0.000544
-1.3912	0.000546
-1.3910	0.000547
-1.3908	0.000548
-1.3906	0.000549
-1.3904	0.000550
-1.3902	0.000551
-1.3900	0.000553
-1.3898	0.000554
-1.3896	0.000555
-1.3894	0.000556
-1.3892	0.000557
-1.3890	0.000559
-1.3888	0.000560
-1.3886	0.000561
-1.3884	0.000562
-1.3882	0.000564
-1.3880	0.000565
-1.3878	0.000566
-1.3876	0.000567
-1.3874	0.000568
-1.3872	0.000570
-1.3870	0.000571
-1.3868	0.000572
-1.3866	0.000573
-1.3864	0.000575
-1.3862	0.000576
-1.3860	0.000577
-1.3858	0.000578
-1.3856	0.000580
-1.3854	0.000581
-1.3852	0.000582
-1.3850	0.000583
-1.3848	0.000585
-1.3846	0.000586
-1.3844	0.000587
-1.3842	0.000589
-1.3840	0.000590
-1.3838	0.000591
-1.3836	0.000592
-1.3834	0.000594
-1.3832	0.000595
-1.3830	0.000596
-1.3828	0.000598
-1.3826	0.000599
-1.3824	0.000600
-1.3822	0.000601
-1.3820	0.000603
-1.3818	0.000604
-1.3816	0.000605
-1.3814	0.000607
-1.3812	0.000608
-1.3810	0.000609
-1.3808	0.000611
-1.3806	0.000612
-1.3804	0.000613
-1.3802	0.000615
-1.3800	0.000616
-1.3798	0.000617
-1.3796	0.000619
-1.3794	0.000620
-1.3792	0.000622
-1.3790	0.000623
-1.3788	0.000624
-1.3786	0.000626
-1.3784	0.000627
-1.3782	0.000628
-1.3780	0.000630
-1.3778	0.000631
-1.3776	0.000633
-1.3774	0.000634
-1.3772	0.000635
-1.3770	0.000637
-1.3768	0.000638
-1.3766	0.000640
-1.3764	0.000641
-1.3762	0.000642
-1.3760	0.000644
-1.3758	0.000645
-1.3756	0.000647
-1.3754	0.000648
-1.3752	0.000650
-1.3750	0.000651
-1.3748	0.000652
-1.3746	0.000654
-1.3744	0.000655
-1.3742	0.000657
-1.3740	0.000658
-1.3738	0.000660
-1.3736	0.000661
-1.3734	0.000663
-1.3732	0.000664
-1.3730	0.000666
-1.3728	0.000667
-1.3726	0.000668
-1.3724	0.000670
-1.3722	0.000671
-1.3720	0.000673
-1.3718	0.000674
-1.3716	0.000676
-1.3714	0.000677
-1.3712	0.000679
-1.3710	0.000680
-1.3708	0.000682
-1.3706	0.000683
-1.3704	0.000685
-1.3702	0.000686
-1.3700	0.000688
-1.3698	0.000690
-1.3696	0.000691
-1.3694	0.000693
-1.3692	0.000694
-1.3690	0.000696
-1.3688	0.000697
-1.3686	0.000699
-1.3684	0.000700
-1.3682	0.000702
-1.3680	0.000704
-1.3678	0.000705
-1.3676	0.000707
-1.3674	0.000708
-1.3672	0.000710
-1.3670	0.000711
-1.3668	0.000713
-1.3666	0.000715
-1.3664	0.000716
-1.3662	0.000718
-1.3660	0.000719
-1.3658	0.000721
-1.3656	0.000723
-1.3654	0.000724
-1.3652	0.000726
-1.3650	0.000727
-1.3648	0.000729
-1.3646	0.000731
-1.3644	0.000732
-1.3642	0.000734
-1.3640	0.000736
-1.3638	0.000737
-1.3636	0.000739
-1.3634	0.000741
-1.3632	0.000742
-1.3630	0.000744
-1.3628	0.000746
-1.3626	0.000747
-1.3624	0.000749
-1.3622	0.000751
-1.3620	0.000752
-1.3618	0.000754
-1.3616	0.000756
-1.3614	0.000757
-1.3612	0.000759
-1.3610	0.000761
-1.3608	0.000763
-1.3606	0.000764
-1.3604	0.000766
-1.3602	0.000768
-1.3600	0.000770
-1.3598	0.000771
-1.3596	0.000773
-1.3594	0.000775
-1.3592	0.000777
-1.3590	0.000778
-1.3588	0.000780
-1.3586	0.000782
-1.3584	0.000784
-1.3582	0.000785
-1.3580	0.000787
-1.3578	0.000789
-1.3576	0.000791
-1.3574	0.000793
-1.3572	0.000794
-1.3570	0.000796
-1.3568	0.000798
-1.3566	0.000800
-1.3564	0.000802
-1.3562	0.000803
-1.3560	0.000805
-1.3558	0.000807
-1.3556	0.000809
-1.3554	0.000811
-1.3552	0.000813
-1.3550	0.000814
-1.3548	0.000816
-1.3546	0.000818
-1.3544	0.000820
-1.3542	0.000822
-1.3540	0.000824
-1.3538	0.000826
-1.3536	0.000827
-1.3534	0.000829
-1.3532	0.000831
-1.3530	0.000833
-1.3528	0.000835
-1.3526	0.000837
-1.3524	0.000839
-1.3522	0.000841
-1.3520	0.000843
-1.3518	0.000845
-1.3516	0.000847
-1.3514	0.000849
-1.3512	0.000850
-1.3510	0.000852
-1.3508	0.000854
-1.3506	0.000856
-1.3504	0.000858
-1.3502	0.000860
-1.3500	0.000862
-1.3498	0.000864
-1.3496	0.000866
-1.3494	0.000868
-1.3492	0.000870
-1.3490	0.000872
-1.3488	0.000874
-1.3486	0.000876
-1.3484	0.000878
-1.3482	0.000880
-1.3480	0.000882
-1.3478	0.000884
-1.3476	0.000886
-1.3474	0.000888
-1.3472	0.000890
-1.3470	0.000893
-1.3468	0.000895
-1.3466	0.000897
-1.3464	0.000899
-1.3462	0.000901
-1.3460	0.000903
-1.3458	0.000905
-1.3456	0.000907
-1.3454	0.000909
-1.3452	0.000911
-1.3450	0.000913
-1.3448	0.000915
-1.3446	0.000918
-1.3444	0.000920
-1.3442	0.000922
-1.3440	0.000924
-1.3438	0.000926
-1.3436	0.000928
-1.3434	0.000930
-1.3432	0.000933
-1.3430	0.000935
-1.3428	0.000937
-1.3426	0.000939
-1.3424	0.000941
-1.3422	0.000943
-1.3420	0.000946
-1.3418	0.000948
-1.3416	0.000950
-1.3414	0.000952
-1.3412	0.000955
-1.3410	0.000957
-1.3408	0.000959
-1.3406	0.000961
-1.3404	0.000963
-1.3402	0.000966
-1.3400	0.000968
-1.3398	0.000970
-1.3396	0.000972
-1.3394	0.000975
-1.3392	0.000977
-1.3390	0.000979
-1.3388	0.000982
-1.3386	0.000984
-1.3384	0.000986
-1.3382	0.000989
-1.3380	0.000991
-1.3378	0.000993
-1.3376	0.000995
-1.3374	0.000998
-1.3372	0.001000
-1.3370	0.001002
-1.3368	0.001005
-1.3366	0.001007
-1.3364	0.001010
-1.3362	0.001012
-1.3360	0.001014
-1.3358	0.001017
-1.3356	0.001019
-1.3354	0.001022
-1.3352	0.001024
-1.3350	0.001026
-1.3348	0.001029
-1.3346	0.001031
-1.3344	0.001034
-1.3342	0.001036
-1.3340	0.001038
-1.3338	0.001041
-1.3336	0.001043
-1.3334	0.001046
-1.3332	0.001048
-1.3330	0.001051
-1.3328	0.001053
-1.3326	0.001056
-1.3324	0.001058
-1.3322	0.001061
-1.3320	0.001063
-1.3318	0.001066
-1.3316	0.001068
-1.3314	0.001071
-1.3312	0.001073
-1.3310	0.001076
-1.3308	0.001078
-1.3306	0.001081
-1.3304	0.001084
-1.3302	0.001086
-1.3300	0.001089
-1.3298	0.001091
-1.3296	0.001094
-1.3294	0.001097
-1.3292	0.001099
-1.3290	0.001102
-1.3288	0.001104
-1.3286	0.001107
-1.3284	0.001110
-1.3282	0.001112
-1.3280	0.001115
-1.3278	0.001118
-1.3276	0.001120
-1.3274	0.001123
-1.3272	0.001126
-1.3270	0.001128
-1.3268	0.001131
-1.3266	0.001134
-1.3264	0.001136
-1.3262	0.001139
-1.3260	0.001142
-1.3258	0.001145
-1.3256	0.001147
-1.3254	0.001150
-1.3252	0.001153
-1.3250	0.001156
-1.3248	0.001158
-1.3246	0.001161
-1.3244	0.001164
-1.3242	0.001167
-1.3240	0.001170
-1.3238	0.001172
-1.3236	0.001175
-1.3234	0.001178
-1.3232	0.001181
-1.3230	0.001184
-1.3228	0.001187
-1.3226	0.001189
-1.3224	0.001192
-1.3222	0.001195
-1.3220	0.001198
-1.3218	0.001201
-1.3216	0.001204
-1.3214	0.001207
-1.3212	0.001210
-1.3210	0.001213
-1.3208	0.001215
-1.3206	0.001218
-1.3204	0.001221
-1.3202	0.001224
-1.3200	0.001227
-1.3198	0.001230
-1.3196	0.001233
-1.3194	0.001236
-1.3192	0.001239
-1.3190	0.001242
-1.3188	0.001245
-1.3186	0.001248
-1.3184	0.001251
-1.3182	0.001254
-1.3180	0.001257
-1.3178	0.001260
-1.3176	0.001263
-1.3174	0.001267
-1.3172	0.001270
-1.3170	0.001273
-1.3168	0.001276
-1.3166	0.001279
-1.3164	0.001282
-1.3162	0.001285
-1.3160	0.001288
-1.3158	0.001291
-1.3156	0.001295
-1.3154	0.001298
-1.3152	0.001301
-1.3150	0.001304
-1.3148	0.001307
-1.3146	0.001310
-1.3144	0.001314
-1.3142	0.001317
-1.3140	0.001320
-1.3138	0.001323
-1.3136	0.001327
-1.3134	0.001330
-1.3132	0.001333
-1.3130	0.001336
-1.3128	0.001340
-1.3126	0.001343
-1.3124	0.001346
-1.3122	0.001350
-1.3120	0.001353
-1.3118	0.001356
-1.3116	0.001360
-1.3114	0.001363
-1.3112	0.001366
-1.3110	0.001370
-1.3108	0.001373
-1.3106	0.001376
-1.3104	0.001380
-1.3102	0.001383
-1.3100	0.001387
-1.3098	0.001390
-1.3096	0.001393
-1.3094	0.001397
-1.3092	0.001400
-1.3090	0.001404
-1.3088	0.001407
-1.3086	0.001411
-1.3084	0.001414
-1.3082	0.001418
-1.3080	0.001421
-1.3078	0.001425
-1.3076	0.001428
-1.3074	0.001432
-1.3072	0.001435
-1.3070	0.001439
-1.3068	0.001443
-1.3066	0.001446
-1.3064	0.001450
-1.3062	0.001453
-1.3060	0.001457
-1.3058	0.001461
-1.3056	0.001464
-1.3054	0.001468
-1.3052	0.001471
-1.3050	0.001475
-1.3048	0.001479
-1.3046	0.001482
-1.3044	0.001486
-1.3042	0.001490
-1.3040	0.001494
-1.3038	0.001497
-1.3036	0.001501
-1.3034	0.001505
-1.3032	0.001509
-1.3030	0.001512
-1.3028	0.001516
-1.3026	0.001520
-1.3024	0.001524
-1.3022	0.001528
-1.3020	0.001531
-1.3018	0.001535
-1.3016	0.001539
-1.3014	0.001543
-1.3012	0.001547
-1.3010	0.001551
-1.3008	0.001555
-1.3006	0.001559
-1.3004	0.001562
-1.3002	0.001566
-1.3000	0.001570
-1.2998	0.001574
-1.2996	0.001578
-1.2994	0.001582
-1.2992	0.001586
-1.2990	0.001590
-1.2988	0.001594
-1.2986	0.001598
-1.2984	0.001602
-1.2982	0.001606
-1.2980	0.001610
-1.2978	0.001614
-1.2976	0.001619
-1.2974	0.001623
-1.2972	0.001627
-1.2970	0.001631
-1.2968	0.001635
-1.2966	0.001639
-1.2964	0.001643
-1.2962	0.001647
-1.2960	0.001652
-1.2958	0.001656
-1.2956	0.001660
-1.2954	0.001664
-1.2952	0.001669
-1.2950	0.001673
-1.2948	0.001677
-1.2946	0.001681
-1.2944	0.001686
-1.2942	0.001690
-1.2940	0.001694
-1.2938	0.001698
-1.2936	0.001703
-1.2934	0.001707
-1.2932	0.001712
-1.2930	0.001716
-1.2928	0.001720
-1.2926	0.001725
-1.2924	0.001729
-1.2922	0.001734
-1.2920	0.001738
-1.2918	0.001742
-1.2916	0.001747
-1.2914	0.001751
-1.2912	0.001756
-1.2910	0.001760
-1.2908	0.001765
-1.2906	0.001769
-1.2904	0.001774
-1.2902	0.001778
-1.2900	0.001783
-1.2898	0.001788
-1.2896	0.001792
-1.2894	0.001797
-1.2892	0.001801
-1.2890	0.001806
-1.2888	0.001811
-1.2886	0.001815
-1.2884	0.001820
-1.2882	0.001825
-1.2880	0.001830
-1.2878	0.001834
-1.2876	0.001839
-1.2874	0.001844
-1.2872	0.001849
-1.2870	0.001853
-1.2868	0.001858
-1.2866	0.001863
-1.2864	0.001868
-1.2862	0.001873
-1.2860	0.001877
-1.2858	0.001882
-1.2856	0.001887
-1.2854	0.001892
-1.2852	0.001897
-1.2850	0.001902
-1.2848	0.001907
-1.2846	0.001912
-1.2844	0.001917
-1.2842	0.001922
-1.2840	0.001927
-1.2838	0.001932
-1.2836	0.001937
-1.2834	0.001942
-1.2832	0.001947
-1.2830	0.001952
-1.2828	0.001957
-1.2826	0.001962
-1.2824	0.001967
-1.2822	0.001973
-1.2820	0.001978
-1.2818	0.001983
-1.2816	0.001988
-1.2814	0.001993
-1.2812	0.001999
-1.2810	0.002004
-1.2808	0.002009
-1.2806	0.002014
-1.2804	0.002020
-1.2802	0.002025
-1.2800	0.002030
-1.2798	0.002036
-1.2796	0.002041
-1.2794	0.002046
-1.2792	0.002052
-1.2790	0.002057
-1.2788	0.002063
-1.2786	0.002068
-1.2784	0.002073
-1.2782	0.002079
-1.2780	0.002084
-1.2778	0.002090
-1.2776	0.002095
-1.2774	0.002101
-1.2772	0.002107
-1.2770	0.002112
-1.2768	0.002118
-1.2766	0.002123
-1.2764	0.002129
-1.2762	0.002135
-1.2760	0.002140
-1.2758	0.002146
-1.2756	0.002152
-1.2754	0.002157
-1.2752	0.002163
-1.2750	0.002169
-1.2748	0.002175
-1.2746	0.002180
-1.2744	0.002186
-1.2742	0.002192
-1.2740	0.002198
-1.2738	0.002204
-1.2736	0.002210
-1.2734	0.002215
-1.2732	0.002221
-1.2730	0.002227
-1.2728	0.002233
-1.2726	0.002239
-1.2724	0.002245
-1.2722	0.002251
-1.2720	0.002257
-1.2718	0.002263
-1.2716	0.002269
-1.2714	0.002276
-1.2712	0.002282
-1.2710	0.002288
-1.2708	0.002294
-1.2706	0.002300
-1.2704	0.002306
-1.2702	0.002312
-1.2700	0.002319
-1.2698	0.002325
-1.2696	0.002331
-1.2694	0.002337
-1.2692	0.002344
-1.2690	0.002350
-1.2688	0.002356
-1.2686	0.002363
-1.2684	0.002369
-1.2682	0.002376
-1.2680	0.002382
-1.2678	0.002388
-1.2676	0.002395
-1.2674	0.002401
-1.2672	0.002408
-1.2670	0.002414
-1.2668	0.002421
-1.2666	0.002428
-1.2664	0.002434
-1.2662	0.002441
-1.2660	0.002447
-1.2658	0.002454
-1.2656	0.002461
-1.2654	0.002467
-1.2652	0.002474
-1.2650	0.002481
-1.2648	0.002488
-1.2646	0.002494
-1.2644	0.002501
-1.2642	0.002508
-1.2640	0.002515
-1.2638	0.002522
-1.2636	0.002529
-1.2634	0.002536
-1.2632	0.002542
-1.2630	0.002549
-1.2628	0.002556
-1.2626	0.002563
-1.2624	0.002570
-1.2622	0.002577
-1.2620	0.002585
-1.2618	0.002592
-1.2616	0.002599
-1.2614	0.002606
-1.2612	0.002613
-1.2610	0.002620
-1.2608	0.002627
-1.2606	0.002635
-1.2604	0.002642
-1.2602	0.002649
-1.2600	0.002657
-1.2598	0.002664
-1.2596	0.002671
-1.2594	0.002679
-1.2592	0.002686
-1.2590	0.002693
-1.2588	0.002701
-1.2586	0.002708
-1.2584	0.002716
-1.2582	0.002723
-1.2580	0.002731
-1.2578	0.002739
-1.2576	0.002746
-1.2574	0.002754
-1.2572	0.002761
-1.2570	0.002769
-1.2568	0.002777
-1.2566	0.002784
-1.2564	0.002792
-1.2562	0.002800
-1.2560	0.002808
-1.2558	0.002816
-1.2556	0.002823
-1.2554	0.002831
-1.2552	0.002839
-1.2550	0.002847
-1.2548	0.002855
-1.2546	0.002863
-1.2544	0.002871
-1.2542	0.002879
-1.2540	0.002887
-1.2538	0.002895
-1.2536	0.002903
-1.2534	0.002912
-1.2532	0.002920
-1.2530	0.002928
-1.2528	0.002936
-1.2526	0.002944
-1.2524	0.002953
-1.2522	0.002961
-1.2520	0.002969
-1.2518	0.002978
-1.2516	0.002986
-1.2514	0.002995
-1.2512	0.003003
-1.2510	0.003011
-1.2508	0.003020
-1.2506	0.003028
-1.2504	0.003037
-1.2502	0.003046
-1.2500	0.003054
-1.2498	0.003063
-1.2496	0.003072
-1.2494	0.003080
-1.2492	0.003089
-1.2490	0.003098
-1.2488	0.003107
-1.2486	0.003115
-1.2484	0.003124
-1.2482	0.003133
-1.2480	0.003142
-1.2478	0.003151
-1.2476	0.003160
-1.2474	0.003169
-1.2472	0.003178
-1.2470	0.003187
-1.2468	0.003196
-1.2466	0.003205
-1.2464	0.003214
-1.2462	0.003224
-1.2460	0.003233
-1.2458	0.003242
-1.2456	0.003251
-1.2454	0.003261
-1.2452	0.003270
-1.2450	0.003279
-1.2448	0.003289
-1.2446	0.003298
-1.2444	0.003308
-1.2442	0.003317
-1.2440	0.003327
-1.2438	0.003336
-1.2436	0.003346
-1.2434	0.003356
-1.2432	0.003365
-1.2430	0.003375
-1.2428	0.003385
-1.2426	0.003395
-1.2424	0.003404
-1.2422	0.003414
-1.2420	0.003424
-1.2418	0.003434
-1.2416	0.003444
-1.2414	0.003454
-1.2412	0.003464
-1.2410	0.003474
-1.2408	0.003484
-1.2406	0.003494
-1.2404	0.003504
-1.2402	0.003515
-1.2400	0.003525
-1.2398	0.003535
-1.2396	0.003545
-1.2394	0.003556
-1.2392	0.003566
-1.2390	0.003576
-1.2388	0.003587
-1.2386	0.003597
-1.2384	0.003608
-1.2382	0.003618
-1.2380	0.003629
-1.2378	0.003640
-1.2376	0.003650
-1.2374	0.003661
-1.2372	0.003672
-1.2370	0.003682
-1.2368	0.003693
-1.2366	0.003704
-1.2364	0.003715
-1.2362	0.003726
-1.2360	0.003737
-1.2358	0.003748
-1.2356	0.003759
-1.2354	0.003770
-1.2352	0.003781
-1.2350	0.003792
-1.2348	0.003803
-1.2346	0.003815
-1.2344	0.003826
-1.2342	0.003837
-1.2340	0.003849
-1.2338	0.003860
-1.2336	0.003871
-1.2334	0.003883
-1.2332	0.003894
-1.2330	0.003906
-1.2328	0.003918
-1.2326	0.003929
-1.2324	0.003941
-1.2322	0.003953
-1.2320	0.003964
-1.2318	0.003976
-1.2316	0.003988
-1.2314	0.004000
-1.2312	0.004012
-1.2310	0.004024
-1.2308	0.004036
-1.2306	0.004048
-1.2304	0.004060
-1.2302	0.004072
-1.2300	0.004084
-1.2298	0.004097
-1.2296	0.004109
-1.2294	0.004121
-1.2292	0.004133
-1.2290	0.004146
-1.2288	0.004158
-1.2286	0.004171
-1.2284	0.004183
-1.2282	0.004196
-1.2280	0.004209
-1.2278	0.004221
-1.2276	0.004234
-1.2274	0.004247
-1.2272	0.004260
-1.2270	0.004272
-1.2268	0.004285
-1.2266	0.004298
-1.2264	0.004311
-1.2262	0.004324
-1.2260	0.004337
-1.2258	0.004351
-1.2256	0.004364
-1.2254	0.004377
-1.2252	0.004390
-1.2250	0.004404
-1.2248	0.004417
-1.2246	0.004431
-1.2244	0.004444
-1.2242	0.004458
-1.2240	0.004471
-1.2238	0.004485
-1.2236	0.004498
-1.2234	0.004512
-1.2232	0.004526
-1.2230	0.004540
-1.2228	0.004554
-1.2226	0.004568
-1.2224	0.004582
-1.2222	0.004596
-1.2220	0.004610
-1.2218	0.004624
-1.2216	0.004638
-1.2214	0.004652
-1.2212	0.004667
-1.2210	0.004681
-1.2208	0.004695
-1.2206	0.004710
-1.2204	0.004724
-1.2202	0.004739
-1.2200	0.004754
-1.2198	0.004768
-1.2196	0.004783
-1.2194	0.004798
-1.2192	0.004813
-1.2190	0.004828
-1.2188	0.004843
-1.2186	0.004858
-1.2184	0.004873
-1.2182	0.004888
-1.2180	0.004903
-1.2178	0.004918
-1.2176	0.004933
-1.2174	0.004949
-1.2172	0.004964
-1.2170	0.004980
-1.2168	0.004995
-1.2166	0.005011
-1.2164	0.005026
-1.2162	0.005042
-1.2160	0.005058
-1.2158	0.005074
-1.2156	0.005090
-1.2154	0.005106
-1.2152	0.005122
-1.2150	0.005138
-1.2148	0.005154
-1.2146	0.005170
-1.2144	0.005186
-1.2142	0.005202
-1.2140	0.005219
-1.2138	0.005235
-1.2136	0.005252
-1.2134	0.005268
-1.2132	0.005285
-1.2130	0.005302
-1.2128	0.005318
-1.2126	0.005335
-1.2124	0.005352
-1.2122	0.005369
-1.2120	0.005386
-1.2118	0.005403
-1.2116	0.005420
-1.2114	0.005437
-1.2112	0.005455
-1.2110	0.005472
-1.2108	0.005489
-1.2106	0.005507
-1.2104	0.005524
-1.2102	0.005542
-1.2100	0.005560
-1.2098	0.005577
-1.2096	0.005595
-1.2094	0.005613
-1.2092	0.005631
-1.2090	0.005649
-1.2088	0.005667
-1.2086	0.005685
-1.2084	0.005703
-1.2082	0.005722
-1.2080	0.005740
-1.2078	0.005758
-1.2076	0.005777
-1.2074	0.005795
-1.2072	0.005814
-1.2070	0.005833
-1.2068	0.005852
-1.2066	0.005871
-1.2064	0.005889
-1.2062	0.005908
-1.2060	0.005928
-1.2058	0.005947
-1.2056	0.005966
-1.2054	0.005985
-1.2052	0.006005
-1.2050	0.006024
-1.2048	0.006044
-1.2046	0.006063
-1.2044	0.006083
-1.2042	0.006103
-1.2040	0.006123
-1.2038	0.006143
-1.2036	0.006163
-1.2034	0.006183
-1.2032	0.006203
-1.2030	0.006223
-1.2028	0.006243
-1.2026	0.006264
-1.2024	0.006284
-1.2022	0.006305
-1.2020	0.006326
-1.2018	0.006346
-1.2016	0.006367
-1.2014	0.006388
-1.2012	0.006409
-1.2010	0.006430
-1.2008	0.006451
-1.2006	0.006472
-1.2004	0.006494
-1.2002	0.006515
-1.2000	0.006537
-1.1998	0.006558
-1.1996	0.006580
-1.1994	0.006602
-1.1992	0.006623
-1.1990	0.006645
-1.1988	0.006667
-1.1986	0.006689
-1.1984	0.006712
-1.1982	0.006734
-1.1980	0.006756
-1.1978	0.006779
-1.1976	0.006801
-1.1974	0.006824
-1.1972	0.006847
-1.1970	0.006870
-1.1968	0.006892
-1.1966	0.006916
-1.1964	0.006939
-1.1962	0.006962
-1.1960	0.006985
-1.1958	0.007009
-1.1956	0.007032
-1.1954	0.007056
-1.1952	0.007079
-1.1950	0.007103
-1.1948	0.007127
-1.1946	0.007151
-1.1944	0.007175
-1.1942	0.007199
-1.1940	0.007223
-1.1938	0.007248
-1.1936	0.007272
-1.1934	0.007297
-1.1932	0.007321
-1.1930	0.007346
-1.1928	0.007371
-1.1926	0.007396
-1.1924	0.007421
-1.1922	0.007446
-1.1920	0.007472
-1.1918	0.007497
-1.1916	0.007523
-1.1914	0.007548
-1.1912	0.007574
-1.1910	0.007600
-1.1908	0.007626
-1.1906	0.007652
-1.1904	0.007678
-1.1902	0.007704
-1.1900	0.007730
-1.1898	0.007757
-1.1896	0.007783
-1.1894	0.007810
-1.1892	0.007837
-1.1890	0.007864
-1.1888	0.007891
-1.1886	0.007918
-1.1884	0.007945
-1.1882	0.007973
-1.1880	0.008000
-1.1878	0.008028
-1.1876	0.008055
-1.1874	0.008083
-1.1872	0.008111
-1.1870	0.008139
-1.1868	0.008167
-1.1866	0.008196
-1.1864	0.008224
-1.1862	0.008253
-1.1860	0.008281
-1.1858	0.008310
-1.1856	0.008339
-1.1854	0.008368
-1.1852	0.008397
-1.1850	0.008427
-1.1848	0.008456
-1.1846	0.008486
-1.1844	0.008515
-1.1842	0.008545
-1.1840	0.008575
-1.1838	0.008605
-1.1836	0.008635
-1.1834	0.008665
-1.1832	0.008696
-1.1830	0.008726
-1.1828	0.008757
-1.1826	0.008788
-1.1824	0.008819
-1.1822	0.008850
-1.1820	0.008881
-1.1818	0.008913
-1.1816	0.008944
-1.1814	0.008976
-1.1812	0.009008
-1.1810	0.009040
-1.1808	0.009072
-1.1806	0.009104
-1.1804	0.009136
-1.1802	0.009169
-1.1800	0.009201
-1.1798	0.009234
-1.1796	0.009267
-1.1794	0.009300
-1.1792	0.009333
-1.1790	0.009366
-1.1788	0.009400
-1.1786	0.009434
-1.1784	0.009467
-1.1782	0.009501
-1.1780	0.009535
-1.1778	0.009570
-1.1776	0.009604
-1.1774	0.009638
-1.1772	0.009673
-1.1770	0.009708
-1.1768	0.009743
-1.1766	0.009778
-1.1764	0.009813
-1.1762	0.009849
-1.1760	0.009884
-1.1758	0.009920
-1.1756	0.009956
-1.1754	0.009992
-1.1752	0.010029
-1.1750	0.010065
-1.1748	0.010102
-1.1746	0.010138
-1.1744	0.010175
-1.1742	0.010212
-1.1740	0.010249
-1.1738	0.010287
-1.1736	0.010324
-1.1734	0.010362
-1.1732	0.010400
-1.1730	0.010438
-1.1728	0.010476
-1.1726	0.010515
-1.1724	0.010553
-1.1722	0.010592
-1.1720	0.010631
-1.1718	0.010670
-1.1716	0.010710
-1.1714	0.010749
-1.1712	0.010789
-1.1710	0.010829
-1.1708	0.010869
-1.1706	0.010909
-1.1704	0.010949
-1.1702	0.010990
-1.1700	0.011031
-1.1698	0.011072
-1.1696	0.011113
-1.1694	0.011154
-1.1692	0.011195
-1.1690	0.011237
-1.1688	0.011279
-1.1686	0.011321
-1.1684	0.011363
-1.1682	0.011406
-1.1680	0.011449
-1.1678	0.011491
-1.1676	0.011535
-1.1674	0.011578
-1.1672	0.011621
-1.1670	0.011665
-1.1668	0.011709
-1.1666	0.011753
-1.1664	0.011797
-1.1662	0.011842
-1.1660	0.011886
-1.1658	0.011931
-1.1656	0.011976
-1.1654	0.012022
-1.1652	0.012067
-1.1650	0.012113
-1.1648	0.012159
-1.1646	0.012205
-1.1644	0.012252
-1.1642	0.012298
-1.1640	0.012345
-1.1638	0.012392
-1.1636	0.012439
-1.1634	0.012487
-1.1632	0.012535
-1.1630	0.012583
-1.1628	0.012631
-1.1626	0.012679
-1.1624	0.012728
-1.1622	0.012777
-1.1620	0.012826
-1.1618	0.012875
-1.1616	0.012925
-1.1614	0.012974
-1.1612	0.013024
-1.1610	0.013075
-1.1608	0.013125
-1.1606	0.013176
-1.1604	0.013227
-1.1602	0.013278
-1.1600	0.013330
-1.1598	0.013382
-1.1596	0.013434
-1.1594	0.013486
-1.1592	0.013538
-1.1590	0.013591
-1.1588	0.013644
-1.1586	0.013697
-1.1584	0.013751
-1.1582	0.013805
-1.1580	0.013859
-1.1578	0.013913
-1.1576	0.013968
-1.1574	0.014022
-1.1572	0.014078
-1.1570	0.014133
-1.1568	0.014189
-1.1566	0.014244
-1.1564	0.014301
-1.1562	0.014357
-1.1560	0.014414
-1.1558	0.014471
-1.1556	0.014528
-1.1554	0.014586
-1.1552	0.014644
-1.1550	0.014702
-1.1548	0.014760
-1.1546	0.014819
-1.1544	0.014878
-1.1542	0.014937
-1.1540	0.014997
-1.1538	0.015057
-1.1536	0.015117
-1.1534	0.015177
-1.1532	0.015238
-1.1530	0.015299
-1.1528	0.015361
-1.1526	0.015423
-1.1524	0.015485
-1.1522	0.015547
-1.1520	0.015610
-1.1518	0.015673
-1.1516	0.015736
-1.1514	0.015799
-1.1512	0.015863
-1.1510	0.015928
-1.1508	0.015992
-1.1506	0.016057
-1.1504	0.016122
-1.1502	0.016188
-1.1500	0.016254
-1.1498	0.016320
-1.1496	0.016386
-1.1494	0.016453
-1.1492	0.016521
-1.1490	0.016588
-1.1488	0.016656
-1.1486	0.016724
-1.1484	0.016793
-1.1482	0.016862
-1.1480	0.016931
-1.1478	0.017001
-1.1476	0.017071
-1.1474	0.017141
-1.1472	0.017212
-1.1470	0.017283
-1.1468	0.017355
-1.1466	0.017427
-1.1464	0.017499
-1.1462	0.017571
-1.1460	0.017644
-1.1458	0.017718
-1.1456	0.017791
-1.1454	0.017866
-1.1452	0.017940
-1.1450	0.018015
-1.1448	0.018090
-1.1446	0.018166
-1.1444	0.018242
-1.1442	0.018318
-1.1440	0.018395
-1.1438	0.018473
-1.1436	0.018550
-1.1434	0.018628
-1.1432	0.018707
-1.1430	0.018786
-1.1428	0.018865
-1.1426	0.018945
-1.1424	0.019025
-1.1422	0.019106
-1.1420	0.019187
-1.1418	0.019268
-1.1416	0.019350
-1.1414	0.019432
-1.1412	0.019515
-1.1410	0.019598
-1.1408	0.019682
-1.1406	0.019766
-1.1404	0.019851
-1.1402	0.019936
-1.1400	0.020021
-1.1398	0.020107
-1.1396	0.020193
-1.1394	0.020280
-1.1392	0.020368
-1.1390	0.020455
-1.1388	0.020544
-1.1386	0.020632
-1.1384	0.020722
-1.1382	0.020811
-1.1380	0.020902
-1.1378	0.020992
-1.1376	0.021083
-1.1374	0.021175
-1.1372	0.021267
-1.1370	0.021360
-1.1368	0.021453
-1.1366	0.021547
-1.1364	0.021641
-1.1362	0.021736
-1.1360	0.021831
-1.1358	0.021927
-1.1356	0.022023
-1.1354	0.022120
-1.1352	0.022217
-1.1350	0.022315
-1.1348	0.022414
-1.1346	0.022513
-1.1344	0.022612
-1.1342	0.022712
-1.1340	0.022813
-1.1338	0.022914
-1.1336	0.023016
-1.1334	0.023118
-1.1332	0.023221
-1.1330	0.023325
-1.1328	0.023429
-1.1326	0.023533
-1.1324	0.023639
-1.1322	0.023744
-1.1320	0.023851
-1.1318	0.023958
-1.1316	0.024065
-1.1314	0.024174
-1.1312	0.024283
-1.1310	0.024392
-1.1308	0.024502
-1.1306	0.024613
-1.1304	0.024724
-1.1302	0.024836
-1.1300	0.024949
-1.1298	0.025062
-1.1296	0.025176
-1.1294	0.025291
-1.1292	0.025406
-1.1290	0.025522
-1.1288	0.025638
-1.1286	0.025756
-1.1284	0.025873
-1.1282	0.025992
-1.1280	0.026111
-1.1278	0.026231
-1.1276	0.026352
-1.1274	0.026473
-1.1272	0.026595
-1.1270	0.026718
-1.1268	0.026842
-1.1266	0.026966
-1.1264	0.027091
-1.1262	0.027216
-1.1260	0.027343
-1.1258	0.027470
-1.1256	0.027598
-1.1254	0.027726
-1.1252	0.027856
-1.1250	0.027986
-1.1248	0.028117
-1.1246	0.028249
-1.1244	0.028381
-1.1242	0.028514
-1.1240	0.028648
-1.1238	0.028783
-1.1236	0.028919
-1.1234	0.029055
-1.1232	0.029193
-1.1230	0.029331
-1.1228	0.029470
-1.1226	0.029609
-1.1224	0.029750
-1.1222	0.029891
-1.1220	0.030034
-1.1218	0.030177
-1.1216	0.030321
-1.1214	0.030466
-1.1212	0.030611
-1.1210	0.030758
-1.1208	0.030906
-1.1206	0.031054
-1.1204	0.031203
-1.1202	0.031354
-1.1200	0.031505
-1.1198	0.031657
-1.1196	0.031810
-1.1194	0.031964
-1.1192	0.032119
-1.1190	0.032274
-1.1188	0.032431
-1.1186	0.032589
-1.1184	0.032748
-1.1182	0.032907
-1.1180	0.033068
-1.1178	0.033230
-1.1176	0.033392
-1.1174	0.033556
-1.1172	0.033721
-1.1170	0.033886
-1.1168	0.034053
-1.1166	0.034221
-1.1164	0.034390
-1.1162	0.034560
-1.1160	0.034731
-1.1158	0.034903
-1.1156	0.035076
-1.1154	0.035250
-1.1152	0.035425
-1.1150	0.035602
-1.1148	0.035779
-1.1146	0.035958
-1.1144	0.036138
-1.1142	0.036319
-1.1140	0.036501
-1.1138	0.036684
-1.1136	0.036868
-1.1134	0.037054
-1.1132	0.037241
-1.1130	0.037429
-1.1128	0.037618
-1.1126	0.037808
-1.1124	0.038000
-1.1122	0.038193
-1.1120	0.038387
-1.1118	0.038582
-1.1116	0.038779
-1.1114	0.038977
-1.1112	0.039176
-1.1110	0.039376
-1.1108	0.039578
-1.1106	0.039781
-1.1104	0.039985
-1.1102	0.040191
-1.1100	0.040398
-1.1098	0.040607
-1.1096	0.040816
-1.1094	0.041028
-1.1092	0.041240
-1.1090	0.041454
-1.1088	0.041669
-1.1086	0.041886
-1.1084	0.042105
-1.1082	0.042324
-1.1080	0.042545
-1.1078	0.042768
-1.1076	0.042992
-1.1074	0.043218
-1.1072	0.043445
-1.1070	0.043673
-1.1068	0.043903
-1.1066	0.044135
-1.1064	0.044368
-1.1062	0.044603
-1.1060	0.044839
-1.1058	0.045077
-1.1056	0.045317
-1.1054	0.045558
-1.1052	0.045801
-1.1050	0.046046
-1.1048	0.046292
-1.1046	0.046540
-1.1044	0.046789
-1.1042	0.047040
-1.1040	0.047293
-1.1038	0.047548
-1.1036	0.047804
-1.1034	0.048062
-1.1032	0.048322
-1.1030	0.048584
-1.1028	0.048848
-1.1026	0.049113
-1.1024	0.049380
-1.1022	0.049649
-1.1020	0.049920
-1.1018	0.050193
-1.1016	0.050468
-1.1014	0.050744
-1.1012	0.051023
-1.1010	0.051304
-1.1008	0.051586
-1.1006	0.051870
-1.1004	0.052157
-1.1002	0.052445
-1.1000	0.052736
-1.0998	0.053029
-1.0996	0.053323
-1.0994	0.053620
-1.0992	0.053919
-1.0990	0.054220
-1.0988	0.054523
-1.0986	0.054828
-1.0984	0.055135
-1.0982	0.055445
-1.0980	0.055757
-1.0978	0.056071
-1.0976	0.056387
-1.0974	0.056706
-1.0972	0.057027
-1.0970	0.057350
-1.0968	0.057676
-1.0966	0.058004
-1.0964	0.058334
-1.0962	0.058667
-1.0960	0.059002
-1.0958	0.059340
-1.0956	0.059680
-1.0954	0.060022
-1.0952	0.060367
-1.0950	0.060715
-1.0948	0.061065
-1.0946	0.061418
-1.0944	0.061773
-1.0942	0.062131
-1.0940	0.062491
-1.0938	0.062855
-1.0936	0.063221
-1.0934	0.063589
-1.0932	0.063961
-1.0930	0.064335
-1.0928	0.064712
-1.0926	0.065092
-1.0924	0.065474
-1.0922	0.065860
-1.0920	0.066248
-1.0918	0.066639
-1.0916	0.067034
-1.0914	0.067431
-1.0912	0.067831
-1.0910	0.068235
-1.0908	0.068641
-1.0906	0.069050
-1.0904	0.069463
-1.0902	0.069879
-1.0900	0.070297
-1.0898	0.070720
-1.0896	0.071145
-1.0894	0.071573
-1.0892	0.072005
-1.0890	0.072441
-1.0888	0.072879
-1.0886	0.073321
-1.0884	0.073766
-1.0882	0.074215
-1.0880	0.074668
-1.0878	0.075123
-1.0876	0.075583
-1.0874	0.076046
-1.0872	0.076512
-1.0870	0.076983
-1.0868	0.077456
-1.0866	0.077934
-1.0864	0.078415
-1.0862	0.078901
-1.0860	0.079390
-1.0858	0.079883
-1.0856	0.080379
-1.0854	0.080880
-1.0852	0.081385
-1.0850	0.081894
-1.0848	0.082406
-1.0846	0.082923
-1.0844	0.083444
-1.0842	0.083969
-1.0840	0.084499
-1.0838	0.085032
-1.0836	0.085570
-1.0834	0.086113
-1.0832	0.086659
-1.0830	0.087210
-1.0828	0.087766
-1.0826	0.088326
-1.0824	0.088891
-1.0822	0.089460
-1.0820	0.090034
-1.0818	0.090612
-1.0816	0.091196
-1.0814	0.091784
-1.0812	0.092377
-1.0810	0.092974
-1.0808	0.093577
-1.0806	0.094185
-1.0804	0.094797
-1.0802	0.095415
-1.0800	0.096038
-1.0798	0.096666
-1.0796	0.097299
-1.0794	0.097938
-1.0792	0.098582
-1.0790	0.099231
-1.0788	0.099886
-1.0786	0.100546
-1.0784	0.101212
-1.0782	0.101883
-1.0780	0.102560
-1.0778	0.103243
-1.0776	0.103931
-1.0774	0.104626
-1.0772	0.105326
-1.0770	0.106032
-1.0768	0.106744
-1.0766	0.107463
-1.0764	0.108187
-1.0762	0.108918
-1.0760	0.109655
-1.0758	0.110398
-1.0756	0.111147
-1.0754	0.111903
-1.0752	0.112666
-1.0750	0.113435
-1.0748	0.114211
-1.0746	0.114993
-1.0744	0.115783
-1.0742	0.116579
-1.0740	0.117382
-1.0738	0.118192
-1.0736	0.119009
-1.0734	0.119833
-1.0732	0.120665
-1.0730	0.121504
-1.0728	0.122350
-1.0726	0.123204
-1.0724	0.124065
-1.0722	0.124934
-1.0720	0.125810
-1.0718	0.126694
-1.0716	0.127587
-1.0714	0.128487
-1.0712	0.129395
-1.0710	0.130311
-1.0708	0.131235
-1.0706	0.132168
-1.0704	0.133108
-1.0702	0.134058
-1.0700	0.135016
-1.0698	0.135982
-1.0696	0.136957
-1.0694	0.137941
-1.0692	0.138934
-1.0690	0.139936
-1.0688	0.140947
-1.0686	0.141967
-1.0684	0.142997
-1.0682	0.144035
-1.0680	0.145084
-1.0678	0.146141
-1.0676	0.147209
-1.0674	0.148286
-1.0672	0.149373
-1.0670	0.150470
-1.0668	0.151577
-1.0666	0.152695
-1.0664	0.153823
-1.0662	0.154961
-1.0660	0.156109
-1.0658	0.157268
-1.0656	0.158438
-1.0654	0.159619
-1.0652	0.160811
-1.0650	0.162014
-1.0648	0.163228
-1.0646	0.164453
-1.0644	0.165690
-1.0642	0.166939
-1.0640	0.168199
-1.0638	0.169471
-1.0636	0.170754
-1.0634	0.172050
-1.0632	0.173359
-1.0630	0.174679
-1.0628	0.176012
-1.0626	0.177357
-1.0624	0.178716
-1.0622	0.180087
-1.0620	0.181471
-1.0618	0.182868
-1.0616	0.184278
-1.0614	0.185702
-1.0612	0.187140
-1.0610	0.188591
-1.0608	0.190056
-1.0606	0.191535
-1.0604	0.193028
-1.0602	0.194535
-1.0600	0.196057
-1.0598	0.197593
-1.0596	0.199144
-1.0594	0.200710
-1.0592	0.202291
-1.0590	0.203888
-1.0588	0.205499
-1.0586	0.207126
-1.0584	0.208769
-1.0582	0.210428
-1.0580	0.212102
-1.0578	0.213793
-1.0576	0.215500
-1.0574	0.217224
-1.0572	0.218965
-1.0570	0.220722
-1.0568	0.222496
-1.0566	0.224288
-1.0564	0.226097
-1.0562	0.227923
-1.0560	0.229767
-1.0558	0.231629
-1.0556	0.233510
-1.0554	0.235408
-1.0552	0.237325
-1.0550	0.239261
-1.0548	0.241215
-1.0546	0.243189
-1.0544	0.245182
-1.0542	0.247194
-1.0540	0.249226
-1.0538	0.251277
-1.0536	0.253349
-1.0534	0.255441
-1.0532	0.257553
-1.0530	0.259685
-1.0528	0.261839
-1.0526	0.264013
-1.0524	0.266209
-1.0522	0.268426
-1.0520	0.270665
-1.0518	0.272925
-1.0516	0.275208
-1.0514	0.277513
-1.0512	0.279840
-1.0510	0.282189
-1.0508	0.284562
-1.0506	0.286957
-1.0504	0.289376
-1.0502	0.291818
-1.0500	0.294284
-1.0498	0.296774
-1.0496	0.299288
-1.0494	0.301826
-1.0492	0.304388
-1.0490	0.306976
-1.0488	0.309588
-1.0486	0.312225
-1.0484	0.314888
-1.0482	0.317576
-1.0480	0.320290
-1.0478	0.323030
-1.0476	0.325796
-1.0474	0.328588
-1.0472	0.331407
-1.0470	0.334252
-1.0468	0.337125
-1.0466	0.340025
-1.0464	0.342952
-1.0462	0.345906
-1.0460	0.348889
-1.0458	0.351899
-1.0456	0.354938
-1.0454	0.358004
-1.0452	0.361100
-1.0450	0.364224
-1.0448	0.367376
-1.0446	0.370558
-1.0444	0.373769
-1.0442	0.377010
-1.0440	0.380280
-1.0438	0.383579
-1.0436	0.386909
-1.0434	0.390268
-1.0432	0.393658
-1.0430	0.397078
-1.0428	0.400528
-1.0426	0.404009
-1.0424	0.407521
-1.0422	0.411063
-1.0420	0.414637
-1.0418	0.418241
-1.0416	0.421876
-1.0414	0.425543
-1.0412	0.429241
-1.0410	0.432971
-1.0408	0.436731
-1.0406	0.440524
-1.0404	0.444348
-1.0402	0.448203
-1.0400	0.452090
-1.0398	0.456009
-1.0396	0.459959
-1.0394	0.463941
-1.0392	0.467955
-1.0390	0.472000
-1.0388	0.476077
-1.0386	0.480186
-1.0384	0.484326
-1.0382	0.488497
-1.0380	0.492699
-1.0378	0.496933
-1.0376	0.501198
-1.0374	0.505494
-1.0372	0.509820
-1.0370	0.514178
-1.0368	0.518565
-1.0366	0.522983
-1.0364	0.527431
-1.0362	0.531909
-1.0360	0.536416
-1.0358	0.540953
-1.0356	0.545518
-1.0354	0.550112
-1.0352	0.554735
-1.0350	0.559385
-1.0348	0.564063
-1.0346	0.568769
-1.0344	0.573501
-1.0342	0.578259
-1.0340	0.583043
-1.0338	0.587852
-1.0336	0.592687
-1.0334	0.597545
-1.0332	0.602428
-1.0330	0.607333
-1.0328	0.612261
-1.0326	0.617211
-1.0324	0.622182
-1.0322	0.627173
-1.0320	0.632184
-1.0318	0.637214
-1.0316	0.642263
-1.0314	0.647328
-1.0312	0.652410
-1.0310	0.657508
-1.0308	0.662620
-1.0306	0.667746
-1.0304	0.672885
-1.0302	0.678036
-1.0300	0.683197
-1.0298	0.688368
-1.0296	0.693547
-1.0294	0.698734
-1.0292	0.703928
-1.0290	0.709126
-1.0288	0.714328
-1.0286	0.719533
-1.0284	0.724739
-1.0282	0.729944
-1.0280	0.735149
-1.0278	0.740351
-1.0276	0.745548
-1.0274	0.750740
-1.0272	0.755925
-1.0270	0.761101
-1.0268	0.766267
-1.0266	0.771421
-1.0264	0.776562
-1.0262	0.781688
-1.0260	0.786797
-1.0258	0.791888
-1.0256	0.796960
-1.0254	0.802009
-1.0252	0.807035
-1.0250	0.812037
-1.0248	0.817011
-1.0246	0.821956
-1.0244	0.826871
-1.0242	0.831754
-1.0240	0.836602
-1.0238	0.841414
-1.0236	0.846189
-1.0234	0.850923
-1.0232	0.855616
-1.0230	0.860265
-1.0228	0.864869
-1.0226	0.869425
-1.0224	0.873932
-1.0222	0.878387
-1.0220	0.882790
-1.0218	0.887137
-1.0216	0.891428
-1.0214	0.895659
-1.0212	0.899830
-1.0210	0.903939
-1.0208	0.907982
-1.0206	0.911960
-1.0204	0.915869
-1.0202	0.919709
-1.0200	0.923477
-1.0198	0.927171
-1.0196	0.930790
-1.0194	0.934333
-1.0192	0.937796
-1.0190	0.941180
-1.0188	0.944482
-1.0186	0.947700
-1.0184	0.950834
-1.0182	0.953881
-1.0180	0.956841
-1.0178	0.959712
-1.0176	0.962492
-1.0174	0.965180
-1.0172	0.967775
-1.0170	0.970276
-1.0168	0.972682
-1.0166	0.974991
-1.0164	0.977203
-1.0162	0.979317
-1.0160	0.981331
-1.0158	0.983245
-1.0156	0.985058
-1.0154	0.986769
-1.0152	0.988378
-1.0150	0.989885
-1.0148	0.991288
-1.0146	0.992587
-1.0144	0.993781
-1.0142	0.994872
-1.0140	0.995857
-1.0138	0.996737
-1.0136	0.997513
-1.0134	0.998183
-1.0132	0.998747
-1.0130	0.999207
-1.0128	0.999562
-1.0126	0.999812
-1.0124	0.999958
-1.0122	0.999999
-1.0120	0.999937
-1.0118	0.999772
-1.0116	0.999504
-1.0114	0.999134
-1.0112	0.998662
-1.0110	0.998090
-1.0108	0.997418
-1.0106	0.996647
-1.0104	0.995777
-1.0102	0.994811
-1.0100	0.993748
-1.0098	0.992590
-1.0096	0.991337
-1.0094	0.989992
-1.0092	0.988555
-1.0090	0.987027
-1.0088	0.985410
-1.0086	0.983704
-1.0084	0.981913
-1.0082	0.980035
-1.0080	0.978074
-1.0078	0.976031
-1.0076	0.973906
-1.0074	0.971702
-1.0072	0.969421
-1.0070	0.967062
-1.0068	0.964629
-1.0066	0.962123
-1.0064	0.959545
-1.0062	0.956897
-1.0060	0.954181
-1.0058	0.951398
-1.0056	0.948550
-1.0054	0.945639
-1.0052	0.942666
-1.0050	0.939633
-1.0048	0.936541
-1.0046	0.933393
-1.0044	0.930190
-1.0042	0.926934
-1.0040	0.923627
-1.0038	0.920269
-1.0036	0.916864
-1.0034	0.913411
-1.0032	0.909914
-1.0030	0.906374
-1.0028	0.902792
-1.0026	0.899170
-1.0024	0.895510
-1.0022	0.891813
-1.0020	0.888081
-1.0018	0.884315
-1.0016	0.880518
-1.0014	0.876689
-1.0012	0.872832
-1.0010	0.868947
-1.0008	0.865036
-1.0006	0.861101
-1.0004	0.857142
-1.0002	0.853162
-1.0000	0.849161
-0.9998	0.845141
-0.9996	0.841103
-0.9994	0.837049
-0.9992	0.832980
-0.9990	0.828897
-0.9988	0.824802
-0.9986	0.820695
-0.9984	0.816578
-0.9982	0.812452
-0.9980	0.808318
-0.9978	0.804177
-0.9976	0.800031
-0.9974	0.795880
-0.9972	0.791725
-0.9970	0.787568
-0.9968	0.783409
-0.9966	0.779250
-0.9964	0.775091
-0.9962	0.770933
-0.9960	0.766777
-0.9958	0.762624
-0.9956	0.758475
-0.9954	0.754330
-0.9952	0.750191
-0.9950	0.746058
-0.9948	0.741931
-0.9946	0.737813
-0.9944	0.733703
-0.9942	0.729601
-0.9940	0.725509
-0.9938	0.721428
-0.9936	0.717357
-0.9934	0.713298
-0.9932	0.709251
-0.9930	0.705216
-0.9928	0.701194
-0.9926	0.697186
-0.9924	0.693192
-0.9922	0.689213
-0.9920	0.685248
-0.9918	0.681299
-0.9916	0.677366
-0.9914	0.673448
-0.9912	0.669548
-0.9910	0.665664
-0.9908	0.661798
-0.9906	0.657949
-0.9904	0.654118
-0.9902	0.650305
-0.9900	0.646511
-0.9898	0.642735
-0.9896	0.638978
-0.9894	0.635241
-0.9892	0.631523
-0.9890	0.627825
-0.9888	0.624147
-0.9886	0.620488
-0.9884	0.616850
-0.9882	0.613233
-0.9880	0.609636
-0.9878	0.606059
-0.9876	0.602504
-0.9874	0.598969
-0.9872	0.595456
-0.9870	0.591963
-0.9868	0.588492
-0.9866	0.585042
-0.9864	0.581614
-0.9862	0.578206
-0.9860	0.574821
-0.9858	0.571457
-0.9856	0.568115
-0.9854	0.564794
-0.9852	0.561495
-0.9850	0.558217
-0.9848	0.554962
-0.9846	0.551728
-0.9844	0.548515
-0.9842	0.545325
-0.9840	0.542155
-0.9838	0.539008
-0.9836	0.535882
-0.9834	0.532778
-0.9832	0.529695
-0.9830	0.526634
-0.9828	0.523595
-0.9826	0.520576
-0.9824	0.517580
-0.9822	0.514604
-0.9820	0.511650
-0.9818	0.508716
-0.9816	0.505804
-0.9814	0.502913
-0.9812	0.500043
-0.9810	0.497194
-0.9808	0.494366
-0.9806	0.491558
-0.9804	0.488771
-0.9802	0.486004
-0.9800	0.483258
-0.9798	0.480532
-0.9796	0.477827
-0.9794	0.475142
-0.9792	0.472476
-0.9790	0.469831
-0.9788	0.467205
-0.9786	0.464599
-0.9784	0.462013
-0.9782	0.459447
-0.9780	0.456899
-0.9778	0.454371
-0.9776	0.451862
-0.9774	0.449373
-0.9772	0.446902
-0.9770	0.444450
-0.9768	0.442016
-0.9766	0.439602
-0.9764	0.437205
-0.9762	0.434828
-0.9760	0.432468
-0.9758	0.430126
-0.9756	0.427803
-0.9754	0.425497
-0.9752	0.423209
-0.9750	0.420939
-0.9748	0.418686
-0.9746	0.416450
-0.9744	0.414232
-0.9742	0.412031
-0.9740	0.409846
-0.9738	0.407679
-0.9736	0.405529
-0.9734	0.403395
-0.9732	0.401277
-0.9730	0.399176
-0.9728	0.397091
-0.9726	0.395023
-0.9724	0.392970
-0.9722	0.390933
-0.9720	0.388912
-0.9718	0.386907
-0.9716	0.384917
-0.9714	0.382942
-0.9712	0.380983
-0.9710	0.379039
-0.9708	0.377110
-0.9706	0.375196
-0.9704	0.373296
-0.9702	0.371412
-0.9700	0.369542
-0.9698	0.367686
-0.9696	0.365845
-0.9694	0.364018
-0.9692	0.362204
-0.9690	0.360405
-0.9688	0.358620
-0.9686	0.356849
-0.9684	0.355091
-0.9682	0.353346
-0.9680	0.351615
-0.9678	0.349898
-0.9676	0.348193
-0.9674	0.346502
-0.9672	0.344823
-0.9670	0.343158
-0.9668	0.341505
-0.9666	0.339865
-0.9664	0.338237
-0.9662	0.336622
-0.9660	0.335019
-0.9658	0.333428
-0.9656	0.331849
-0.9654	0.330283
-0.9652	0.328728
-0.9650	0.327185
-0.9648	0.325654
-0.9646	0.324134
-0.9644	0.322626
-0.9642	0.321129
-0.9640	0.319644
-0.9638	0.318169
-0.9636	0.316706
-0.9634	0.315254
-0.9632	0.313813
-0.9630	0.312382
-0.9628	0.310963
-0.9626	0.309554
-0.9624	0.308155
-0.9622	0.306767
-0.9620	0.305390
-0.9618	0.304022
-0.9616	0.302665
-0.9614	0.301318
-0.9612	0.299981
-0.9610	0.298654
-0.9608	0.297336
-0.9606	0.296029
-0.9604	0.294731
-0.9602	0.293443
-0.9600	0.292164
-0.9598	0.290894
-0.9596	0.289634
-0.9594	0.288383
-0.9592	0.287142
-0.9590	0.285909
-0.9588	0.284686
-0.9586	0.283471
-0.9584	0.282265
-0.9582	0.281068
-0.9580	0.279880
-0.9578	0.278700
-0.9576	0.277529
-0.9574	0.276367
-0.9572	0.275213
-0.9570	0.274067
-0.9568	0.272929
-0.9566	0.271800
-0.9564	0.270679
-0.9562	0.269565
-0.9560	0.268460
-0.9558	0.267363
-0.9556	0.266273
-0.9554	0.265192
-0.9552	0.264118
-0.9550	0.263051
-0.9548	0.261993
-0.9546	0.260941
-0.9544	0.259898
-0.9542	0.258861
-0.9540	0.257832
-0.9538	0.256810
-0.9536	0.255796
-0.9534	0.254788
-0.9532	0.253788
-0.9530	0.252795
-0.9528	0.251808
-0.9526	0.250829
-0.9524	0.249856
-0.9522	0.248890
-0.9520	0.247931
-0.9518	0.246978
-0.9516	0.246032
-0.9514	0.245093
-0.9512	0.244160
-0.9510	0.243234
-0.9508	0.242314
-0.9506	0.241400
-0.9504	0.240493
-0.9502	0.239591
-0.9500	0.238696
-0.9498	0.237808
-0.9496	0.236925
-0.9494	0.236048
-0.9492	0.235177
-0.9490	0.234312
-0.9488	0.233453
-0.9486	0.232600
-0.9484	0.231752
-0.9482	0.230911
-0.9480	0.230075
-0.9478	0.229244
-0.9476	0.228420
-0.9474	0.227600
-0.9472	0.226786
-0.9470	0.225978
-0.9468	0.225175
-0.9466	0.224378
-0.9464	0.223585
-0.9462	0.222798
-0.9460	0.222017
-0.9458	0.221240
-0.9456	0.220468
-0.9454	0.219702
-0.9452	0.218941
-0.9450	0.218185
-0.9448	0.217433
-0.9446	0.216687
-0.9444	0.215945
-0.9442	0.215209
-0.9440	0.214477
-0.9438	0.213750
-0.9436	0.213028
-0.9434	0.212310
-0.9432	0.211597
-0.9430	0.210889
-0.9428	0.210185
-0.9426	0.209486
-0.9424	0.208791
-0.9422	0.208101
-0.9420	0.207415
-0.9418	0.206734
-0.9416	0.206057
-0.9414	0.205384
-0.9412	0.204716
-0.9410	0.204052
-0.9408	0.203392
-0.9406	0.202736
-0.9404	0.202085
-0.9402	0.201438
-0.9400	0.200794
-0.9398	0.200155
-0.9396	0.199520
-0.9394	0.198889
-0.9392	0.198262
-0.9390	0.197639
-0.9388	0.197019
-0.9386	0.196404
-0.9384	0.195792
-0.9382	0.195185
-0.9380	0.194581
-0.9378	0.193981
-0.9376	0.193384
-0.9374	0.192791
-0.9372	0.192202
-0.9370	0.191617
-0.9368	0.191035
-0.9366	0.190457
-0.9364	0.189882
-0.9362	0.189311
-0.9360	0.188744
-0.9358	0.188179
-0.9356	0.187619
-0.9354	0.187061
-0.9352	0.186508
-0.9350	0.185957
-0.9348	0.185410
-0.9346	0.184866
-0.9344	0.184326
-0.9342	0.183789
-0.9340	0.183255
-0.9338	0.182724
-0.9336	0.182196
-0.9334	0.181672
-0.9332	0.181151
-0.9330	0.180633
-0.9328	0.180118
-0.9326	0.179606
-0.9324	0.179097
-0.9322	0.178592
-0.9320	0.178089
-0.9318	0.177589
-0.9316	0.177092
-0.9314	0.176599
-0.9312	0.176108
-0.9310	0.175620
-0.9308	0.175135
-0.9306	0.174652
-0.9304	0.174173
-0.9302	0.173696
-0.9300	0.173223
-0.9298	0.172752
-0.9296	0.172284
-0.9294	0.171818
-0.9292	0.171355
-0.9290	0.170895
-0.9288	0.170438
-0.9286	0.169983
-0.9284	0.169531
-0.9282	0.169082
-0.9280	0.168635
-0.9278	0.168191
-0.9276	0.167749
-0.9274	0.167310
-0.9272	0.166873
-0.9270	0.166439
-0.9268	0.166008
-0.9266	0.165579
-0.9264	0.165152
-0.9262	0.164728
-0.9260	0.164306
-0.9258	0.163887
-0.9256	0.163470
-0.9254	0.163055
-0.9252	0.162643
-0.9250	0.162233
-0.9248	0.161826
-0.9246	0.161421
-0.9244	0.161018
-0.9242	0.160617
-0.9240	0.160219
-0.9238	0.159822
-0.9236	0.159429
-0.9234	0.159037
-0.9232	0.158647
-0.9230	0.158260
-0.9228	0.157875
-0.9226	0.157492
-0.9224	0.157111
-0.9222	0.156732
-0.9220	0.156356
-0.9218	0.155981
-0.9216	0.155609
-0.9214	0.155239
-0.9212	0.154870
-0.9210	0.154504
-0.9208	0.154140
-0.9206	0.153778
-0.9204	0.153417
-0.9202	0.153059
-0.9200	0.152703
-0.9198	0.152349
-0.9196	0.151996
-0.9194	0.151646
-0.9192	0.151297
-0.9190	0.150951
-0.9188	0.150606
-0.9186	0.150263
-0.9184	0.149923
-0.9182	0.149583
-0.9180	0.149246
-0.9178	0.148911
-0.9176	0.148577
-0.9174	0.148246
-0.9172	0.147916
-0.9170	0.147588
-0.9168	0.147261
-0.9166	0.146937
-0.9164	0.146614
-0.9162	0.146293
-0.9160	0.145973
-0.9158	0.145655
-0.9156	0.145339
-0.9154	0.145025
-0.9152	0.144713
-0.9150	0.144402
-0.9148	0.144092
-0.9146	0.143785
-0.9144	0.143479
-0.9142	0.143175
-0.9140	0.142872
-0.9138	0.142571
-0.9136	0.142271
-0.9134	0.141973
-0.9132	0.141677
-0.9130	0.141382
-0.9128	0.141089
-0.9126	0.140798
-0.9124	0.140507
-0.9122	0.140219
-0.9120	0.139932
-0.9118	0.139646
-0.9116	0.139362
-0.9114	0.139080
-0.9112	0.138799
-0.9110	0.138519
-0.9108	0.138241
-0.9106	0.137965
-0.9104	0.137689
-0.9102	0.137416
-0.9100	0.137143
-0.9098	0.136872
-0.9096	0.136603
-0.9094	0.136335
-0.9092	0.136068
-0.9090	0.135803
-0.9088	0.135539
-0.9086	0.135276
-0.9084	0.135015
-0.9082	0.134755
-0.9080	0.134497
-0.9078	0.134240
-0.9076	0.133984
-0.9074	0.133729
-0.9072	0.133476
-0.9070	0.133224
-0.9068	0.132974
-0.9066	0.132725
-0.9064	0.132477
-0.9062	0.132230
-0.9060	0.131984
-0.9058	0.131740
-0.9056	0.131497
-0.9054	0.131255
-0.9052	0.131015
-0.9050	0.130776
-0.9048	0.130538
-0.9046	0.130301
-0.9044	0.130065
-0.9042	0.129831
-0.9040	0.129598
-0.9038	0.129366
-0.9036	0.129135
-0.9034	0.128905
-0.9032	0.128677
-0.9030	0.128450
-0.9028	0.128223
-0.9026	0.127998
-0.9024	0.127775
-0.9022	0.127552
-0.9020	0.127330
-0.9018	0.127110
-0.9016	0.126890
-0.9014	0.126672
-0.9012	0.126455
-0.9010	0.126239
-0.9008	0.126024
-0.9006	0.125810
-0.9004	0.125597
-0.9002	0.125386
-0.9000	0.125175
-0.8998	0.124965
-0.8996	0.124757
-0.8994	0.124549
-0.8992	0.124343
-0.8990	0.124137
-0.8988	0.123933
-0.8986	0.123730
-0.8984	0.123527
-0.8982	0.123326
-0.8980	0.123126
-0.8978	0.122926
-0.8976	0.122728
-0.8974	0.122531
-0.8972	0.122334
-0.8970	0.122139
-0.8968	0.121944
-0.8966	0.121751
-0.8964	0.121559
-0.8962	0.121367
-0.8960	0.121176
-0.8958	0.120987
-0.8956	0.120798
-0.8954	0.120610
-0.8952	0.120424
-0.8950	0.120238
-0.8948	0.120053
-0.8946	0.119869
-0.8944	0.119686
-0.8942	0.119504
-0.8940	0.119322
-0.8938	0.119142
-0.8936	0.118962
-0.8934	0.118784
-0.8932	0.118606
-0.8930	0.118429
-0.8928	0.118253
-0.8926	0.118078
-0.8924	0.117904
-0.8922	0.117731
-0.8920	0.117558
-0.8918	0.117387
-0.8916	0.117216
-0.8914	0.117046
-0.8912	0.116877
-0.8910	0.116708
-0.8908	0.116541
-0.8906	0.116374
-0.8904	0.116209
-0.8902	0.116044
-0.8900	0.115880
-0.8898	0.115716
-0.8896	0.115554
-0.8894	0.115392
-0.8892	0.115231
-0.8890	0.115071
-0.8888	0.114912
-0.8886	0.114753
-0.8884	0.114595
-0.8882	0.114438
-0.8880	0.114282
-0.8878	0.114126
-0.8876	0.113972
-0.8874	0.113818
-0.8872	0.113665
-0.8870	0.113512
-0.8868	0.113361
-0.8866	0.113210
-0.8864	0.113060
-0.8862	0.112910
-0.8860	0.112761
-0.8858	0.112613
-0.8856	0.112466
-0.8854	0.112320
-0.8852	0.112174
-0.8850	0.112029
-0.8848	0.111885
-0.8846	0.111741
-0.8844	0.111598
-0.8842	0.111456
-0.8840	0.111314
-0.8838	0.111174
-0.8836	0.111033
-0.8834	0.110894
-0.8832	0.110755
-0.8830	0.110617
-0.8828	0.110480
-0.8826	0.110343
-0.8824	0.110207
-0.8822	0.110072
-0.8820	0.109937
-0.8818	0.109803
-0.8816	0.109670
-0.8814	0.109537
-0.8812	0.109405
-0.8810	0.109274
-0.8808	0.109143
-0.8806	0.109013
-0.8804	0.108884
-0.8802	0.108755
-0.8800	0.108627
-0.8798	0.108499
-0.8796	0.108372
-0.8794	0.108246
-0.8792	0.108120
-0.8790	0.107995
-0.8788	0.107871
-0.8786	0.107747
-0.8784	0.107624
-0.8782	0.107502
-0.8780	0.107380
-0.8778	0.107258
-0.8776	0.107138
-0.8774	0.107018
-0.8772	0.106898
-0.8770	0.106779
-0.8768	0.106661
-0.8766	0.106543
-0.8764	0.106426
-0.8762	0.106310
-0.8760	0.106194
-0.8758	0.106078
-0.8756	0.105963
-0.8754	0.105849
-0.8752	0.105736
-0.8750	0.105623
-0.8748	0.105510
-0.8746	0.105398
-0.8744	0.105287
-0.8742	0.105176
-0.8740	0.105066
-0.8738	0.104956
-0.8736	0.104847
-0.8734	0.104738
-0.8732	0.104630
-0.8730	0.104523
-0.8728	0.104416
-0.8726	0.104309
-0.8724	0.104203
-0.8722	0.104098
-0.8720	0.103993
-0.8718	0.103889
-0.8716	0.103785
-0.8714	0.103682
-0.8712	0.103580
-0.8710	0.103477
-0.8708	0.103376
-0.8706	0.103275
-0.8704	0.103174
-0.8702	0.103074
-0.8700	0.102974
-0.8698	0.102875
-0.8696	0.102777
-0.8694	0.102679
-0.8692	0.102581
-0.8690	0.102484
-0.8688	0.102388
-0.8686	0.102292
-0.8684	0.102196
-0.8682	0.102101
-0.8680	0.102007
-0.8678	0.101913
-0.8676	0.101819
-0.8674	0.101726
-0.8672	0.101633
-0.8670	0.101541
-0.8668	0.101450
-0.8666	0.101359
-0.8664	0.101268
-0.8662	0.101178
-0.8660	0.101088
-0.8658	0.100999
-0.8656	0.100910
-0.8654	0.100822
-0.8652	0.100734
-0.8650	0.100646
-0.8648	0.100560
-0.8646	0.100473
-0.8644	0.100387
-0.8642	0.100302
-0.8640	0.100217
-0.8638	0.100132
-0.8636	0.100048
-0.8634	0.099964
-0.8632	0.099881
-0.8630	0.099798
-0.8628	0.099716
-0.8626	0.099634
-0.8624	0.099552
-0.8622	0.099471
-0.8620	0.099391
-0.8618	0.099310
-0.8616	0.099231
-0.8614	0.099151
-0.8612	0.099073
-0.8610	0.098994
-0.8608	0.098916
-0.8606	0.098838
-0.8604	0.098761
-0.8602	0.098685
-0.8600	0.098608
-0.8598	0.098532
-0.8596	0.098457
-0.8594	0.098382
-0.8592	0.098307
-0.8590	0.098233
-0.8588	0.098159
-0.8586	0.098086
-0.8584	0.098013
-0.8582	0.097940
-0.8580	0.097868
-0.8578	0.097797
-0.8576	0.097725
-0.8574	0.097654
-0.8572	0.097584
-0.8570	0.097514
-0.8568	0.097444
-0.8566	0.097375
-0.8564	0.097306
-0.8562	0.097237
-0.8560	0.097169
-0.8558	0.097101
-0.8556	0.097034
-0.8554	0.096967
-0.8552	0.096900
-0.8550	0.096834
-0.8548	0.096768
-0.8546	0.096703
-0.8544	0.096638
-0.8542	0.096573
-0.8540	0.096509
-0.8538	0.096445
-0.8536	0.096382
-0.8534	0.096318
-0.8532	0.096256
-0.8530	0.096193
-0.8528	0.096131
-0.8526	0.096070
-0.8524	0.096008
-0.8522	0.095947
-0.8520	0.095887
-0.8518	0.095827
-0.8516	0.095767
-0.8514	0.095708
-0.8512	0.095649
-0.8510	0.095590
-0.8508	0.095532
-0.8506	0.095474
-0.8504	0.095416
-0.8502	0.095359
-0.8500	0.095302
-0.8498	0.095245
-0.8496	0.095189
-0.8494	0.095133
-0.8492	0.095078
-0.8490	0.095023
-0.8488	0.094968
-0.8486	0.094913
-0.8484	0.094859
-0.8482	0.094806
-0.8480	0.094752
-0.8478	0.094699
-0.8476	0.094647
-0.8474	0.094594
-0.8472	0.094542
-0.8470	0.094491
-0.8468	0.094439
-0.8466	0.094388
-0.8464	0.094338
-0.8462	0.094287
-0.8460	0.094237
-0.8458	0.094188
-0.8456	0.094139
-0.8454	0.094090
-0.8452	0.094041
-0.8450	0.093993
-0.8448	0.093945
-0.8446	0.093897
-0.8444	0.093850
-0.8442	0.093803
-0.8440	0.093756
-0.8438	0.093710
-0.8436	0.093664
-0.8434	0.093618
-0.8432	0.093573
-0.8430	0.093528
-0.8428	0.093483
-0.8426	0.093439
-0.8424	0.093395
-0.8422	0.093351
-0.8420	0.093308
-0.8418	0.093264
-0.8416	0.093222
-0.8414	0.093179
-0.8412	0.093137
-0.8410	0.093095
-0.8408	0.093054
-0.8406	0.093012
-0.8404	0.092972
-0.8402	0.092931
-0.8400	0.092891
-0.8398	0.092851
-0.8396	0.092811
-0.8394	0.092772
-0.8392	0.092733
-0.8390	0.092694
-0.8388	0.092656
-0.8386	0.092617
-0.8384	0.092580
-0.8382	0.092542
-0.8380	0.092505
-0.8378	0.092468
-0.8376	0.092431
-0.8374	0.092395
-0.8372	0.092359
-0.8370	0.092323
-0.8368	0.092288
-0.8366	0.092253
-0.8364	0.092218
-0.8362	0.092183
-0.8360	0.092149
-0.8358	0.092115
-0.8356	0.092082
-0.8354	0.092048
-0.8352	0.092015
-0.8350	0.091982
-0.8348	0.091950
-0.8346	0.091918
-0.8344	0.091886
-0.8342	0.091854
-0.8340	0.091823
-0.8338	0.091792
-0.8336	0.091761
-0.8334	0.091731
-0.8332	0.091701
-0.8330	0.091671
-0.8328	0.091641
-0.8326	0.091612
-0.8324	0.091583
-0.8322	0.091554
-0.8320	0.091526
-0.8318	0.091498
-0.8316	0.091470
-0.8314	0.091442
-0.8312	0.091415
-0.8310	0.091388
-0.8308	0.091361
-0.8306	0.091334
-0.8304	0.091308
-0.8302	0.091282
-0.8300	0.091257
-0.8298	0.091231
-0.8296	0.091206
-0.8294	0.091181
-0.8292	0.091157
-0.8290	0.091132
-0.8288	0.091108
-0.8286	0.091085
-0.8284	0.091061
-0.8282	0.091038
-0.8280	0.091015
-0.8278	0.090992
-0.8276	0.090970
-0.8274	0.090948
-0.8272	0.090926
-0.8270	0.090904
-0.8268	0.090883
-0.8266	0.090862
-0.8264	0.090841
-0.8262	0.090821
-0.8260	0.090801
-0.8258	0.090781
-0.8256	0.090761
-0.8254	0.090741
-0.8252	0.090722
-0.8250	0.090703
-0.8248	0.090685
-0.8246	0.090666
-0.8244	0.090648
-0.8242	0.090630
-0.8240	0.090613
-0.8238	0.090595
-0.8236	0.090578
-0.8234	0.090562
-0.8232	0.090545
-0.8230	0.090529
-0.8228	0.090513
-0.8226	0.090497
-0.8224	0.090481
-0.8222	0.090466
-0.8220	0.090451
-0.8218	0.090436
-0.8216	0.090422
-0.8214	0.090408
-0.8212	0.090394
-0.8210	0.090380
-0.8208	0.090366
-0.8206	0.090353
-0.8204	0.090340
-0.8202	0.090327
-0.8200	0.090315
-0.8198	0.090303
-0.8196	0.090291
-0.8194	0.090279
-0.8192	0.090268
-0.8190	0.090257
-0.8188	0.090246
-0.8186	0.090235
-0.8184	0.090224
-0.8182	0.090214
-0.8180	0.090204
-0.8178	0.090195
-0.8176	0.090185
-0.8174	0.090176
-0.8172	0.090167
-0.8170	0.090158
-0.8168	0.090150
-0.8166	0.090142
-0.8164	0.090134
-0.8162	0.090126
-0.8160	0.090119
-0.8158	0.090111
-0.8156	0.090104
-0.8154	0.090098
-0.8152	0.090091
-0.8150	0.090085
-0.8148	0.090079
-0.8146	0.090073
-0.8144	0.090068
-0.8142	0.090063
-0.8140	0.090058
-0.8138	0.090053
-0.8136	0.090048
-0.8134	0.090044
-0.8132	0.090040
-0.8130	0.090036
-0.8128	0.090033
-0.8126	0.090029
-0.8124	0.090026
-0.8122	0.090024
-0.8120	0.090021
-0.8118	0.090019
-0.8116	0.090017
-0.8114	0.090015
-0.8112	0.090013
-0.8110	0.090012
-0.8108	0.090011
-0.8106	0.090010
-0.8104	0.090009
-0.8102	0.090009
-0.8100	0.090008
-0.8098	0.090008
-0.8096	0.090009
-0.8094	0.090009
-0.8092	0.090010
-0.8090	0.090011
-0.8088	0.090012
-0.8086	0.090014
-0.8084	0.090016
-0.8082	0.090018
-0.8080	0.090020
-0.8078	0.090022
-0.8076	0.090025
-0.8074	0.090028
-0.8072	0.090031
-0.8070	0.090034
-0.8068	0.090038
-0.8066	0.090042
-0.8064	0.090046
-0.8062	0.090050
-0.8060	0.090055
-0.8058	0.090060
-0.8056	0.090065
-0.8054	0.090070
-0.8052	0.090075
-0.8050	0.090081
-0.8048	0.090087
-0.8046	0.090093
-0.8044	0.090100
-0.8042	0.090106
-0.8040	0.090113
-0.8038	0.090120
-0.8036	0.090128
-0.8034	0.090135
-0.8032	0.090143
-0.8030	0.090151
-0.8028	0.090160
-0.8026	0.090168
-0.8024	0.090177
-0.8022	0.090186
-0.8020	0.090195
-0.8018	0.090205
-0.8016	0.090214
-0.8014	0.090224
-0.8012	0.090235
-0.8010	0.090245
-0.8008	0.090256
-0.8006	0.090266
-0.8004	0.090278
-0.8002	0.090289
-0.8000	0.090300
-0.7998	0.090312
-0.7996	0.090324
-0.7994	0.090337
-0.7992	0.090349
-0.7990	0.090362
-0.7988	0.090375
-0.7986	0.090388
-0.7984	0.090401
-0.7982	0.090415
-0.7980	0.090429
-0.7978	0.090443
-0.7976	0.090457
-0.7974	0.090472
-0.7972	0.090487
-0.7970	0.090502
-0.7968	0.090517
-0.7966	0.090532
-0.7964	0.090548
-0.7962	0.090564
-0.7960	0.090580
-0.7958	0.090597
-0.7956	0.090613
-0.7954	0.090630
-0.7952	0.090647
-0.7950	0.090665
-0.7948	0.090682
-0.7946	0.090700
-0.7944	0.090718
-0.7942	0.090736
-0.7940	0.090755
-0.7938	0.090774
-0.7936	0.090792
-0.7934	0.090812
-0.7932	0.090831
-0.7930	0.090851
-0.7928	0.090871
-0.7926	0.090891
-0.7924	0.090911
-0.7922	0.090932
-0.7920	0.090952
-0.7918	0.090973
-0.7916	0.090995
-0.7914	0.091016
-0.7912	0.091038
-0.7910	0.091060
-0.7908	0.091082
-0.7906	0.091104
-0.7904	0.091127
-0.7902	0.091150
-0.7900	0.091173
-0.7898	0.091196
-0.7896	0.091220
-0.7894	0.091244
-0.7892	0.091268
-0.7890	0.091292
-0.7888	0.091316
-0.7886	0.091341
-0.7884	0.091366
-0.7882	0.091391
-0.7880	0.091417
-0.7878	0.091442
-0.7876	0.091468
-0.7874	0.091494
-0.7872	0.091521
-0.7870	0.091547
-0.7868	0.091574
-0.7866	0.091601
-0.7864	0.091628
-0.7862	0.091656
-0.7860	0.091684
-0.7858	0.091712
-0.7856	0.091740
-0.7854	0.091768
-0.7852	0.091797
-0.7850	0.091826
-0.7848	0.091855
-0.7846	0.091884
-0.7844	0.091914
-0.7842	0.091944
-0.7840	0.091974
-0.7838	0.092004
-0.7836	0.092035
-0.7834	0.092065
-0.7832	0.092096
-0.7830	0.092128
-0.7828	0.092159
-0.7826	0.092191
-0.7824	0.092223
-0.7822	0.092255
-0.7820	0.092287
-0.7818	0.092320
-0.7816	0.092353
-0.7814	0.092386
-0.7812	0.092419
-0.7810	0.092453
-0.7808	0.092487
-0.7806	0.092521
-0.7804	0.092555
-0.7802	0.092589
-0.7800	0.092624
-0.7798	0.092659
-0.7796	0.092694
-0.7794	0.092730
-0.7792	0.092766
-0.7790	0.092801
-0.7788	0.092838
-0.7786	0.092874
-0.7784	0.092911
-0.7782	0.092948
-0.7780	0.092985
-0.7778	0.093022
-0.7776	0.093060
-0.7774	0.093097
-0.7772	0.093136
-0.7770	0.093174
-0.7768	0.093212
-0.7766	0.093251
-0.7764	0.093290
-0.7762	0.093329
-0.7760	0.093369
-0.7758	0.093409
-0.7756	0.093449
-0.7754	0.093489
-0.7752	0.093529
-0.7750	0.093570
-0.7748	0.093611
-0.7746	0.093652
-0.7744	0.093694
-0.7742	0.093735
-0.7740	0.093777
-0.7738	0.093819
-0.7736	0.093862
-0.7734	0.093905
-0.7732	0.093947
-0.7730	0.093991
-0.7728	0.094034
-0.7726	0.094078
-0.7724	0.094121
-0.7722	0.094165
-0.7720	0.094210
-0.7718	0.094254
-0.7716	0.094299
-0.7714	0.094344
-0.7712	0.094390
-0.7710	0.094435
-0.7708	0.094481
-0.7706	0.094527
-0.7704	0.094573
-0.7702	0.094620
-0.7700	0.094667
-0.7698	0.094714
-0.7696	0.094761
-0.7694	0.094809
-0.7692	0.094857
-0.7690	0.094905
-0.7688	0.094953
-0.7686	0.095001
-0.7684	0.095050
-0.7682	0.095099
-0.7680	0.095149
-0.7678	0.095198
-0.7676	0.095248
-0.7674	0.095298
-0.7672	0.095348
-0.7670	0.095399
-0.7668	0.095450
-0.7666	0.095501
-0.7664	0.095552
-0.7662	0.095603
-0.7660	0.095655
-0.7658	0.095707
-0.7656	0.095760
-0.7654	0.095812
-0.7652	0.095865
-0.7650	0.095918
-0.7648	0.095971
-0.7646	0.096025
-0.7644	0.096079
-0.7642	0.096133
-0.7640	0.096187
-0.7638	0.096242
-0.7636	0.096297
-0.7634	0.096352
-0.7632	0.096407
-0.7630	0.096463
-0.7628	0.096519
-0.7626	0.096575
-0.7624	0.096632
-0.7622	0.096688
-0.7620	0.096745
-0.7618	0.096802
-0.7616	0.096860
-0.7614	0.096918
-0.7612	0.096976
-0.7610	0.097034
-0.7608	0.097092
-0.7606	0.097151
-0.7604	0.097210
-0.7602	0.097270
-0.7600	0.097329
-0.7598	0.097389
-0.7596	0.097449
-0.7594	0.097509
-0.7592	0.097570
-0.7590	0.097631
-0.7588	0.097692
-0.7586	0.097754
-0.7584	0.097815
-0.7582	0.097877
-0.7580	0.097939
-0.7578	0.098002
-0.7576	0.098065
-0.7574	0.098128
-0.7572	0.098191
-0.7570	0.098255
-0.7568	0.098319
-0.7566	0.098383
-0.7564	0.098447
-0.7562	0.098512
-0.7560	0.098577
-0.7558	0.098642
-0.7556	0.098707
-0.7554	0.098773
-0.7552	0.098839
-0.7550	0.098906
-0.7548	0.098972
-0.7546	0.099039
-0.7544	0.099106
-0.7542	0.099174
-0.7540	0.099241
-0.7538	0.099309
-0.7536	0.099378
-0.7534	0.099446
-0.7532	0.099515
-0.7530	0.099584
-0.7528	0.099653
-0.7526	0.099723
-0.7524	0.099793
-0.7522	0.099863
-0.7520	0.099934
-0.7518	0.100005
-0.7516	0.100076
-0.7514	0.100147
-0.7512	0.100219
-0.7510	0.100291
-0.7508	0.100363
-0.7506	0.100435
-0.7504	0.100508
-0.7502	0.100581
-0.7500	0.100655
-0.7498	0.100728
-0.7496	0.100802
-0.7494	0.100877
-0.7492	0.100951
-0.7490	0.101026
-0.7488	0.101101
-0.7486	0.101176
-0.7484	0.101252
-0.7482	0.101328
-0.7480	0.101404
-0.7478	0.101481
-0.7476	0.101558
-0.7474	0.101635
-0.7472	0.101713
-0.7470	0.101790
-0.7468	0.101868
-0.7466	0.101947
-0.7464	0.102025
-0.7462	0.102104
-0.7460	0.102184
-0.7458	0.102263
-0.7456	0.102343
-0.7454	0.102423
-0.7452	0.102504
-0.7450	0.102584
-0.7448	0.102666
-0.7446	0.102747
-0.7444	0.102829
-0.7442	0.102911
-0.7440	0.102993
-0.7438	0.103076
-0.7436	0.103158
-0.7434	0.103242
-0.7432	0.103325
-0.7430	0.103409
-0.7428	0.103493
-0.7426	0.103578
-0.7424	0.103662
-0.7422	0.103748
-0.7420	0.103833
-0.7418	0.103919
-0.7416	0.104005
-0.7414	0.104091
-0.7412	0.104178
-0.7410	0.104265
-0.7408	0.104352
-0.7406	0.104440
-0.7404	0.104528
-0.7402	0.104616
-0.7400	0.104704
-0.7398	0.104793
-0.7396	0.104882
-0.7394	0.104972
-0.7392	0.105062
-0.7390	0.105152
-0.7388	0.105243
-0.7386	0.105333
-0.7384	0.105425
-0.7382	0.105516
-0.7380	0.105608
-0.7378	0.105700
-0.7376	0.105793
-0.7374	0.105885
-0.7372	0.105978
-0.7370	0.106072
-0.7368	0.106166
-0.7366	0.106260
-0.7364	0.106354
-0.7362	0.106449
-0.7360	0.106544
-0.7358	0.106640
-0.7356	0.106736
-0.7354	0.106832
-0.7352	0.106928
-0.7350	0.107025
-0.7348	0.107122
-0.7346	0.107220
-0.7344	0.107318
-0.7342	0.107416
-0.7340	0.107514
-0.7338	0.107613
-0.7336	0.107712
-0.7334	0.107812
-0.7332	0.107912
-0.7330	0.108012
-0.7328	0.108113
-0.7326	0.108214
-0.7324	0.108315
-0.7322	0.108417
-0.7320	0.108519
-0.7318	0.108621
-0.7316	0.108724
-0.7314	0.108827
-0.7312	0.108930
-0.7310	0.109034
-0.7308	0.109138
-0.7306	0.109243
-0.7304	0.109348
-0.7302	0.109453
-0.7300	0.109559
-0.7298	0.109664
-0.7296	0.109771
-0.7294	0.109877
-0.7292	0.109985
-0.7290	0.110092
-0.7288	0.110200
-0.7286	0.110308
-0.7284	0.110416
-0.7282	0.110525
-0.7280	0.110635
-0.7278	0.110744
-0.7276	0.110854
-0.7274	0.110965
-0.7272	0.111075
-0.7270	0.111186
-0.7268	0.111298
-0.7266	0.111410
-0.7264	0.111522
-0.7262	0.111635
-0.7260	0.111748
-0.7258	0.111861
-0.7256	0.111975
-0.7254	0.112089
-0.7252	0.112204
-0.7250	0.112319
-0.7248	0.112434
-0.7246	0.112550
-0.7244	0.112666
-0.7242	0.112782
-0.7240	0.112899
-0.7238	0.113016
-0.7236	0.113134
-0.7234	0.113252
-0.7232	0.113370
-0.7230	0.113489
-0.7228	0.113609
-0.7226	0.113728
-0.7224	0.113848
-0.7222	0.113969
-0.7220	0.114090
-0.7218	0.114211
-0.7216	0.114332
-0.7214	0.114454
-0.7212	0.114577
-0.7210	0.114700
-0.7208	0.114823
-0.7206	0.114947
-0.7204	0.115071
-0.7202	0.115195
-0.7200	0.115320
-0.7198	0.115446
-0.7196	0.115571
-0.7194	0.115698
-0.7192	0.115824
-0.7190	0.115951
-0.7188	0.116079
-0.7186	0.116206
-0.7184	0.116335
-0.7182	0.116463
-0.7180	0.116593
-0.7178	0.116722
-0.7176	0.116852
-0.7174	0.116983
-0.7172	0.117113
-0.7170	0.117245
-0.7168	0.117376
-0.7166	0.117508
-0.7164	0.117641
-0.7162	0.117774
-0.7160	0.117907
-0.7158	0.118041
-0.7156	0.118176
-0.7154	0.118310
-0.7152	0.118446
-0.7150	0.118581
-0.7148	0.118717
-0.7146	0.118854
-0.7144	0.118991
-0.7142	0.119128
-0.7140	0.119266
-0.7138	0.119405
-0.7136	0.119543
-0.7134	0.119683
-0.7132	0.119822
-0.7130	0.119962
-0.7128	0.120103
-0.7126	0.120244
-0.7124	0.120386
-0.7122	0.120528
-0.7120	0.120670
-0.7118	0.120813
-0.7116	0.120956
-0.7114	0.121100
-0.7112	0.121245
-0.7110	0.121389
-0.7108	0.121535
-0.7106	0.121680
-0.7104	0.121827
-0.7102	0.121973
-0.7100	0.122121
-0.7098	0.122268
-0.7096	0.122416
-0.7094	0.122565
-0.7092	0.122714
-0.7090	0.122864
-0.7088	0.123014
-0.7086	0.123164
-0.7084	0.123315
-0.7082	0.123467
-0.7080	0.123619
-0.7078	0.123772
-0.7076	0.123925
-0.7074	0.124078
-0.7072	0.124232
-0.7070	0.124387
-0.7068	0.124542
-0.7066	0.124697
-0.7064	0.124853
-0.7062	0.125010
-0.7060	0.125167
-0.7058	0.125325
-0.7056	0.125483
-0.7054	0.125641
-0.7052	0.125800
-0.7050	0.125960
-0.7048	0.126120
-0.7046	0.126281
-0.7044	0.126442
-0.7042	0.126604
-0.7040	0.126766
-0.7038	0.126929
-0.7036	0.127092
-0.7034	0.127256
-0.7032	0.127420
-0.7030	0.127585
-0.7028	0.127751
-0.7026	0.127916
-0.7024	0.128083
-0.7022	0.128250
-0.7020	0.128418
-0.7018	0.128586
-0.7016	0.128754
-0.7014	0.128924
-0.7012	0.129093
-0.7010	0.129264
-0.7008	0.129435
-0.7006	0.129606
-0.7004	0.129778
-0.7002	0.129951
-0.7000	0.130124
-0.6998	0.130297
-0.6996	0.130472
-0.6994	0.130646
-0.6992	0.130822
-0.6990	0.130998
-0.6988	0.131174
-0.6986	0.131351
-0.6984	0.131529
-0.6982	0.131707
-0.6980	0.131886
-0.6978	0.132065
-0.6976	0.132245
-0.6974	0.132426
-0.6972	0.132607
-0.6970	0.132789
-0.6968	0.132971
-0.6966	0.133154
-0.6964	0.133337
-0.6962	0.133522
-0.6960	0.133706
-0.6958	0.133892
-0.6956	0.134078
-0.6954	0.134264
-0.6952	0.134451
-0.6950	0.134639
-0.6948	0.134827
-0.6946	0.135016
-0.6944	0.135206
-0.6942	0.135396
-0.6940	0.135587
-0.6938	0.135778
-0.6936	0.135970
-0.6934	0.136163
-0.6932	0.136356
-0.6930	0.136550
-0.6928	0.136745
-0.6926	0.136940
-0.6924	0.137136
-0.6922	0.137332
-0.6920	0.137529
-0.6918	0.137727
-0.6916	0.137925
-0.6914	0.138124
-0.6912	0.138324
-0.6910	0.138524
-0.6908	0.138725
-0.6906	0.138927
-0.6904	0.139129
-0.6902	0.139332
-0.6900	0.139536
-0.6898	0.139740
-0.6896	0.139945
-0.6894	0.140151
-0.6892	0.140357
-0.6890	0.140564
-0.6888	0.140772
-0.6886	0.140980
-0.6884	0.141189
-0.6882	0.141399
-0.6880	0.141609
-0.6878	0.141820
-0.6876	0.142032
-0.6874	0.142244
-0.6872	0.142458
-0.6870	0.142671
-0.6868	0.142886
-0.6866	0.143101
-0.6864	0.143317
-0.6862	0.143534
-0.6860	0.143751
-0.6858	0.143969
-0.6856	0.144188
-0.6854	0.144408
-0.6852	0.144628
-0.6850	0.144849
-0.6848	0.145071
-0.6846	0.145293
-0.6844	0.145516
-0.6842	0.145740
-0.6840	0.145965
-0.6838	0.146190
-0.6836	0.146416
-0.6834	0.146643
-0.6832	0.146871
-0.6830	0.147099
-0.6828	0.147328
-0.6826	0.147558
-0.6824	0.147789
-0.6822	0.148020
-0.6820	0.148252
-0.6818	0.148485
-0.6816	0.148719
-0.6814	0.148953
-0.6812	0.149188
-0.6810	0.149424
-0.6808	0.149661
-0.6806	0.149899
-0.6804	0.150137
-0.6802	0.150376
-0.6800	0.150616
-0.6798	0.150857
-0.6796	0.151098
-0.6794	0.151341
-0.6792	0.151584
-0.6790	0.151828
-0.6788	0.152072
-0.6786	0.152318
-0.6784	0.152564
-0.6782	0.152811
-0.6780	0.153060
-0.6778	0.153308
-0.6776	0.153558
-0.6774	0.153808
-0.6772	0.154060
-0.6770	0.154312
-0.6768	0.154565
-0.6766	0.154819
-0.6764	0.155073
-0.6762	0.155329
-0.6760	0.155585
-0.6758	0.155843
-0.6756	0.156101
-0.6754	0.156360
-0.6752	0.156619
-0.6750	0.156880
-0.6748	0.157142
-0.6746	0.157404
-0.6744	0.157667
-0.6742	0.157932
-0.6740	0.158197
-0.6738	0.158463
-0.6736	0.158730
-0.6734	0.158997
-0.6732	0.159266
-0.6730	0.159536
-0.6728	0.159806
-0.6726	0.160077
-0.6724	0.160350
-0.6722	0.160623
-0.6720	0.160897
-0.6718	0.161172
-0.6716	0.161448
-0.6714	0.161725
-0.6712	0.162003
-0.6710	0.162281
-0.6708	0.162561
-0.6706	0.162842
-0.6704	0.163123
-0.6702	0.163406
-0.6700	0.163689
-0.6698	0.163974
-0.6696	0.164259
-0.6694	0.164546
-0.6692	0.164833
-0.6690	0.165121
-0.6688	0.165411
-0.6686	0.165701
-0.6684	0.165992
-0.6682	0.166284
-0.6680	0.166578
-0.6678	0.166872
-0.6676	0.167167
-0.6674	0.167463
-0.6672	0.167760
-0.6670	0.168059
-0.6668	0.168358
-0.6666	0.168658
-0.6664	0.168960
-0.6662	0.169262
-0.6660	0.169565
-0.6658	0.169870
-0.6656	0.170175
-0.6654	0.170481
-0.6652	0.170789
-0.6650	0.171098
-0.6648	0.171407
-0.6646	0.171718
-0.6644	0.172030
-0.6642	0.172342
-0.6640	0.172656
-0.6638	0.172971
-0.6636	0.173287
-0.6634	0.173604
-0.6632	0.173923
-0.6630	0.174242
-0.6628	0.174562
-0.6626	0.174884
-0.6624	0.175206
-0.6622	0.175530
-0.6620	0.175855
-0.6618	0.176181
-0.6616	0.176508
-0.6614	0.176836
-0.6612	0.177166
-0.6610	0.177496
-0.6608	0.177828
-0.6606	0.178160
-0.6604	0.178494
-0.6602	0.178829
-0.6600	0.179165
-0.6598	0.179503
-0.6596	0.179841
-0.6594	0.180181
-0.6592	0.180522
-0.6590	0.180864
-0.6588	0.181207
-0.6586	0.181552
-0.6584	0.181897
-0.6582	0.182244
-0.6580	0.182592
-0.6578	0.182942
-0.6576	0.183292
-0.6574	0.183644
-0.6572	0.183997
-0.6570	0.184351
-0.6568	0.184706
-0.6566	0.185063
-0.6564	0.185421
-0.6562	0.185780
-0.6560	0.186140
-0.6558	0.186502
-0.6556	0.186865
-0.6554	0.187229
-0.6552	0.187595
-0.6550	0.187961
-0.6548	0.188329
-0.6546	0.188699
-0.6544	0.189069
-0.6542	0.189441
-0.6540	0.189814
-0.6538	0.190189
-0.6536	0.190565
-0.6534	0.190942
-0.6532	0.191320
-0.6530	0.191700
-0.6528	0.192081
-0.6526	0.192464
-0.6524	0.192848
-0.6522	0.193233
-0.6520	0.193620
-0.6518	0.194008
-0.6516	0.194397
-0.6514	0.194788
-0.6512	0.195180
-0.6510	0.195573
-0.6508	0.195968
-0.6506	0.196364
-0.6504	0.196762
-0.6502	0.197161
-0.6500	0.197562
-0.6498	0.197964
-0.6496	0.198367
-0.6494	0.198772
-0.6492	0.199178
-0.6490	0.199586
-0.6488	0.199995
-0.6486	0.200405
-0.6484	0.200817
-0.6482	0.201231
-0.6480	0.201646
-0.6478	0.202063
-0.6476	0.202480
-0.6474	0.202900
-0.6472	0.203321
-0.6470	0.203743
-0.6468	0.204167
-0.6466	0.204593
-0.6464	0.205020
-0.6462	0.205449
-0.6460	0.205879
-0.6458	0.206310
-0.6456	0.206744
-0.6454	0.207178
-0.6452	0.207615
-0.6450	0.208053
-0.6448	0.208492
-0.6446	0.208933
-0.6444	0.209376
-0.6442	0.209820
-0.6440	0.210266
-0.6438	0.210714
-0.6436	0.211163
-0.6434	0.211613
-0.6432	0.212066
-0.6430	0.212520
-0.6428	0.212975
-0.6426	0.213433
-0.6424	0.213892
-0.6422	0.214352
-0.6420	0.214815
-0.6418	0.215279
-0.6416	0.215744
-0.6414	0.216212
-0.6412	0.216681
-0.6410	0.217152
-0.6408	0.217624
-0.6406	0.218098
-0.6404	0.218574
-0.6402	0.219052
-0.6400	0.219531
-0.6398	0.220012
-0.6396	0.220495
-0.6394	0.220980
-0.6392	0.221467
-0.6390	0.221955
-0.6388	0.222445
-0.6386	0.222937
-0.6384	0.223430
-0.6382	0.223926
-0.6380	0.224423
-0.6378	0.224922
-0.6376	0.225423
-0.6374	0.225926
-0.6372	0.226431
-0.6370	0.226937
-0.6368	0.227445
-0.6366	0.227956
-0.6364	0.228468
-0.6362	0.228982
-0.6360	0.229498
-0.6358	0.230016
-0.6356	0.230535
-0.6354	0.231057
-0.6352	0.231580
-0.6350	0.232106
-0.6348	0.232633
-0.6346	0.233163
-0.6344	0.233694
-0.6342	0.234228
-0.6340	0.234763
-0.6338	0.235300
-0.6336	0.235840
-0.6334	0.236381
-0.6332	0.236924
-0.6330	0.237470
-0.6328	0.238017
-0.6326	0.238566
-0.6324	0.239118
-0.6322	0.239671
-0.6320	0.240227
-0.6318	0.240785
-0.6316	0.241344
-0.6314	0.241906
-0.6312	0.242470
-0.6310	0.243036
-0.6308	0.243604
-0.6306	0.244175
-0.6304	0.244747
-0.6302	0.245322
-0.6300	0.245899
-0.6298	0.246477
-0.6296	0.247059
-0.6294	0.247642
-0.6292	0.248227
-0.6290	0.248815
-0.6288	0.249405
-0.6286	0.249997
-0.6284	0.250591
-0.6282	0.251188
-0.6280	0.251787
-0.6278	0.252388
-0.6276	0.252991
-0.6274	0.253597
-0.6272	0.254204
-0.6270	0.254815
-0.6268	0.255427
-0.6266	0.256042
-0.6264	0.256659
-0.6262	0.257279
-0.6260	0.257900
-0.6258	0.258525
-0.6256	0.259151
-0.6254	0.259780
-0.6252	0.260411
-0.6250	0.261045
-0.6248	0.261681
-0.6246	0.262320
-0.6244	0.262961
-0.6242	0.263604
-0.6240	0.264250
-0.6238	0.264898
-0.6236	0.265549
-0.6234	0.266202
-0.6232	0.266858
-0.6230	0.267516
-0.6228	0.268177
-0.6226	0.268840
-0.6224	0.269506
-0.6222	0.270174
-0.6220	0.270845
-0.6218	0.271518
-0.6216	0.272194
-0.6214	0.272873
-0.6212	0.273554
-0.6210	0.274238
-0.6208	0.274925
-0.6206	0.275614
-0.6204	0.276305
-0.6202	0.277000
-0.6200	0.277697
-0.6198	0.278396
-0.6196	0.279099
-0.6194	0.279804
-0.6192	0.280512
-0.6190	0.281222
-0.6188	0.281935
-0.6186	0.282651
-0.6184	0.283370
-0.6182	0.284091
-0.6180	0.284816
-0.6178	0.285543
-0.6176	0.286273
-0.6174	0.287005
-0.6172	0.287741
-0.6170	0.288479
-0.6168	0.289220
-0.6166	0.289964
-0.6164	0.290711
-0.6162	0.291461
-0.6160	0.292214
-0.6158	0.292969
-0.6156	0.293728
-0.6154	0.294489
-0.6152	0.295253
-0.6150	0.296021
-0.6148	0.296791
-0.6146	0.297564
-0.6144	0.298341
-0.6142	0.299120
-0.6140	0.299902
-0.6138	0.300687
-0.6136	0.301476
-0.6134	0.302267
-0.6132	0.303062
-0.6130	0.303859
-0.6128	0.304660
-0.6126	0.305464
-0.6124	0.306271
-0.6122	0.307081
-0.6120	0.307894
-0.6118	0.308710
-0.6116	0.309530
-0.6114	0.310352
-0.6112	0.311178
-0.6110	0.312007
-0.6108	0.312839
-0.6106	0.313675
-0.6104	0.314514
-0.6102	0.315356
-0.6100	0.316201
-0.6098	0.317050
-0.6096	0.317901
-0.6094	0.318757
-0.6092	0.319615
-0.6090	0.320477
-0.6088	0.321342
-0.6086	0.322211
-0.6084	0.323083
-0.6082	0.323958
-0.6080	0.324837
-0.6078	0.325719
-0.6076	0.326605
-0.6074	0.327494
-0.6072	0.328386
-0.6070	0.329282
-0.6068	0.330182
-0.6066	0.331085
-0.6064	0.331991
-0.6062	0.332901
-0.6060	0.333815
-0.6058	0.334732
-0.6056	0.335653
-0.6054	0.336577
-0.6052	0.337505
-0.6050	0.338437
-0.6048	0.339372
-0.6046	0.340310
-0.6044	0.341253
-0.6042	0.342199
-0.6040	0.343149
-0.6038	0.344102
-0.6036	0.345059
-0.6034	0.346020
-0.6032	0.346985
-0.6030	0.347953
-0.6028	0.348926
-0.6026	0.349902
-0.6024	0.350881
-0.6022	0.351865
-0.6020	0.352852
-0.6018	0.353844
-0.6016	0.354839
-0.6014	0.355838
-0.6012	0.356840
-0.6010	0.357847
-0.6008	0.358858
-0.6006	0.359872
-0.6004	0.360891
-0.6002	0.361913
-0.6000	0.362940
-0.5998	0.363970
-0.5996	0.365005
-0.5994	0.366043
-0.5992	0.367086
-0.5990	0.368132
-0.5988	0.369183
-0.5986	0.370237
-0.5984	0.371296
-0.5982	0.372359
-0.5980	0.373426
-0.5978	0.374497
-0.5976	0.375572
-0.5974	0.376651
-0.5972	0.377735
-0.5970	0.378822
-0.5968	0.379914
-0.5966	0.381010
-0.5964	0.382110
-0.5962	0.383215
-0.5960	0.384324
-0.5958	0.385437
-0.5956	0.386554
-0.5954	0.387676
-0.5952	0.388802
-0.5950	0.389932
-0.5948	0.391067
-0.5946	0.392206
-0.5944	0.393349
-0.5942	0.394497
-0.5940	0.395649
-0.5938	0.396806
-0.5936	0.397967
-0.5934	0.399132
-0.5932	0.400302
-0.5930	0.401476
-0.5928	0.402655
-0.5926	0.403838
-0.5924	0.405026
-0.5922	0.406218
-0.5920	0.407415
-0.5918	0.408617
-0.5916	0.409823
-0.5914	0.411033
-0.5912	0.412248
-0.5910	0.413468
-0.5908	0.414692
-0.5906	0.415921
-0.5904	0.417155
-0.5902	0.418393
-0.5900	0.419636
-0.5898	0.420884
-0.5896	0.422136
-0.5894	0.423393
-0.5892	0.424655
-0.5890	0.425921
-0.5888	0.427193
-0.5886	0.428469
-0.5884	0.429749
-0.5882	0.431035
-0.5880	0.432325
-0.5878	0.433620
-0.5876	0.434920
-0.5874	0.436225
-0.5872	0.437535
-0.5870	0.438849
-0.5868	0.440168
-0.5866	0.441493
-0.5864	0.442822
-0.5862	0.444156
-0.5860	0.445495
-0.5858	0.446838
-0.5856	0.448187
-0.5854	0.449541
-0.5852	0.450899
-0.5850	0.452263
-0.5848	0.453632
-0.5846	0.455005
-0.5844	0.456384
-0.5842	0.457767
-0.5840	0.459156
-0.5838	0.460549
-0.5836	0.461948
-0.5834	0.463352
-0.5832	0.464761
-0.5830	0.466174
-0.5828	0.467593
-0.5826	0.469017
-0.5824	0.470446
-0.5822	0.471880
-0.5820	0.473319
-0.5818	0.474764
-0.5816	0.476213
-0.5814	0.477668
-0.5812	0.479127
-0.5810	0.480592
-0.5808	0.482062
-0.5806	0.483537
-0.5804	0.485018
-0.5802	0.486503
-0.5800	0.487994
-0.5798	0.489490
-0.5796	0.490991
-0.5794	0.492497
-0.5792	0.494008
-0.5790	0.495525
-0.5788	0.497046
-0.5786	0.498573
-0.5784	0.500105
-0.5782	0.501643
-0.5780	0.503185
-0.5778	0.504733
-0.5776	0.506286
-0.5774	0.507845
-0.5772	0.509408
-0.5770	0.510977
-0.5768	0.512551
-0.5766	0.514130
-0.5764	0.515714
-0.5762	0.517304
-0.5760	0.518899
-0.5758	0.520499
-0.5756	0.522104
-0.5754	0.523715
-0.5752	0.525331
-0.5750	0.526952
-0.5748	0.528578
-0.5746	0.530209
-0.5744	0.531846
-0.5742	0.533488
-0.5740	0.535135
-0.5738	0.536787
-0.5736	0.538445
-0.5734	0.540108
-0.5732	0.541775
-0.5730	0.543449
-0.5728	0.545127
-0.5726	0.546810
-0.5724	0.548499
-0.5722	0.550193
-0.5720	0.551892
-0.5718	0.553596
-0.5716	0.555305
-0.5714	0.557020
-0.5712	0.558739
-0.5710	0.560464
-0.5708	0.562194
-0.5706	0.563929
-0.5704	0.565668
-0.5702	0.567413
-0.5700	0.569163
-0.5698	0.570919
-0.5696	0.572679
-0.5694	0.574444
-0.5692	0.576214
-0.5690	0.577989
-0.5688	0.579769
-0.5686	0.581554
-0.5684	0.583344
-0.5682	0.585139
-0.5680	0.586939
-0.5678	0.588744
-0.5676	0.590553
-0.5674	0.592367
-0.5672	0.594187
-0.5670	0.596011
-0.5668	0.597839
-0.5666	0.599673
-0.5664	0.601511
-0.5662	0.603354
-0.5660	0.605202
-0.5658	0.607054
-0.5656	0.608911
-0.5654	0.610773
-0.5652	0.612639
-0.5650	0.614509
-0.5648	0.616385
-0.5646	0.618264
-0.5644	0.620149
-0.5642	0.622037
-0.5640	0.623930
-0.5638	0.625828
-0.5636	0.627729
-0.5634	0.629635
-0.5632	0.631546
-0.5630	0.633460
-0.5628	0.635379
-0.5626	0.637302
-0.5624	0.639229
-0.5622	0.641160
-0.5620	0.643095
-0.5618	0.645034
-0.5616	0.646977
-0.5614	0.648924
-0.5612	0.650875
-0.5610	0.652829
-0.5608	0.654788
-0.5606	0.656750
-0.5604	0.658716
-0.5602	0.660685
-0.5600	0.662658
-0.5598	0.664635
-0.5596	0.666615
-0.5594	0.668599
-0.5592	0.670586
-0.5590	0.672576
-0.5588	0.674570
-0.5586	0.676567
-0.5584	0.678567
-0.5582	0.680570
-0.5580	0.682576
-0.5578	0.684585
-0.5576	0.686597
-0.5574	0.688612
-0.5572	0.690630
-0.5570	0.692651
-0.5568	0.694674
-0.5566	0.696700
-0.5564	0.698728
-0.5562	0.700759
-0.5560	0.702793
-0.5558	0.704829
-0.5556	0.706867
-0.5554	0.708907
-0.5552	0.710949
-0.5550	0.712994
-0.5548	0.715040
-0.5546	0.717088
-0.5544	0.719139
-0.5542	0.721191
-0.5540	0.723244
-0.5538	0.725299
-0.5536	0.727356
-0.5534	0.729414
-0.5532	0.731474
-0.5530	0.733535
-0.5528	0.735597
-0.5526	0.737660
-0.5524	0.739724
-0.5522	0.741789
-0.5520	0.743855
-0.5518	0.745921
-0.5516	0.747988
-0.5514	0.750056
-0.5512	0.752124
-0.5510	0.754193
-0.5508	0.756262
-0.5506	0.758331
-0.5504	0.760400
-0.5502	0.762469
-0.5500	0.764538
-0.5498	0.766606
-0.5496	0.768675
-0.5494	0.770742
-0.5492	0.772810
-0.5490	0.774876
-0.5488	0.776942
-0.5486	0.779007
-0.5484	0.781071
-0.5482	0.783134
-0.5480	0.785195
-0.5478	0.787255
-0.5476	0.789314
-0.5474	0.791371
-0.5472	0.793427
-0.5470	0.795480
-0.5468	0.797532
-0.5466	0.799582
-0.5464	0.801629
-0.5462	0.803675
-0.5460	0.805717
-0.5458	0.807758
-0.5456	0.809795
-0.5454	0.811830
-0.5452	0.813861
-0.5450	0.815890
-0.5448	0.817916
-0.5446	0.819938
-0.5444	0.821956
-0.5442	0.823971
-0.5440	0.825983
-0.5438	0.827990
-0.5436	0.829994
-0.5434	0.831993
-0.5432	0.833988
-0.5430	0.835978
-0.5428	0.837964
-0.5426	0.839946
-0.5424	0.841922
-0.5422	0.843893
-0.5420	0.845860
-0.5418	0.847820
-0.5416	0.849776
-0.5414	0.851726
-0.5412	0.853670
-0.5410	0.855608
-0.5408	0.857540
-0.5406	0.859466
-0.5404	0.861386
-0.5402	0.863299
-0.5400	0.865205
-0.5398	0.867105
-0.5396	0.868998
-0.5394	0.870883
-0.5392	0.872761
-0.5390	0.874632
-0.5388	0.876495
-0.5386	0.878351
-0.5384	0.880198
-0.5382	0.882038
-0.5380	0.883869
-0.5378	0.885692
-0.5376	0.887506
-0.5374	0.889312
-0.5372	0.891109
-0.5370	0.892896
-0.5368	0.894675
-0.5366	0.896444
-0.5364	0.898203
-0.5362	0.899953
-0.5360	0.901693
-0.5358	0.903423
-0.5356	0.905143
-0.5354	0.906853
-0.5352	0.908552
-0.5350	0.910240
-0.5348	0.911918
-0.5346	0.913584
-0.5344	0.915240
-0.5342	0.916884
-0.5340	0.918516
-0.5338	0.920137
-0.5336	0.921746
-0.5334	0.923343
-0.5332	0.924928
-0.5330	0.926501
-0.5328	0.928061
-0.5326	0.929608
-0.5324	0.931143
-0.5322	0.932665
-0.5320	0.934173
-0.5318	0.935668
-0.5316	0.937150
-0.5314	0.938619
-0.5312	0.940073
-0.5310	0.941514
-0.5308	0.942940
-0.5306	0.944352
-0.5304	0.945750
-0.5302	0.947134
-0.5300	0.948502
-0.5298	0.949856
-0.5296	0.951195
-0.5294	0.952518
-0.5292	0.953827
-0.5290	0.955119
-0.5288	0.956397
-0.5286	0.957658
-0.5284	0.958903
-0.5282	0.960133
-0.5280	0.961346
-0.5278	0.962543
-0.5276	0.963723
-0.5274	0.964887
-0.5272	0.966034
-0.5270	0.967164
-0.5268	0.968277
-0.5266	0.969373
-0.5264	0.970451
-0.5262	0.971512
-0.5260	0.972556
-0.5258	0.973582
-0.5256	0.974590
-0.5254	0.975579
-0.5252	0.976551
-0.5250	0.977505
-0.5248	0.978440
-0.5246	0.979357
-0.5244	0.980255
-0.5242	0.981135
-0.5240	0.981996
-0.5238	0.982838
-0.5236	0.983660
-0.5234	0.984464
-0.5232	0.985249
-0.5230	0.986014
-0.5228	0.986759
-0.5226	0.987486
-0.5224	0.988192
-0.5222	0.988879
-0.5220	0.989546
-0.5218	0.990193
-0.5216	0.990820
-0.5214	0.991427
-0.5212	0.992014
-0.5210	0.992580
-0.5208	0.993127
-0.5206	0.993652
-0.5204	0.994158
-0.5202	0.994643
-0.5200	0.995107
-0.5198	0.995550
-0.5196	0.995973
-0.5194	0.996375
-0.5192	0.996756
-0.5190	0.997116
-0.5188	0.997455
-0.5186	0.997773
-0.5184	0.998070
-0.5182	0.998346
-0.5180	0.998601
-0.5178	0.998835
-0.5176	0.999047
-0.5174	0.999238
-0.5172	0.999408
-0.5170	0.999556
-0.5168	0.999684
-0.5166	0.999789
-0.5164	0.999874
-0.5162	0.999936
-0.5160	0.999978
-0.5158	0.999998
-0.5156	0.999997
-0.5154	0.999974
-0.5152	0.999929
-0.5150	0.999863
-0.5148	0.999776
-0.5146	0.999667
-0.5144	0.999537
-0.5142	0.999386
-0.5140	0.999213
-0.5138	0.999018
-0.5136	0.998802
-0.5134	0.998565
-0.5132	0.998307
-0.5130	0.998027
-0.5128	0.997725
-0.5126	0.997403
-0.5124	0.997059
-0.5122	0.996695
-0.5120	0.996309
-0.5118	0.995902
-0.5116	0.995474
-0.5114	0.995024
-0.5112	0.994554
-0.5110	0.994064
-0.5108	0.993552
-0.5106	0.993019
-0.5104	0.992466
-0.5102	0.991892
-0.5100	0.991298
-0.5098	0.990683
-0.5096	0.990047
-0.5094	0.989391
-0.5092	0.988715
-0.5090	0.988019
-0.5088	0.987303
-0.5086	0.986566
-0.5084	0.985810
-0.5082	0.985034
-0.5080	0.984238
-0.5078	0.983422
-0.5076	0.982587
-0.5074	0.981732
-0.5072	0.980858
-0.5070	0.979965
-0.5068	0.979052
-0.5066	0.978121
-0.5064	0.977170
-0.5062	0.976201
-0.5060	0.975213
-0.5058	0.974206
-0.5056	0.973181
-0.5054	0.972137
-0.5052	0.971075
-0.5050	0.969996
-0.5048	0.968898
-0.5046	0.967782
-0.5044	0.966648
-0.5042	0.965497
-0.5040	0.964328
-0.5038	0.963142
-0.5036	0.961939
-0.5034	0.960719
-0.5032	0.959482
-0.5030	0.958228
-0.5028	0.956957
-0.5026	0.955670
-0.5024	0.954366
-0.5022	0.953046
-0.5020	0.951710
-0.5018	0.950359
-0.5016	0.948991
-0.5014	0.947608
-0.5012	0.946209
-0.5010	0.944795
-0.5008	0.943366
-0.5006	0.941921
-0.5004	0.940462
-0.5002	0.938988
-0.5000	0.937500
-0.4998	0.935997
-0.4996	0.934480
-0.4994	0.932949
-0.4992	0.931404
-0.4990	0.929845
-0.4988	0.928273
-0.4986	0.926687
-0.4984	0.925088
-0.4982	0.923476
-0.4980	0.921851
-0.4978	0.920213
-0.4976	0.918562
-0.4974	0.916899
-0.4972	0.915224
-0.4970	0.913537
-0.4968	0.911837
-0.4966	0.910126
-0.4964	0.908403
-0.4962	0.906669
-0.4960	0.904924
-0.4958	0.903167
-0.4956	0.901400
-0.4954	0.899621
-0.4952	0.897833
-0.4950	0.896033
-0.4948	0.894224
-0.4946	0.892404
-0.4944	0.890574
-0.4942	0.888735
-0.4940	0.886885
-0.4938	0.885027
-0.4936	0.883159
-0.4934	0.881282
-0.4932	0.879396
-0.4930	0.877502
-0.4928	0.875598
-0.4926	0.873687
-0.4924	0.871767
-0.4922	0.869838
-0.4920	0.867902
-0.4918	0.865958
-0.4916	0.864007
-0.4914	0.862048
-0.4912	0.860081
-0.4910	0.858108
-0.4908	0.856127
-0.4906	0.854140
-0.4904	0.852146
-0.4902	0.850145
-0.4900	0.848139
-0.4898	0.846125
-0.4896	0.844106
-0.4894	0.842081
-0.4892	0.840050
-0.4890	0.838014
-0.4888	0.835972
-0.4886	0.833925
-0.4884	0.831873
-0.4882	0.829815
-0.4880	0.827753
-0.4878	0.825687
-0.4876	0.823615
-0.4874	0.821540
-0.4872	0.819460
-0.4870	0.817376
-0.4868	0.815288
-0.4866	0.813196
-0.4864	0.811100
-0.4862	0.809001
-0.4860	0.806899
-0.4858	0.804793
-0.4856	0.802684
-0.4854	0.800572
-0.4852	0.798457
-0.4850	0.796340
-0.4848	0.794220
-0.4846	0.792098
-0.4844	0.789973
-0.4842	0.787846
-0.4840	0.785717
-0.4838	0.783586
-0.4836	0.781453
-0.4834	0.779318
-0.4832	0.777182
-0.4830	0.775045
-0.4828	0.772906
-0.4826	0.770766
-0.4824	0.768625
-0.4822	0.766482
-0.4820	0.764339
-0.4818	0.762196
-0.4816	0.760051
-0.4814	0.757907
-0.4812	0.755761
-0.4810	0.753616
-0.4808	0.751470
-0.4806	0.749324
-0.4804	0.747179
-0.4802	0.745033
-0.4800	0.742888
-0.4798	0.740743
-0.4796	0.738598
-0.4794	0.736454
-0.4792	0.734311
-0.4790	0.732168
-0.4788	0.730026
-0.4786	0.727885
-0.4784	0.725746
-0.4782	0.723607
-0.4780	0.721469
-0.4778	0.719333
-0.4776	0.717199
-0.4774	0.715065
-0.4772	0.712934
-0.4770	0.710804
-0.4768	0.708675
-0.4766	0.706549
-0.4764	0.704425
-0.4762	0.702302
-0.4760	0.700182
-0.4758	0.698063
-0.4756	0.695947
-0.4754	0.693834
-0.4752	0.691722
-0.4750	0.689614
-0.4748	0.687507
-0.4746	0.685404
-0.4744	0.683303
-0.4742	0.681204
-0.4740	0.679109
-0.4738	0.677016
-0.4736	0.674927
-0.4734	0.672840
-0.4732	0.670757
-0.4730	0.668677
-0.4728	0.666600
-0.4726	0.664526
-0.4724	0.662455
-0.4722	0.660388
-0.4720	0.658325
-0.4718	0.656265
-0.4716	0.654208
-0.4714	0.652155
-0.4712	0.650106
-0.4710	0.648061
-0.4708	0.646019
-0.4706	0.643981
-0.4704	0.641947
-0.4702	0.639917
-0.4700	0.637891
-0.4698	0.635869
-0.4696	0.633851
-0.4694	0.631837
-0.4692	0.629828
-0.4690	0.627822
-0.4688	0.625821
-0.4686	0.623824
-0.4684	0.621832
-0.4682	0.619844
-0.4680	0.617860
-0.4678	0.615881
-0.4676	0.613906
-0.4674	0.611936
-0.4672	0.609971
-0.4670	0.608010
-0.4668	0.606053
-0.4666	0.604102
-0.4664	0.602155
-0.4662	0.600213
-0.4660	0.598275
-0.4658	0.596342
-0.4656	0.594415
-0.4654	0.592492
-0.4652	0.590574
-0.4650	0.588661
-0.4648	0.586753
-0.4646	0.584849
-0.4644	0.582951
-0.4642	0.581058
-0.4640	0.579170
-0.4638	0.577287
-0.4636	0.575409
-0.4634	0.573536
-0.4632	0.571668
-0.4630	0.569806
-0.4628	0.567948
-0.4626	0.566096
-0.4624	0.564249
-0.4622	0.562408
-0.4620	0.560571
-0.4618	0.558740
-0.4616	0.556914
-0.4614	0.555093
-0.4612	0.553278
-0.4610	0.551468
-0.4608	0.549663
-0.4606	0.547864
-0.4604	0.546070
-0.4602	0.544281
-0.4600	0.542498
-0.4598	0.540721
-0.4596	0.538948
-0.4594	0.537181
-0.4592	0.535420
-0.4590	0.533664
-0.4588	0.531913
-0.4586	0.530168
-0.4584	0.528428
-0.4582	0.526694
-0.4580	0.524965
-0.4578	0.523242
-0.4576	0.521524
-0.4574	0.519812
-0.4572	0.518105
-0.4570	0.516404
-0.4568	0.514708
-0.4566	0.513018
-0.4564	0.511333
-0.4562	0.509654
-0.4560	0.507980
-0.4558	0.506312
-0.4556	0.504649
-0.4554	0.502992
-0.4552	0.501340
-0.4550	0.499694
-0.4548	0.498053
-0.4546	0.496418
-0.4544	0.494789
-0.4542	0.493165
-0.4540	0.491546
-0.4538	0.489933
-0.4536	0.488325
-0.4534	0.486723
-0.4532	0.485127
-0.4530	0.483536
-0.4528	0.481951
-0.4526	0.480371
-0.4524	0.478796
-0.4522	0.477227
-0.4520	0.475663
-0.4518	0.474105
-0.4516	0.472553
-0.4514	0.471006
-0.4512	0.469464
-0.4510	0.467928
-0.4508	0.466397
-0.4506	0.464872
-0.4504	0.463352
-0.4502	0.461838
-0.4500	0.460329
-0.4498	0.458825
-0.4496	0.457327
-0.4494	0.455834
-0.4492	0.454347
-0.4490	0.452865
-0.4488	0.451388
-0.4486	0.449917
-0.4484	0.448451
-0.4482	0.446990
-0.4480	0.445535
-0.4478	0.444085
-0.4476	0.442641
-0.4474	0.441201
-0.4472	0.439767
-0.4470	0.438339
-0.4468	0.436915
-0.4466	0.435497
-0.4464	0.434084
-0.4462	0.432676
-0.4460	0.431274
-0.4458	0.429877
-0.4456	0.428485
-0.4454	0.427098
-0.4452	0.425716
-0.4450	0.424340
-0.4448	0.422969
-0.4446	0.421603
-0.4444	0.420242
-0.4442	0.418886
-0.4440	0.417535
-0.4438	0.416189
-0.4436	0.414849
-0.4434	0.413513
-0.4432	0.412183
-0.4430	0.410858
-0.4428	0.409537
-0.4426	0.408222
-0.4424	0.406912
-0.4422	0.405606
-0.4420	0.404306
-0.4418	0.403011
-0.4416	0.401720
-0.4414	0.400435
-0.4412	0.399154
-0.4410	0.397879
-0.4408	0.396608
-0.4406	0.395342
-0.4404	0.394081
-0.4402	0.392825
-0.4400	0.391574
-0.4398	0.390327
-0.4396	0.389086
-0.4394	0.387849
-0.4392	0.386617
-0.4390	0.385390
-0.4388	0.384167
-0.4386	0.382949
-0.4384	0.381736
-0.4382	0.380528
-0.4380	0.379324
-0.4378	0.378125
-0.4376	0.376931
-0.4374	0.375741
-0.4372	0.374556
-0.4370	0.373376
-0.4368	0.372200
-0.4366	0.371029
-0.4364	0.369862
-0.4362	0.368700
-0.4360	0.367543
-0.4358	0.366390
-0.4356	0.365241
-0.4354	0.364097
-0.4352	0.362958
-0.4350	0.361822
-0.4348	0.360692
-0.4346	0.359566
-0.4344	0.358444
-0.4342	0.357327
-0.4340	0.356214
-0.4338	0.355105
-0.4336	0.354001
-0.4334	0.352901
-0.4332	0.351805
-0.4330	0.350714
-0.4328	0.349627
-0.4326	0.348545
-0.4324	0.347466
-0.4322	0.346392
-0.4320	0.345322
-0.4318	0.344256
-0.4316	0.343195
-0.4314	0.342138
-0.4312	0.341084
-0.4310	0.340035
-0.4308	0.338991
-0.4306	0.337950
-0.4304	0.336913
-0.4302	0.335881
-0.4300	0.334852
-0.4298	0.333828
-0.4296	0.332808
-0.4294	0.331791
-0.4292	0.330779
-0.4290	0.329771
-0.4288	0.328766
-0.4286	0.327766
-0.4284	0.326770
-0.4282	0.325777
-0.4280	0.324789
-0.4278	0.323804
-0.4276	0.322824
-0.4274	0.321847
-0.4272	0.320874
-0.4270	0.319905
-0.4268	0.318940
-0.4266	0.317978
-0.4264	0.317020
-0.4262	0.316067
-0.4260	0.315117
-0.4258	0.314170
-0.4256	0.313228
-0.4254	0.312289
-0.4252	0.311354
-0.4250	0.310422
-0.4248	0.309494
-0.4246	0.308570
-0.4244	0.307650
-0.4242	0.306733
-0.4240	0.305820
-0.4238	0.304910
-0.4236	0.304005
-0.4234	0.303102
-0.4232	0.302203
-0.4230	0.301308
-0.4228	0.300416
-0.4226	0.299528
-0.4224	0.298644
-0.4222	0.297762
-0.4220	0.296885
-0.4218	0.296010
-0.4216	0.295140
-0.4214	0.294272
-0.4212	0.293408
-0.4210	0.292548
-0.4208	0.291691
-0.4206	0.290837
-0.4204	0.289986
-0.4202	0.289139
-0.4200	0.288296
-0.4198	0.287455
-0.4196	0.286618
-0.4194	0.285785
-0.4192	0.284954
-0.4190	0.284127
-0.4188	0.283303
-0.4186	0.282482
-0.4184	0.281665
-0.4182	0.280850
-0.4180	0.280039
-0.4178	0.279231
-0.4176	0.278427
-0.4174	0.277625
-0.4172	0.276827
-0.4170	0.276031
-0.4168	0.275239
-0.4166	0.274450
-0.4164	0.273664
-0.4162	0.272881
-0.4160	0.272101
-0.4158	0.271325
-0.4156	0.270551
-0.4154	0.269780
-0.4152	0.269013
-0.4150	0.268248
-0.4148	0.267486
-0.4146	0.266727
-0.4144	0.265972
-0.4142	0.265219
-0.4140	0.264469
-0.4138	0.263722
-0.4136	0.262978
-0.4134	0.262237
-0.4132	0.261499
-0.4130	0.260763
-0.4128	0.260031
-0.4126	0.259301
-0.4124	0.258574
-0.4122	0.257850
-0.4120	0.257129
-0.4118	0.256411
-0.4116	0.255695
-0.4114	0.254982
-0.4112	0.254272
-0.4110	0.253565
-0.4108	0.252861
-0.4106	0.252159
-0.4104	0.251460
-0.4102	0.250763
-0.4100	0.250070
-0.4098	0.249379
-0.4096	0.248690
-0.4094	0.248005
-0.4092	0.247322
-0.4090	0.246641
-0.4088	0.245963
-0.4086	0.245288
-0.4084	0.244616
-0.4082	0.243946
-0.4080	0.243278
-0.4078	0.242613
-0.4076	0.241951
-0.4074	0.241291
-0.4072	0.240634
-0.4070	0.239980
-0.4068	0.239327
-0.4066	0.238678
-0.4064	0.238031
-0.4062	0.237386
-0.4060	0.236744
-0.4058	0.236104
-0.4056	0.235467
-0.4054	0.234832
-0.4052	0.234199
-0.4050	0.233569
-0.4048	0.232942
-0.4046	0.232316
-0.4044	0.231693
-0.4042	0.231073
-0.4040	0.230455
-0.4038	0.229839
-0.4036	0.229226
-0.4034	0.228615
-0.4032	0.228006
-0.4030	0.227399
-0.4028	0.226795
-0.4026	0.226193
-0.4024	0.225594
-0.4022	0.224996
-0.4020	0.224401
-0.4018	0.223809
-0.4016	0.223218
-0.4014	0.222630
-0.4012	0.222044
-0.4010	0.221460
-0.4008	0.220878
-0.4006	0.220298
-0.4004	0.219721
-0.4002	0.219146
-0.4000	0.218573
-0.3998	0.218002
-0.3996	0.217433
-0.3994	0.216867
-0.3992	0.216302
-0.3990	0.215740
-0.3988	0.215180
-0.3986	0.214622
-0.3984	0.214066
-0.3982	0.213512
-0.3980	0.212960
-0.3978	0.212410
-0.3976	0.211862
-0.3974	0.211317
-0.3972	0.210773
-0.3970	0.210231
-0.3968	0.209692
-0.3966	0.209154
-0.3964	0.208618
-0.3962	0.208085
-0.3960	0.207553
-0.3958	0.207023
-0.3956	0.206496
-0.3954	0.205970
-0.3952	0.205446
-0.3950	0.204924
-0.3948	0.204404
-0.3946	0.203886
-0.3944	0.203370
-0.3942	0.202856
-0.3940	0.202344
-0.3938	0.201833
-0.3936	0.201325
-0.3934	0.200818
-0.3932	0.200313
-0.3930	0.199810
-0.3928	0.199309
-0.3926	0.198810
-0.3924	0.198313
-0.3922	0.197817
-0.3920	0.197323
-0.3918	0.196831
-0.3916	0.196341
-0.3914	0.195853
-0.3912	0.195366
-0.3910	0.194881
-0.3908	0.194398
-0.3906	0.193917
-0.3904	0.193437
-0.3902	0.192959
-0.3900	0.192483
-0.3898	0.192009
-0.3896	0.191536
-0.3894	0.191065
-0.3892	0.190596
-0.3890	0.190129
-0.3888	0.189663
-0.3886	0.189199
-0.3884	0.188736
-0.3882	0.188276
-0.3880	0.187817
-0.3878	0.187359
-0.3876	0.186903
-0.3874	0.186449
-0.3872	0.185997
-0.3870	0.185546
-0.3868	0.185097
-0.3866	0.184649
-0.3864	0.184203
-0.3862	0.183758
-0.3860	0.183316
-0.3858	0.182874
-0.3856	0.182435
-0.3854	0.181997
-0.3852	0.181560
-0.3850	0.181125
-0.3848	0.180692
-0.3846	0.180260
-0.3844	0.179829
-0.3842	0.179401
-0.3840	0.178973
-0.3838	0.178548
-0.3836	0.178123
-0.3834	0.177701
-0.3832	0.177279
-0.3830	0.176860
-0.3828	0.176441
-0.3826	0.176024
-0.3824	0.175609
-0.3822	0.175195
-0.3820	0.174783
-0.3818	0.174372
-0.3816	0.173963
-0.3814	0.173555
-0.3812	0.173148
-0.3810	0.172743
-0.3808	0.172339
-0.3806	0.171937
-0.3804	0.171536
-0.3802	0.171136
-0.3800	0.170738
-0.3798	0.170341
-0.3796	0.169946
-0.3794	0.169552
-0.3792	0.169160
-0.3790	0.168768
-0.3788	0.168379
-0.3786	0.167990
-0.3784	0.167603
-0.3782	0.167217
-0.3780	0.166833
-0.3778	0.166450
-0.3776	0.166068
-0.3774	0.165688
-0.3772	0.165309
-0.3770	0.164931
-0.3768	0.164554
-0.3766	0.164179
-0.3764	0.163805
-0.3762	0.163433
-0.3760	0.163061
-0.3758	0.162691
-0.3756	0.162323
-0.3754	0.161955
-0.3752	0.161589
-0.3750	0.161224
-0.3748	0.160860
-0.3746	0.160498
-0.3744	0.160137
-0.3742	0.159777
-0.3740	0.159418
-0.3738	0.159060
-0.3736	0.158704
-0.3734	0.158349
-0.3732	0.157995
-0.3730	0.157643
-0.3728	0.157291
-0.3726	0.156941
-0.3724	0.156592
-0.3722	0.156244
-0.3720	0.155897
-0.3718	0.155552
-0.3716	0.155207
-0.3714	0.154864
-0.3712	0.154522
-0.3710	0.154181
-0.3708	0.153842
-0.3706	0.153503
-0.3704	0.153166
-0.3702	0.152830
-0.3700	0.152494
-0.3698	0.152160
-0.3696	0.151828
-0.3694	0.151496
-0.3692	0.151165
-0.3690	0.150836
-0.3688	0.150507
-0.3686	0.150180
-0.3684	0.149854
-0.3682	0.149529
-0.3680	0.149205
-0.3678	0.148882
-0.3676	0.148560
-0.3674	0.148239
-0.3672	0.147919
-0.3670	0.147601
-0.3668	0.147283
-0.3666	0.146966
-0.3664	0.146651
-0.3662	0.146336
-0.3660	0.146023
-0.3658	0.145711
-0.3656	0.145399
-0.3654	0.145089
-0.3652	0.144780
-0.3650	0.144472
-0.3648	0.144164
-0.3646	0.143858
-0.3644	0.143553
-0.3642	0.143249
-0.3640	0.142946
-0.3638	0.142643
-0.3636	0.142342
-0.3634	0.142042
-0.3632	0.141743
-0.3630	0.141445
-0.3628	0.141147
-0.3626	0.140851
-0.3624	0.140556
-0.3622	0.140261
-0.3620	0.139968
-0.3618	0.139676
-0.3616	0.139384
-0.3614	0.139094
-0.3612	0.138804
-0.3610	0.138515
-0.3608	0.138228
-0.3606	0.137941
-0.3604	0.137655
-0.3602	0.137370
-0.3600	0.137086
-0.3598	0.136803
-0.3596	0.136521
-0.3594	0.136240
-0.3592	0.135960
-0.3590	0.135680
-0.3588	0.135402
-0.3586	0.135124
-0.3584	0.134847
-0.3582	0.134572
-0.3580	0.134297
-0.3578	0.134023
-0.3576	0.133749
-0.3574	0.133477
-0.3572	0.133206
-0.3570	0.132935
-0.3568	0.132666
-0.3566	0.132397
-0.3564	0.132129
-0.3562	0.131862
-0.3560	0.131595
-0.3558	0.131330
-0.3556	0.131066
-0.3554	0.130802
-0.3552	0.130539
-0.3550	0.130277
-0.3548	0.130016
-0.3546	0.129755
-0.3544	0.129496
-0.3542	0.129237
-0.3540	0.128979
-0.3538	0.128722
-0.3536	0.128466
-0.3534	0.128210
-0.3532	0.127956
-0.3530	0.127702
-0.3528	0.127449
-0.3526	0.127197
-0.3524	0.126945
-0.3522	0.126695
-0.3520	0.126445
-0.3518	0.126196
-0.3516	0.125947
-0.3514	0.125700
-0.3512	0.125453
-0.3510	0.125207
-0.3508	0.124962
-0.3506	0.124717
-0.3504	0.124474
-0.3502	0.124231
-0.3500	0.123989
-0.3498	0.123747
-0.3496	0.123507
-0.3494	0.123267
-0.3492	0.123027
-0.3490	0.122789
-0.3488	0.122551
-0.3486	0.122314
-0.3484	0.122078
-0.3482	0.121843
-0.3480	0.121608
-0.3478	0.121374
-0.3476	0.121141
-0.3474	0.120908
-0.3472	0.120676
-0.3470	0.120445
-0.3468	0.120215
-0.3466	0.119985
-0.3464	0.119756
-0.3462	0.119528
-0.3460	0.119300
-0.3458	0.119073
-0.3456	0.118847
-0.3454	0.118621
-0.3452	0.118397
-0.3450	0.118172
-0.3448	0.117949
-0.3446	0.117726
-0.3444	0.117504
-0.3442	0.117283
-0.3440	0.117062
-0.3438	0.116842
-0.3436	0.116623
-0.3434	0.116404
-0.3432	0.116186
-0.3430	0.115968
-0.3428	0.115752
-0.3426	0.115535
-0.3424	0.115320
-0.3422	0.115105
-0.3420	0.114891
-0.3418	0.114678
-0.3416	0.114465
-0.3414	0.114253
-0.3412	0.114041
-0.3410	0.113830
-0.3408	0.113620
-0.3406	0.113410
-0.3404	0.113201
-0.3402	0.112993
-0.3400	0.112785
-0.3398	0.112578
-0.3396	0.112371
-0.3394	0.112165
-0.3392	0.111960
-0.3390	0.111756
-0.3388	0.111551
-0.3386	0.111348
-0.3384	0.111145
-0.3382	0.110943
-0.3380	0.110741
-0.3378	0.110540
-0.3376	0.110340
-0.3374	0.110140
-0.3372	0.109941
-0.3370	0.109742
-0.3368	0.109544
-0.3366	0.109346
-0.3364	0.109150
-0.3362	0.108953
-0.3360	0.108758
-0.3358	0.108562
-0.3356	0.108368
-0.3354	0.108174
-0.3352	0.107980
-0.3350	0.107787
-0.3348	0.107595
-0.3346	0.107403
-0.3344	0.107212
-0.3342	0.107022
-0.3340	0.106832
-0.3338	0.106642
-0.3336	0.106453
-0.3334	0.106265
-0.3332	0.106077
-0.3330	0.105890
-0.3328	0.105703
-0.3326	0.105517
-0.3324	0.105331
-0.3322	0.105146
-0.3320	0.104961
-0.3318	0.104777
-0.3316	0.104594
-0.3314	0.104411
-0.3312	0.104229
-0.3310	0.104047
-0.3308	0.103865
-0.3306	0.103684
-0.3304	0.103504
-0.3302	0.103324
-0.3300	0.103145
-0.3298	0.102966
-0.3296	0.102788
-0.3294	0.102610
-0.3292	0.102433
-0.3290	0.102256
-0.3288	0.102080
-0.3286	0.101904
-0.3284	0.101729
-0.3282	0.101555
-0.3280	0.101380
-0.3278	0.101207
-0.3276	0.101033
-0.3274	0.100861
-0.3272	0.100689
-0.3270	0.100517
-0.3268	0.100346
-0.3266	0.100175
-0.3264	0.100005
-0.3262	0.099835
-0.3260	0.099666
-0.3258	0.099497
-0.3256	0.099329
-0.3254	0.099161
-0.3252	0.098993
-0.3250	0.098826
-0.3248	0.098660
-0.3246	0.098494
-0.3244	0.098329
-0.3242	0.098164
-0.3240	0.097999
-0.3238	0.097835
-0.3236	0.097671
-0.3234	0.097508
-0.3232	0.097346
-0.3230	0.097183
-0.3228	0.097022
-0.3226	0.096860
-0.3224	0.096699
-0.3222	0.096539
-0.3220	0.096379
-0.3218	0.096220
-0.3216	0.096061
-0.3214	0.095902
-0.3212	0.095744
-0.3210	0.095586
-0.3208	0.095429
-0.3206	0.095272
-0.3204	0.095115
-0.3202	0.094960
-0.3200	0.094804
-0.3198	0.094649
-0.3196	0.094494
-0.3194	0.094340
-0.3192	0.094186
-0.3190	0.094033
-0.3188	0.093880
-0.3186	0.093727
-0.3184	0.093575
-0.3182	0.093423
-0.3180	0.093272
-0.3178	0.093121
-0.3176	0.092971
-0.3174	0.092821
-0.3172	0.092671
-0.3170	0.092522
-0.3168	0.092373
-0.3166	0.092225
-0.3164	0.092077
-0.3162	0.091929
-0.3160	0.091782
-0.3158	0.091635
-0.3156	0.091489
-0.3154	0.091343
-0.3152	0.091198
-0.3150	0.091052
-0.3148	0.090908
-0.3146	0.090763
-0.3144	0.090619
-0.3142	0.090476
-0.3140	0.090333
-0.3138	0.090190
-0.3136	0.090047
-0.3134	0.089905
-0.3132	0.089764
-0.3130	0.089623
-0.3128	0.089482
-0.3126	0.089341
-0.3124	0.089201
-0.3122	0.089061
-0.3120	0.088922
-0.3118	0.088783
-0.3116	0.088645
-0.3114	0.088506
-0.3112	0.088369
-0.3110	0.088231
-0.3108	0.088094
-0.3106	0.087957
-0.3104	0.087821
-0.3102	0.087685
-0.3100	0.087549
-0.3098	0.087414
-0.3096	0.087279
-0.3094	0.087145
-0.3092	0.087011
-0.3090	0.086877
-0.3088	0.086743
-0.3086	0.086610
-0.3084	0.086477
-0.3082	0.086345
-0.3080	0.086213
-0.3078	0.086081
-0.3076	0.085950
-0.3074	0.085819
-0.3072	0.085689
-0.3070	0.085558
-0.3068	0.085428
-0.3066	0.085299
-0.3064	0.085169
-0.3062	0.085041
-0.3060	0.084912
-0.3058	0.084784
-0.3056	0.084656
-0.3054	0.084528
-0.3052	0.084401
-0.3050	0.084274
-0.3048	0.084148
-0.3046	0.084022
-0.3044	0.083896
-0.3042	0.083770
-0.3040	0.083645
-0.3038	0.083520
-0.3036	0.083396
-0.3034	0.083272
-0.3032	0.083148
-0.3030	0.083024
-0.3028	0.082901
-0.3026	0.082778
-0.3024	0.082655
-0.3022	0.082533
-0.3020	0.082411
-0.3018	0.082290
-0.3016	0.082168
-0.3014	0.082047
-0.3012	0.081927
-0.3010	0.081806
-0.3008	0.081686
-0.3006	0.081566
-0.3004	0.081447
-0.3002	0.081328
-0.3000	0.081209
-0.2998	0.081091
-0.2996	0.080972
-0.2994	0.080855
-0.2992	0.080737
-0.2990	0.080620
-0.2988	0.080503
-0.2986	0.080386
-0.2984	0.080270
-0.2982	0.080154
-0.2980	0.080038
-0.2978	0.079923
-0.2976	0.079807
-0.2974	0.079693
-0.2972	0.079578
-0.2970	0.079464
-0.2968	0.079350
-0.2966	0.079236
-0.2964	0.079123
-0.2962	0.079010
-0.2960	0.078897
-0.2958	0.078784
-0.2956	0.078672
-0.2954	0.078560
-0.2952	0.078448
-0.2950	0.078337
-0.2948	0.078226
-0.2946	0.078115
-0.2944	0.078005
-0.2942	0.077894
-0.2940	0.077785
-0.2938	0.077675
-0.2936	0.077565
-0.2934	0.077456
-0.2932	0.077348
-0.2930	0.077239
-0.2928	0.077131
-0.2926	0.077023
-0.2924	0.076915
-0.2922	0.076808
-0.2920	0.076700
-0.2918	0.076593
-0.2916	0.076487
-0.2914	0.076380
-0.2912	0.076274
-0.2910	0.076168
-0.2908	0.076063
-0.2906	0.075958
-0.2904	0.075853
-0.2902	0.075748
-0.2900	0.075643
-0.2898	0.075539
-0.2896	0.075435
-0.2894	0.075331
-0.2892	0.075228
-0.2890	0.075125
-0.2888	0.075022
-0.2886	0.074919
-0.2884	0.074817
-0.2882	0.074714
-0.2880	0.074613
-0.2878	0.074511
-0.2876	0.074409
-0.2874	0.074308
-0.2872	0.074207
-0.2870	0.074107
-0.2868	0.074006
-0.2866	0.073906
-0.2864	0.073806
-0.2862	0.073707
-0.2860	0.073607
-0.2858	0.073508
-0.2856	0.073409
-0.2854	0.073311
-0.2852	0.073212
-0.2850	0.073114
-0.2848	0.073016
-0.2846	0.072918
-0.2844	0.072821
-0.2842	0.072724
-0.2840	0.072627
-0.2838	0.072530
-0.2836	0.072434
-0.2834	0.072337
-0.2832	0.072241
-0.2830	0.072146
-0.2828	0.072050
-0.2826	0.071955
-0.2824	0.071860
-0.2822	0.071765
-0.2820	0.071670
-0.2818	0.071576
-0.2816	0.071482
-0.2814	0.071388
-0.2812	0.071294
-0.2810	0.071201
-0.2808	0.071108
-0.2806	0.071015
-0.2804	0.070922
-0.2802	0.070829
-0.2800	0.070737
-0.2798	0.070645
-0.2796	0.070553
-0.2794	0.070461
-0.2792	0.070370
-0.2790	0.070279
-0.2788	0.070188
-0.2786	0.070097
-0.2784	0.070007
-0.2782	0.069916
-0.2780	0.069826
-0.2778	0.069736
-0.2776	0.069647
-0.2774	0.069557
-0.2772	0.069468
-0.2770	0.069379
-0.2768	0.069290
-0.2766	0.069202
-0.2764	0.069113
-0.2762	0.069025
-0.2760	0.068937
-0.2758	0.068850
-0.2756	0.068762
-0.2754	0.068675
-0.2752	0.068588
-0.2750	0.068501
-0.2748	0.068414
-0.2746	0.068328
-0.2744	0.068242
-0.2742	0.068156
-0.2740	0.068070
-0.2738	0.067984
-0.2736	0.067899
-0.2734	0.067814
-0.2732	0.067729
-0.2730	0.067644
-0.2728	0.067559
-0.2726	0.067475
-0.2724	0.067391
-0.2722	0.067307
-0.2720	0.067223
-0.2718	0.067139
-0.2716	0.067056
-0.2714	0.066973
-0.2712	0.066890
-0.2710	0.066807
-0.2708	0.066724
-0.2706	0.066642
-0.2704	0.066560
-0.2702	0.066478
-0.2700	0.066396
-0.2698	0.066314
-0.2696	0.066233
-0.2694	0.066152
-0.2692	0.066071
-0.2690	0.065990
-0.2688	0.065909
-0.2686	0.065829
-0.2684	0.065748
-0.2682	0.065668
-0.2680	0.065588
-0.2678	0.065509
-0.2676	0.065429
-0.2674	0.065350
-0.2672	0.065271
-0.2670	0.065192
-0.2668	0.065113
-0.2666	0.065034
-0.2664	0.064956
-0.2662	0.064878
-0.2660	0.064800
-0.2658	0.064722
-0.2656	0.064644
-0.2654	0.064567
-0.2652	0.064489
-0.2650	0.064412
-0.2648	0.064335
-0.2646	0.064258
-0.2644	0.064182
-0.2642	0.064106
-0.2640	0.064029
-0.2638	0.063953
-0.2636	0.063877
-0.2634	0.063802
-0.2632	0.063726
-0.2630	0.063651
-0.2628	0.063576
-0.2626	0.063501
-0.2624	0.063426
-0.2622	0.063351
-0.2620	0.063277
-0.2618	0.063202
-0.2616	0.063128
-0.2614	0.063054
-0.2612	0.062981
-0.2610	0.062907
-0.2608	0.062834
-0.2606	0.062760
-0.2604	0.062687
-0.2602	0.062614
-0.2600	0.062542
-0.2598	0.062469
-0.2596	0.062397
-0.2594	0.062324
-0.2592	0.062252
-0.2590	0.062180
-0.2588	0.062109
-0.2586	0.062037
-0.2584	0.061966
-0.2582	0.061894
-0.2580	0.061823
-0.2578	0.061752
-0.2576	0.061681
-0.2574	0.061611
-0.2572	0.061540
-0.2570	0.061470
-0.2568	0.061400
-0.2566	0.061330
-0.2564	0.061260
-0.2562	0.061191
-0.2560	0.061121
-0.2558	0.061052
-0.2556	0.060983
-0.2554	0.060914
-0.2552	0.060845
-0.2550	0.060776
-0.2548	0.060708
-0.2546	0.060639
-0.2544	0.060571
-0.2542	0.060503
-0.2540	0.060435
-0.2538	0.060367
-0.2536	0.060300
-0.2534	0.060232
-0.2532	0.060165
-0.2530	0.060098
-0.2528	0.060031
-0.2526	0.059964
-0.2524	0.059897
-0.2522	0.059831
-0.2520	0.059764
-0.2518	0.059698
-0.2516	0.059632
-0.2514	0.059566
-0.2512	0.059500
-0.2510	0.059435
-0.2508	0.059369
-0.2506	0.059304
-0.2504	0.059239
-0.2502	0.059174
-0.2500	0.059109
-0.2498	0.059044
-0.2496	0.058979
-0.2494	0.058915
-0.2492	0.058851
-0.2490	0.058787
-0.2488	0.058723
-0.2486	0.058659
-0.2484	0.058595
-0.2482	0.058531
-0.2480	0.058468
-0.2478	0.058405
-0.2476	0.058341
-0.2474	0.058278
-0.2472	0.058216
-0.2470	0.058153
-0.2468	0.058090
-0.2466	0.058028
-0.2464	0.057965
-0.2462	0.057903
-0.2460	0.057841
-0.2458	0.057779
-0.2456	0.057718
-0.2454	0.057656
-0.2452	0.057594
-0.2450	0.057533
-0.2448	0.057472
-0.2446	0.057411
-0.2444	0.057350
-0.2442	0.057289
-0.2440	0.057228
-0.2438	0.057168
-0.2436	0.057108
-0.2434	0.057047
-0.2432	0.056987
-0.2430	0.056927
-0.2428	0.056867
-0.2426	0.056808
-0.2424	0.056748
-0.2422	0.056689
-0.2420	0.056629
-0.2418	0.056570
-0.2416	0.056511
-0.2414	0.056452
-0.2412	0.056393
-0.2410	0.056335
-0.2408	0.056276
-0.2406	0.056218
-0.2404	0.056159
-0.2402	0.056101
-0.2400	0.056043
-0.2398	0.055985
-0.2396	0.055927
-0.2394	0.055870
-0.2392	0.055812
-0.2390	0.055755
-0.2388	0.055698
-0.2386	0.055640
-0.2384	0.055583
-0.2382	0.055527
-0.2380	0.055470
-0.2378	0.055413
-0.2376	0.055357
-0.2374	0.055300
-0.2372	0.055244
-0.2370	0.055188
-0.2368	0.055132
-0.2366	0.055076
-0.2364	0.055020
-0.2362	0.054965
-0.2360	0.054909
-0.2358	0.054854
-0.2356	0.054798
-0.2354	0.054743
-0.2352	0.054688
-0.2350	0.054633
-0.2348	0.054578
-0.2346	0.054524
-0.2344	0.054469
-0.2342	0.054415
-0.2340	0.054360
-0.2338	0.054306
-0.2336	0.054252
-0.2334	0.054198
-0.2332	0.054144
-0.2330	0.054091
-0.2328	0.054037
-0.2326	0.053983
-0.2324	0.053930
-0.2322	0.053877
-0.2320	0.053824
-0.2318	0.053771
-0.2316	0.053718
-0.2314	0.053665
-0.2312	0.053612
-0.2310	0.053560
-0.2308	0.053507
-0.2306	0.053455
-0.2304	0.053402
-0.2302	0.053350
-0.2300	0.053298
-0.2298	0.053246
-0.2296	0.053195
-0.2294	0.053143
-0.2292	0.053091
-0.2290	0.053040
-0.2288	0.052989
-0.2286	0.052937
-0.2284	0.052886
-0.2282	0.052835
-0.2280	0.052784
-0.2278	0.052734
-0.2276	0.052683
-0.2274	0.052632
-0.2272	0.052582
-0.2270	0.052532
-0.2268	0.052481
-0.2266	0.052431
-0.2264	0.052381
-0.2262	0.052331
-0.2260	0.052281
-0.2258	0.052232
-0.2256	0.052182
-0.2254	0.052133
-0.2252	0.052083
-0.2250	0.052034
-0.2248	0.051985
-0.2246	0.051936
-0.2244	0.051887
-0.2242	0.051838
-0.2240	0.051789
-0.2238	0.051741
-0.2236	0.051692
-0.2234	0.051644
-0.2232	0.051595
-0.2230	0.051547
-0.2228	0.051499
-0.2226	0.051451
-0.2224	0.051403
-0.2222	0.051355
-0.2220	0.051307
-0.2218	0.051260
-0.2216	0.051212
-0.2214	0.051165
-0.2212	0.051118
-0.2210	0.051070
-0.2208	0.051023
-0.2206	0.050976
-0.2204	0.050929
-0.2202	0.050882
-0.2200	0.050836
-0.2198	0.050789
-0.2196	0.050743
-0.2194	0.050696
-0.2192	0.050650
-0.2190	0.050604
-0.2188	0.050558
-0.2186	0.050512
-0.2184	0.050466
-0.2182	0.050420
-0.2180	0.050374
-0.2178	0.050328
-0.2176	0.050283
-0.2174	0.050238
-0.2172	0.050192
-0.2170	0.050147
-0.2168	0.050102
-0.2166	0.050057
-0.2164	0.050012
-0.2162	0.049967
-0.2160	0.049922
-0.2158	0.049878
-0.2156	0.049833
-0.2154	0.049788
-0.2152	0.049744
-0.2150	0.049700
-0.2148	0.049656
-0.2146	0.049611
-0.2144	0.049567
-0.2142	0.049524
-0.2140	0.049480
-0.2138	0.049436
-0.2136	0.049392
-0.2134	0.049349
-0.2132	0.049305
-0.2130	0.049262
-0.2128	0.049219
-0.2126	0.049176
-0.2124	0.049132
-0.2122	0.049089
-0.2120	0.049047
-0.2118	0.049004
-0.2116	0.048961
-0.2114	0.048918
-0.2112	0.048876
-0.2110	0.048833
-0.2108	0.048791
-0.2106	0.048749
-0.2104	0.048706
-0.2102	0.048664
-0.2100	0.048622
-0.2098	0.048580
-0.2096	0.048539
-0.2094	0.048497
-0.2092	0.048455
-0.2090	0.048414
-0.2088	0.048372
-0.2086	0.048331
-0.2084	0.048289
-0.2082	0.048248
-0.2080	0.048207
-0.2078	0.048166
-0.2076	0.048125
-0.2074	0.048084
-0.2072	0.048043
-0.2070	0.048003
-0.2068	0.047962
-0.2066	0.047921
-0.2064	0.047881
-0.2062	0.047841
-0.2060	0.047800
-0.2058	0.047760
-0.2056	0.047720
-0.2054	0.047680
-0.2052	0.047640
-0.2050	0.047600
-0.2048	0.047560
-0.2046	0.047521
-0.2044	0.047481
-0.2042	0.047441
-0.2040	0.047402
-0.2038	0.047363
-0.2036	0.047323
-0.2034	0.047284
-0.2032	0.047245
-0.2030	0.047206
-0.2028	0.047167
-0.2026	0.047128
-0.2024	0.047089
-0.2022	0.047051
-0.2020	0.047012
-0.2018	0.046973
-0.2016	0.046935
-0.2014	0.046896
-0.2012	0.046858
-0.2010	0.046820
-0.2008	0.046782
-0.2006	0.046744
-0.2004	0.046706
-0.2002	0.046668
-0.2000	0.046630
-0.1998	0.046592
-0.1996	0.046554
-0.1994	0.046517
-0.1992	0.046479
-0.1990	0.046442
-0.1988	0.046405
-0.1986	0.046367
-0.1984	0.046330
-0.1982	0.046293
-0.1980	0.046256
-0.1978	0.046219
-0.1976	0.046182
-0.1974	0.046145
-0.1972	0.046108
-0.1970	0.046072
-0.1968	0.046035
-0.1966	0.045998
-0.1964	0.045962
-0.1962	0.045926
-0.1960	0.045889
-0.1958	0.045853
-0.1956	0.045817
-0.1954	0.045781
-0.1952	0.045745
-0.1950	0.045709
-0.1948	0.045673
-0.1946	0.045637
-0.1944	0.045602
-0.1942	0.045566
-0.1940	0.045530
-0.1938	0.045495
-0.1936	0.045460
-0.1934	0.045424
-0.1932	0.045389
-0.1930	0.045354
-0.1928	0.045319
-0.1926	0.045284
-0.1924	0.045249
-0.1922	0.045214
-0.1920	0.045179
-0.1918	0.045144
-0.1916	0.045109
-0.1914	0.045075
-0.1912	0.045040
-0.1910	0.045006
-0.1908	0.044971
-0.1906	0.044937
-0.1904	0.044903
-0.1902	0.044869
-0.1900	0.044834
-0.1898	0.044800
-0.1896	0.044766
-0.1894	0.044733
-0.1892	0.044699
-0.1890	0.044665
-0.1888	0.044631
-0.1886	0.044598
-0.1884	0.044564
-0.1882	0.044531
-0.1880	0.044497
-0.1878	0.044464
-0.1876	0.044431
-0.1874	0.044397
-0.1872	0.044364
-0.1870	0.044331
-0.1868	0.044298
-0.1866	0.044265
-0.1864	0.044232
-0.1862	0.044199
-0.1860	0.044167
-0.1858	0.044134
-0.1856	0.044101
-0.1854	0.044069
-0.1852	0.044036
-0.1850	0.044004
-0.1848	0.043972
-0.1846	0.043939
-0.1844	0.043907
-0.1842	0.043875
-0.1840	0.043843
-0.1838	0.043811
-0.1836	0.043779
-0.1834	0.043747
-0.1832	0.043715
-0.1830	0.043684
-0.1828	0.043652
-0.1826	0.043620
-0.1824	0.043589
-0.1822	0.043557
-0.1820	0.043526
-0.1818	0.043495
-0.1816	0.043463
-0.1814	0.043432
-0.1812	0.043401
-0.1810	0.043370
-0.1808	0.043339
-0.1806	0.043308
-0.1804	0.043277
-0.1802	0.043246
-0.1800	0.043215
-0.1798	0.043185
-0.1796	0.043154
-0.1794	0.043123
-0.1792	0.043093
-0.1790	0.043062
-0.1788	0.043032
-0.1786	0.043002
-0.1784	0.042971
-0.1782	0.042941
-0.1780	0.042911
-0.1778	0.042881
-0.1776	0.042851
-0.1774	0.042821
-0.1772	0.042791
-0.1770	0.042761
-0.1768	0.042731
-0.1766	0.042702
-0.1764	0.042672
-0.1762	0.042642
-0.1760	0.042613
-0.1758	0.042583
-0.1756	0.042554
-0.1754	0.042525
-0.1752	0.042495
-0.1750	0.042466
-0.1748	0.042437
-0.1746	0.042408
-0.1744	0.042379
-0.1742	0.042350
-0.1740	0.042321
-0.1738	0.042292
-0.1736	0.042263
-0.1734	0.042234
-0.1732	0.042206
-0.1730	0.042177
-0.1728	0.042149
-0.1726	0.042120
-0.1724	0.042092
-0.1722	0.042063
-0.1720	0.042035
-0.1718	0.042007
-0.1716	0.041978
-0.1714	0.041950
-0.1712	0.041922
-0.1710	0.041894
-0.1708	0.041866
-0.1706	0.041838
-0.1704	0.041810
-0.1702	0.041782
-0.1700	0.041755
-0.1698	0.041727
-0.1696	0.041699
-0.1694	0.041672
-0.1692	0.041644
-0.1690	0.041617
-0.1688	0.041589
-0.1686	0.041562
-0.1684	0.041535
-0.1682	0.041507
-0.1680	0.041480
-0.1678	0.041453
-0.1676	0.041426
-0.1674	0.041399
-0.1672	0.041372
-0.1670	0.041345
-0.1668	0.041318
-0.1666	0.041291
-0.1664	0.041265
-0.1662	0.041238
-0.1660	0.041211
-0.1658	0.041185
-0.1656	0.041158
-0.1654	0.041132
-0.1652	0.041105
-0.1650	0.041079
-0.1648	0.041053
-0.1646	0.041026
-0.1644	0.041000
-0.1642	0.040974
-0.1640	0.040948
-0.1638	0.040922
-0.1636	0.040896
-0.1634	0.040870
-0.1632	0.040844
-0.1630	0.040818
-0.1628	0.040792
-0.1626	0.040767
-0.1624	0.040741
-0.1622	0.040715
-0.1620	0.040690
-0.1618	0.040664
-0.1616	0.040639
-0.1614	0.040613
-0.1612	0.040588
-0.1610	0.040563
-0.1608	0.040538
-0.1606	0.040512
-0.1604	0.040487
-0.1602	0.040462
-0.1600	0.040437
-0.1598	0.040412
-0.1596	0.040387
-0.1594	0.040362
-0.1592	0.040338
-0.1590	0.040313
-0.1588	0.040288
-0.1586	0.040263
-0.1584	0.040239
-0.1582	0.040214
-0.1580	0.040190
-0.1578	0.040165
-0.1576	0.040141
-0.1574	0.040116
-0.1572	0.040092
-0.1570	0.040068
-0.1568	0.040044
-0.1566	0.040019
-0.1564	0.039995
-0.1562	0.039971
-0.1560	0.039947
-0.1558	0.039923
-0.1556	0.039899
-0.1554	0.039875
-0.1552	0.039852
-0.1550	0.039828
-0.1548	0.039804
-0.1546	0.039780
-0.1544	0.039757
-0.1542	0.039733
-0.1540	0.039710
-0.1538	0.039686
-0.1536	0.039663
-0.1534	0.039639
-0.1532	0.039616
-0.1530	0.039593
-0.1528	0.039570
-0.1526	0.039546
-0.1524	0.039523
-0.1522	0.039500
-0.1520	0.039477
-0.1518	0.039454
-0.1516	0.039431
-0.1514	0.039408
-0.1512	0.039386
-0.1510	0.039363
-0.1508	0.039340
-0.1506	0.039317
-0.1504	0.039295
-0.1502	0.039272
-0.1500	0.039250
-0.1498	0.039227
-0.1496	0.039205
-0.1494	0.039182
-0.1492	0.039160
-0.1490	0.039137
-0.1488	0.039115
-0.1486	0.039093
-0.1484	0.039071
-0.1482	0.039049
-0.1480	0.039027
-0.1478	0.039004
-0.1476	0.038982
-0.1474	0.038961
-0.1472	0.038939
-0.1470	0.038917
-0.1468	0.038895
-0.1466	0.038873
-0.1464	0.038851
-0.1462	0.038830
-0.1460	0.038808
-0.1458	0.038787
-0.1456	0.038765
-0.1454	0.038744
-0.1452	0.038722
-0.1450	0.038701
-0.1448	0.038679
-0.1446	0.038658
-0.1444	0.038637
-0.1442	0.038616
-0.1440	0.038594
-0.1438	0.038573
-0.1436	0.038552
-0.1434	0.038531
-0.1432	0.038510
-0.1430	0.038489
-0.1428	0.038468
-0.1426	0.038447
-0.1424	0.038427
-0.1422	0.038406
-0.1420	0.038385
-0.1418	0.038364
-0.1416	0.038344
-0.1414	0.038323
-0.1412	0.038303
-0.1410	0.038282
-0.1408	0.038262
-0.1406	0.038241
-0.1404	0.038221
-0.1402	0.038201
-0.1400	0.038180
-0.1398	0.038160
-0.1396	0.038140
-0.1394	0.038120
-0.1392	0.038099
-0.1390	0.038079
-0.1388	0.038059
-0.1386	0.038039
-0.1384	0.038019
-0.1382	0.038000
-0.1380	0.037980
-0.1378	0.037960
-0.1376	0.037940
-0.1374	0.037920
-0.1372	0.037901
-0.1370	0.037881
-0.1368	0.037861
-0.1366	0.037842
-0.1364	0.037822
-0.1362	0.037803
-0.1360	0.037783
-0.1358	0.037764
-0.1356	0.037745
-0.1354	0.037725
-0.1352	0.037706
-0.1350	0.037687
-0.1348	0.037668
-0.1346	0.037648
-0.1344	0.037629
-0.1342	0.037610
-0.1340	0.037591
-0.1338	0.037572
-0.1336	0.037553
-0.1334	0.037534
-0.1332	0.037516
-0.1330	0.037497
-0.1328	0.037478
-0.1326	0.037459
-0.1324	0.037441
-0.1322	0.037422
-0.1320	0.037403
-0.1318	0.037385
-0.1316	0.037366
-0.1314	0.037348
-0.1312	0.037329
-0.1310	0.037311
-0.1308	0.037292
-0.1306	0.037274
-0.1304	0.037256
-0.1302	0.037238
-0.1300	0.037219
-0.1298	0.037201
-0.1296	0.037183
-0.1294	0.037165
-0.1292	0.037147
-0.1290	0.037129
-0.1288	0.037111
-0.1286	0.037093
-0.1284	0.037075
-0.1282	0.037057
-0.1280	0.037039
-0.1278	0.037022
-0.1276	0.037004
-0.1274	0.036986
-0.1272	0.036969
-0.1270	0.036951
-0.1268	0.036933
-0.1266	0.036916
-0.1264	0.036898
-0.1262	0.036881
-0.1260	0.036863
-0.1258	0.036846
-0.1256	0.036829
-0.1254	0.036811
-0.1252	0.036794
-0.1250	0.036777
-0.1248	0.036760
-0.1246	0.036742
-0.1244	0.036725
-0.1242	0.036708
-0.1240	0.036691
-0.1238	0.036674
-0.1236	0.036657
-0.1234	0.036640
-0.1232	0.036623
-0.1230	0.036607
-0.1228	0.036590
-0.1226	0.036573
-0.1224	0.036556
-0.1222	0.036539
-0.1220	0.036523
-0.1218	0.036506
-0.1216	0.036490
-0.1214	0.036473
-0.1212	0.036457
-0.1210	0.036440
-0.1208	0.036424
-0.1206	0.036407
-0.1204	0.036391
-0.1202	0.036374
-0.1200	0.036358
-0.1198	0.036342
-0.1196	0.036326
-0.1194	0.036310
-0.1192	0.036293
-0.1190	0.036277
-0.1188	0.036261
-0.1186	0.036245
-0.1184	0.036229
-0.1182	0.036213
-0.1180	0.036197
-0.1178	0.036181
-0.1176	0.036165
-0.1174	0.036150
-0.1172	0.036134
-0.1170	0.036118
-0.1168	0.036102
-0.1166	0.036087
-0.1164	0.036071
-0.1162	0.036055
-0.1160	0.036040
-0.1158	0.036024
-0.1156	0.036009
-0.1154	0.035993
-0.1152	0.035978
-0.1150	0.035963
-0.1148	0.035947
-0.1146	0.035932
-0.1144	0.035917
-0.1142	0.035901
-0.1140	0.035886
-0.1138	0.035871
-0.1136	0.035856
-0.1134	0.035841
-0.1132	0.035826
-0.1130	0.035811
-0.1128	0.035796
-0.1126	0.035781
-0.1124	0.035766
-0.1122	0.035751
-0.1120	0.035736
-0.1118	0.035721
-0.1116	0.035706
-0.1114	0.035692
-0.1112	0.035677
-0.1110	0.035662
-0.1108	0.035647
-0.1106	0.035633
-0.1104	0.035618
-0.1102	0.035604
-0.1100	0.035589
-0.1098	0.035575
-0.1096	0.035560
-0.1094	0.035546
-0.1092	0.035531
-0.1090	0.035517
-0.1088	0.035503
-0.1086	0.035489
-0.1084	0.035474
-0.1082	0.035460
-0.1080	0.035446
-0.1078	0.035432
-0.1076	0.035418
-0.1074	0.035404
-0.1072	0.035390
-0.1070	0.035376
-0.1068	0.035362
-0.1066	0.035348
-0.1064	0.035334
-0.1062	0.035320
-0.1060	0.035306
-0.1058	0.035292
-0.1056	0.035278
-0.1054	0.035265
-0.1052	0.035251
-0.1050	0.035237
-0.1048	0.035224
-0.1046	0.035210
-0.1044	0.035196
-0.1042	0.035183
-0.1040	0.035169
-0.1038	0.035156
-0.1036	0.035142
-0.1034	0.035129
-0.1032	0.035116
-0.1030	0.035102
-0.1028	0.035089
-0.1026	0.035076
-0.1024	0.035062
-0.1022	0.035049
-0.1020	0.035036
-0.1018	0.035023
-0.1016	0.035010
-0.1014	0.034997
-0.1012	0.034984
-0.1010	0.034971
-0.1008	0.034958
-0.1006	0.034945
-0.1004	0.034932
-0.1002	0.034919
-0.1000	0.034906
-0.0998	0.034893
-0.0996	0.034880
-0.0994	0.034868
-0.0992	0.034855
-0.0990	0.034842
-0.0988	0.034829
-0.0986	0.034817
-0.0984	0.034804
-0.0982	0.034792
-0.0980	0.034779
-0.0978	0.034767
-0.0976	0.034754
-0.0974	0.034742
-0.0972	0.034729
-0.0970	0.034717
-0.0968	0.034704
-0.0966	0.034692
-0.0964	0.034680
-0.0962	0.034668
-0.0960	0.034655
-0.0958	0.034643
-0.0956	0.034631
-0.0954	0.034619
-0.0952	0.034607
-0.0950	0.034595
-0.0948	0.034583
-0.0946	0.034571
-0.0944	0.034559
-0.0942	0.034547
-0.0940	0.034535
-0.0938	0.034523
-0.0936	0.034511
-0.0934	0.034499
-0.0932	0.034487
-0.0930	0.034476
-0.0928	0.034464
-0.0926	0.034452
-0.0924	0.034440
-0.0922	0.034429
-0.0920	0.034417
-0.0918	0.034406
-0.0916	0.034394
-0.0914	0.034383
-0.0912	0.034371
-0.0910	0.034360
-0.0908	0.034348
-0.0906	0.034337
-0.0904	0.034325
-0.0902	0.034314
-0.0900	0.034303
-0.0898	0.034291
-0.0896	0.034280
-0.0894	0.034269
-0.0892	0.034258
-0.0890	0.034247
-0.0888	0.034235
-0.0886	0.034224
-0.0884	0.034213
-0.0882	0.034202
-0.0880	0.034191
-0.0878	0.034180
-0.0876	0.034169
-0.0874	0.034158
-0.0872	0.034147
-0.0870	0.034137
-0.0868	0.034126
-0.0866	0.034115
-0.0864	0.034104
-0.0862	0.034093
-0.0860	0.034083
-0.0858	0.034072
-0.0856	0.034061
-0.0854	0.034051
-0.0852	0.034040
-0.0850	0.034030
-0.0848	0.034019
-0.0846	0.034009
-0.0844	0.033998
-0.0842	0.033988
-0.0840	0.033977
-0.0838	0.033967
-0.0836	0.033956
-0.0834	0.033946
-0.0832	0.033936
-0.0830	0.033925
-0.0828	0.033915
-0.0826	0.033905
-0.0824	0.033895
-0.0822	0.033885
-0.0820	0.033875
-0.0818	0.033864
-0.0816	0.033854
-0.0814	0.033844
-0.0812	0.033834
-0.0810	0.033824
-0.0808	0.033814
-0.0806	0.033804
-0.0804	0.033794
-0.0802	0.033785
-0.0800	0.033775
-0.0798	0.033765
-0.0796	0.033755
-0.0794	0.033745
-0.0792	0.033736
-0.0790	0.033726
-0.0788	0.033716
-0.0786	0.033707
-0.0784	0.033697
-0.0782	0.033687
-0.0780	0.033678
-0.0778	0.033668
-0.0776	0.033659
-0.0774	0.033649
-0.0772	0.033640
-0.0770	0.033630
-0.0768	0.033621
-0.0766	0.033612
-0.0764	0.033602
-0.0762	0.033593
-0.0760	0.033584
-0.0758	0.033574
-0.0756	0.033565
-0.0754	0.033556
-0.0752	0.033547
-0.0750	0.033538
-0.0748	0.033528
-0.0746	0.033519
-0.0744	0.033510
-0.0742	0.033501
-0.0740	0.033492
-0.0738	0.033483
-0.0736	0.033474
-0.0734	0.033465
-0.0732	0.033457
-0.0730	0.033448
-0.0728	0.033439
-0.0726	0.033430
-0.0724	0.033421
-0.0722	0.033412
-0.0720	0.033404
-0.0718	0.033395
-0.0716	0.033386
-0.0714	0.033378
-0.0712	0.033369
-0.0710	0.033360
-0.0708	0.033352
-0.0706	0.033343
-0.0704	0.033335
-0.0702	0.033326
-0.0700	0.033318
-0.0698	0.033309
-0.0696	0.033301
-0.0694	0.033293
-0.0692	0.033284
-0.0690	0.033276
-0.0688	0.033268
-0.0686	0.033259
-0.0684	0.033251
-0.0682	0.033243
-0.0680	0.033235
-0.0678	0.033226
-0.0676	0.033218
-0.0674	0.033210
-0.0672	0.033202
-0.0670	0.033194
-0.0668	0.033186
-0.0666	0.033178
-0.0664	0.033170
-0.0662	0.033162
-0.0660	0.033154
-0.0658	0.033146
-0.0656	0.033138
-0.0654	0.033131
-0.0652	0.033123
-0.0650	0.033115
-0.0648	0.033107
-0.0646	0.033099
-0.0644	0.033092
-0.0642	0.033084
-0.0640	0.033076
-0.0638	0.033069
-0.0636	0.033061
-0.0634	0.033053
-0.0632	0.033046
-0.0630	0.033038
-0.0628	0.033031
-0.0626	0.033023
-0.0624	0.033016
-0.0622	0.033008
-0.0620	0.033001
-0.0618	0.032994
-0.0616	0.032986
-0.0614	0.032979
-0.0612	0.032972
-0.0610	0.032964
-0.0608	0.032957
-0.0606	0.032950
-0.0604	0.032943
-0.0602	0.032936
-0.0600	0.032928
-0.0598	0.032921
-0.0596	0.032914
-0.0594	0.032907
-0.0592	0.032900
-0.0590	0.032893
-0.0588	0.032886
-0.0586	0.032879
-0.0584	0.032872
-0.0582	0.032865
-0.0580	0.032858
-0.0578	0.032852
-0.0576	0.032845
-0.0574	0.032838
-0.0572	0.032831
-0.0570	0.032824
-0.0568	0.032818
-0.0566	0.032811
-0.0564	0.032804
-0.0562	0.032798
-0.0560	0.032791
-0.0558	0.032784
-0.0556	0.032778
-0.0554	0.032771
-0.0552	0.032765
-0.0550	0.032758
-0.0548	0.032752
-0.0546	0.032745
-0.0544	0.032739
-0.0542	0.032732
-0.0540	0.032726
-0.0538	0.032720
-0.0536	0.032713
-0.0534	0.032707
-0.0532	0.032701
-0.0530	0.032695
-0.0528	0.032688
-0.0526	0.032682
-0.0524	0.032676
-0.0522	0.032670
-0.0520	0.032664
-0.0518	0.032658
-0.0516	0.032651
-0.0514	0.032645
-0.0512	0.032639
-0.0510	0.032633
-0.0508	0.032627
-0.0506	0.032621
-0.0504	0.032616
-0.0502	0.032610
-0.0500	0.032604
-0.0498	0.032598
-0.0496	0.032592
-0.0494	0.032586
-0.0492	0.032580
-0.0490	0.032575
-0.0488	0.032569
-0.0486	0.032563
-0.0484	0.032558
-0.0482	0.032552
-0.0480	0.032546
-0.0478	0.032541
-0.0476	0.032535
-0.0474	0.032530
-0.0472	0.032524
-0.0470	0.032519
-0.0468	0.032513
-0.0466	0.032508
-0.0464	0.032502
-0.0462	0.032497
-0.0460	0.032491
-0.0458	0.032486
-0.0456	0.032481
-0.0454	0.032475
-0.0452	0.032470
-0.0450	0.032465
-0.0448	0.032460
-0.0446	0.032454
-0.0444	0.032449
-0.0442	0.032444
-0.0440	0.032439
-0.0438	0.032434
-0.0436	0.032429
-0.0434	0.032424
-0.0432	0.032419
-0.0430	0.032414
-0.0428	0.032409
-0.0426	0.032404
-0.0424	0.032399
-0.0422	0.032394
-0.0420	0.032389
-0.0418	0.032384
-0.0416	0.032379
-0.0414	0.032374
-0.0412	0.032370
-0.0410	0.032365
-0.0408	0.032360
-0.0406	0.032355
-0.0404	0.032351
-0.0402	0.032346
-0.0400	0.032341
-0.0398	0.032337
-0.0396	0.032332
-0.0394	0.032327
-0.0392	0.032323
-0.0390	0.032318
-0.0388	0.032314
-0.0386	0.032309
-0.0384	0.032305
-0.0382	0.032300
-0.0380	0.032296
-0.0378	0.032292
-0.0376	0.032287
-0.0374	0.032283
-0.0372	0.032279
-0.0370	0.032274
-0.0368	0.032270
-0.0366	0.032266
-0.0364	0.032262
-0.0362	0.032257
-0.0360	0.032253
-0.0358	0.032249
-0.0356	0.032245
-0.0354	0.032241
-0.0352	0.032237
-0.0350	0.032233
-0.0348	0.032229
-0.0346	0.032225
-0.0344	0.032221
-0.0342	0.032217
-0.0340	0.032213
-0.0338	0.032209
-0.0336	0.032205
-0.0334	0.032201
-0.0332	0.032197
-0.0330	0.032193
-0.0328	0.032190
-0.0326	0.032186
-0.0324	0.032182
-0.0322	0.032178
-0.0320	0.032175
-0.0318	0.032171
-0.0316	0.032167
-0.0314	0.032164
-0.0312	0.032160
-0.0310	0.032157
-0.0308	0.032153
-0.0306	0.032149
-0.0304	0.032146
-0.0302	0.032142
-0.0300	0.032139
-0.0298	0.032136
-0.0296	0.032132
-0.0294	0.032129
-0.0292	0.032125
-0.0290	0.032122
-0.0288	0.032119
-0.0286	0.032115
-0.0284	0.032112
-0.0282	0.032109
-0.0280	0.032106
-0.0278	0.032102
-0.0276	0.032099
-0.0274	0.032096
-0.0272	0.032093
-0.0270	0.032090
-0.0268	0.032087
-0.0266	0.032084
-0.0264	0.032081
-0.0262	0.032078
-0.0260	0.032075
-0.0258	0.032072
-0.0256	0.032069
-0.0254	0.032066
-0.0252	0.032063
-0.0250	0.032060
-0.0248	0.032057
-0.0246	0.032054
-0.0244	0.032051
-0.0242	0.032049
-0.0240	0.032046
-0.0238	0.032043
-0.0236	0.032040
-0.0234	0.032038
-0.0232	0.032035
-0.0230	0.032032
-0.0228	0.032030
-0.0226	0.032027
-0.0224	0.032025
-0.0222	0.032022
-0.0220	0.032020
-0.0218	0.032017
-0.0216	0.032015
-0.0214	0.032012
-0.0212	0.032010
-0.0210	0.032007
-0.0208	0.032005
-0.0206	0.032003
-0.0204	0.032000
-0.0202	0.031998
-0.0200	0.031996
-0.0198	0.031993
-0.0196	0.031991
-0.0194	0.031989
-0.0192	0.031987
-0.0190	0.031984
-0.0188	0.031982
-0.0186	0.031980
-0.0184	0.031978
-0.0182	0.031976
-0.0180	0.031974
-0.0178	0.031972
-0.0176	0.031970
-0.0174	0.031968
-0.0172	0.031966
-0.0170	0.031964
-0.0168	0.031962
-0.0166	0.031960
-0.0164	0.031958
-0.0162	0.031956
-0.0160	0.031954
-0.0158	0.031953
-0.0156	0.031951
-0.0154	0.031949
-0.0152	0.031947
-0.0150	0.031946
-0.0148	0.031944
-0.0146	0.031942
-0.0144	0.031941
-0.0142	0.031939
-0.0140	0.031937
-0.0138	0.031936
-0.0136	0.031934
-0.0134	0.031933
-0.0132	0.031931
-0.0130	0.031930
-0.0128	0.031928
-0.0126	0.031927
-0.0124	0.031925
-0.0122	0.031924
-0.0120	0.031922
-0.0118	0.031921
-0.0116	0.031920
-0.0114	0.031918
-0.0112	0.031917
-0.0110	0.031916
-0.0108	0.031915
-0.0106	0.031913
-0.0104	0.031912
-0.0102	0.031911
-0.0100	0.031910
-0.0098	0.031909
-0.0096	0.031908
-0.0094	0.031907
-0.0092	0.031906
-0.0090	0.031904
-0.0088	0.031903
-0.0086	0.031902
-0.0084	0.031902
-0.0082	0.031901
-0.0080	0.031900
-0.0078	0.031899
-0.0076	0.031898
-0.0074	0.031897
-0.0072	0.031896
-0.0070	0.031895
-0.0068	0.031895
-0.0066	0.031894
-0.0064	0.031893
-0.0062	0.031892
-0.0060	0.031892
-0.0058	0.031891
-0.0056	0.031890
-0.0054	0.031890
-0.0052	0.031889
-0.0050	0.031889
-0.0048	0.031888
-0.0046	0.031887
-0.0044	0.031887
-0.0042	0.031886
-0.0040	0.031886
-0.0038	0.031886
-0.0036	0.031885
-0.0034	0.031885
-0.0032	0.031884
-0.0030	0.031884
-0.0028	0.031884
-0.0026	0.031883
-0.0024	0.031883
-0.0022	0.031883
-0.0020	0.031883
-0.0018	0.031882
-0.0016	0.031882
-0.0014	0.031882
-0.0012	0.031882
-0.0010	0.031882
-0.0008	0.031882
-0.0006	0.031882
-0.0004	0.031881
-0.0002	0.031881
-0.0000	0.031881
0.0002	0.031881
0.0004	0.031881
0.0006	0.031882
0.0008	0.031882
0.0010	0.031882
0.0012	0.031882
0.0014	0.031882
0.0016	0.031882
0.0018	0.031882
0.0020	0.031883
0.0022	0.031883
0.0024	0.031883
0.0026	0.031883
0.0028	0.031884
0.0030	0.031884
0.0032	0.031884
0.0034	0.031885
0.0036	0.031885
0.0038	0.031886
0.0040	0.031886
0.0042	0.031886
0.0044	0.031887
0.0046	0.031887
0.0048	0.031888
0.0050	0.031889
0.0052	0.031889
0.0054	0.031890
0.0056	0.031890
0.0058	0.031891
0.0060	0.031892
0.0062	0.031892
0.0064	0.031893
0.0066	0.031894
0.0068	0.031895
0.0070	0.031895
0.0072	0.031896
0.0074	0.031897
0.0076	0.031898
0.0078	0.031899
0.0080	0.031900
0.0082	0.031901
0.0084	0.031902
0.0086	0.031902
0.0088	0.031903
0.0090	0.031904
0.0092	0.031906
0.0094	0.031907
0.0096	0.031908
0.0098	0.031909
0.0100	0.031910
0.0102	0.031911
0.0104	0.031912
0.0106	0.031913
0.0108	0.031915
0.0110	0.031916
0.0112	0.031917
0.0114	0.031918
0.0116	0.031920
0.0118	0.031921
0.0120	0.031922
0.0122	0.031924
0.0124	0.031925
0.0126	0.031927
0.0128	0.031928
0.0130	0.031930
0.0132	0.031931
0.0134	0.031933
0.0136	0.031934
0.0138	0.031936
0.0140	0.031937
0.0142	0.031939
0.0144	0.031941
0.0146	0.031942
0.0148	0.031944
0.0150	0.031946
0.0152	0.031947
0.0154	0.031949
0.0156	0.031951
0.0158	0.031953
0.0160	0.031954
0.0162	0.031956
0.0164	0.031958
0.0166	0.031960
0.0168	0.031962
0.0170	0.031964
0.0172	0.031966
0.0174	0.031968
0.0176	0.031970
0.0178	0.031972
0.0180	0.031974
0.0182	0.031976
0.0184	0.031978
0.0186	0.031980
0.0188	0.031982
0.0190	0.031984
0.0192	0.031987
0.0194	0.031989
0.0196	0.031991
0.0198	0.031993
0.0200	0.031996
0.0202	0.031998
0.0204	0.032000
0.0206	0.032003
0.0208	0.032005
0.0210	0.032007
0.0212	0.032010
0.0214	0.032012
0.0216	0.032015
0.0218	0.032017
0.0220	0.032020
0.0222	0.032022
0.0224	0.032025
0.0226	0.032027
0.0228	0.032030
0.0230	0.032032
0.0232	0.032035
0.0234	0.032038
0.0236	0.032040
0.0238	0.032043
0.0240	0.032046
0.0242	0.032049
0.0244	0.032051
0.0246	0.032054
0.0248	0.032057
0.0250	0.032060
0.0252	0.032063
0.0254	0.032066
0.0256	0.032069
0.0258	0.032072
0.0260	0.032075
0.0262	0.032078
0.0264	0.032081
0.0266	0.032084
0.0268	0.032087
0.0270	0.032090
0.0272	0.032093
0.0274	0.032096
0.0276	0.032099
0.0278	0.032102
0.0280	0.032106
0.0282	0.032109
0.0284	0.032112
0.0286	0.032115
0.0288	0.032119
0.0290	0.032122
0.0292	0.032125
0.0294	0.032129
0.0296	0.032132
0.0298	0.032136
0.0300	0.032139
0.0302	0.032142
0.0304	0.032146
0.0306	0.032149
0.0308	0.032153
0.0310	0.032157
0.0312	0.032160
0.0314	0.032164
0.0316	0.032167
0.0318	0.032171
0.0320	0.032175
0.0322	0.032178
0.0324	0.032182
0.0326	0.032186
0.0328	0.032190
0.0330	0.032193
0.0332	0.032197
0.0334	0.032201
0.0336	0.032205
0.0338	0.032209
0.0340	0.032213
0.0342	0.032217
0.0344	0.032221
0.0346	0.032225
0.0348	0.032229
0.0350	0.032233
0.0352	0.032237
0.0354	0.032241
0.0356	0.032245
0.0358	0.032249
0.0360	0.032253
0.0362	0.032257
0.0364	0.032262
0.0366	0.032266
0.0368	0.032270
0.0370	0.032274
0.0372	0.032279
0.0374	0.032283
0.0376	0.032287
0.0378	0.032292
0.0380	0.032296
0.0382	0.032300
0.0384	0.032305
0.0386	0.032309
0.0388	0.032314
0.0390	0.032318
0.0392	0.032323
0.0394	0.032327
0.0396	0.032332
0.0398	0.032337
0.0400	0.032341
0.0402	0.032346
0.0404	0.032351
0.0406	0.032355
0.0408	0.032360
0.0410	0.032365
0.0412	0.032370
0.0414	0.032374
0.0416	0.032379
0.0418	0.032384
0.0420	0.032389
0.0422	0.032394
0.0424	0.032399
0.0426	0.032404
0.0428	0.032409
0.0430	0.032414
0.0432	0.032419
0.0434	0.032424
0.0436	0.032429
0.0438	0.032434
0.0440	0.032439
0.0442	0.032444
0.0444	0.032449
0.0446	0.032454
0.0448	0.032460
0.0450	0.032465
0.0452	0.032470
0.0454	0.032475
0.0456	0.032481
0.0458	0.032486
0.0460	0.032491
0.0462	0.032497
0.0464	0.032502
0.0466	0.032508
0.0468	0.032513
0.0470	0.032519
0.0472	0.032524
0.0474	0.032530
0.0476	0.032535
0.0478	0.032541
0.0480	0.032546
0.0482	0.032552
0.0484	0.032558
0.0486	0.032563
0.0488	0.032569
0.0490	0.032575
0.0492	0.032580
0.0494	0.032586
0.0496	0.032592
0.0498	0.032598
0.0500	0.032604
0.0502	0.032610
0.0504	0.032616
0.0506	0.032621
0.0508	0.032627
0.0510	0.032633
0.0512	0.032639
0.0514	0.032645
0.0516	0.032651
0.0518	0.032658
0.0520	0.032664
0.0522	0.032670
0.0524	0.032676
0.0526	0.032682
0.0528	0.032688
0.0530	0.032695
0.0532	0.032701
0.0534	0.032707
0.0536	0.032713
0.0538	0.032720
0.0540	0.032726
0.0542	0.032732
0.0544	0.032739
0.0546	0.032745
0.0548	0.032752
0.0550	0.032758
0.0552	0.032765
0.0554	0.032771
0.0556	0.032778
0.0558	0.032784
0.0560	0.032791
0.0562	0.032798
0.0564	0.032804
0.0566	0.032811
0.0568	0.032818
0.0570	0.032824
0.0572	0.032831
0.0574	0.032838
0.0576	0.032845
0.0578	0.032852
0.0580	0.032858
0.0582	0.032865
0.0584	0.032872
0.0586	0.032879
0.0588	0.032886
0.0590	0.032893
0.0592	0.032900
0.0594	0.032907
0.0596	0.032914
0.0598	0.032921
0.0600	0.032928
0.0602	0.032936
0.0604	0.032943
0.0606	0.032950
0.0608	0.032957
0.0610	0.032964
0.0612	0.032972
0.0614	0.032979
0.0616	0.032986
0.0618	0.032994
0.0620	0.033001
0.0622	0.033008
0.0624	0.033016
0.0626	0.033023
0.0628	0.033031
0.0630	0.033038
0.0632	0.033046
0.0634	0.033053
0.0636	0.033061
0.0638	0.033069
0.0640	0.033076
0.0642	0.033084
0.0644	0.033092
0.0646	0.033099
0.0648	0.033107
0.0650	0.033115
0.0652	0.033123
0.0654	0.033131
0.0656	0.033138
0.0658	0.033146
0.0660	0.033154
0.0662	0.033162
0.0664	0.033170
0.0666	0.033178
0.0668	0.033186
0.0670	0.033194
0.0672	0.033202
0.0674	0.033210
0.0676	0.033218
0.0678	0.033226
0.0680	0.033235
0.0682	0.033243
0.0684	0.033251
0.0686	0.033259
0.0688	0.033268
0.0690	0.033276
0.0692	0.033284
0.0694	0.033293
0.0696	0.033301
0.0698	0.033309
0.0700	0.033318
0.0702	0.033326
0.0704	0.033335
0.0706	0.033343
0.0708	0.033352
0.0710	0.033360
0.0712	0.033369
0.0714	0.033378
0.0716	0.033386
0.0718	0.033395
0.0720	0.033404
0.0722	0.033412
0.0724	0.033421
0.0726	0.033430
0.0728	0.033439
0.0730	0.033448
0.0732	0.033457
0.0734	0.033465
0.0736	0.033474
0.0738	0.033483
0.0740	0.033492
0.0742	0.033501
0.0744	0.033510
0.0746	0.033519
0.0748	0.033528
0.0750	0.033538
0.0752	0.033547
0.0754	0.033556
0.0756	0.033565
0.0758	0.033574
0.0760	0.033584
0.0762	0.033593
0.0764	0.033602
0.0766	0.033612
0.0768	0.033621
0.0770	0.033630
0.0772	0.033640
0.0774	0.033649
0.0776	0.033659
0.0778	0.033668
0.0780	0.033678
0.0782	0.033687
0.0784	0.033697
0.0786	0.033707
0.0788	0.033716
0.0790	0.033726
0.0792	0.033736
0.0794	0.033745
0.0796	0.033755
0.0798	0.033765
0.0800	0.033775
0.0802	0.033785
0.0804	0.033794
0.0806	0.033804
0.0808	0.033814
0.0810	0.033824
0.0812	0.033834
0.0814	0.033844
0.0816	0.033854
0.0818	0.033864
0.0820	0.033875
0.0822	0.033885
0.0824	0.033895
0.0826	0.033905
0.0828	0.033915
0.0830	0.033925
0.0832	0.033936
0.0834	0.033946
0.0836	0.033956
0.0838	0.033967
0.0840	0.033977
0.0842	0.033988
0.0844	0.033998
0.0846	0.034009
0.0848	0.034019
0.0850	0.034030
0.0852	0.034040
0.0854	0.034051
0.0856	0.034061
0.0858	0.034072
0.0860	0.034083
0.0862	0.034093
0.0864	0.034104
0.0866	0.034115
0.0868	0.034126
0.0870	0.034137
0.0872	0.034147
0.0874	0.034158
0.0876	0.034169
0.0878	0.034180
0.0880	0.034191
0.0882	0.034202
0.0884	0.034213
0.0886	0.034224
0.0888	0.034235
0.0890	0.034247
0.0892	0.034258
0.0894	0.034269
0.0896	0.034280
0.0898	0.034291
0.0900	0.034303
0.0902	0.034314
0.0904	0.034325
0.0906	0.034337
0.0908	0.034348
0.0910	0.034360
0.0912	0.034371
0.0914	0.034383
0.0916	0.034394
0.0918	0.034406
0.0920	0.034417
0.0922	0.034429
0.0924	0.034440
0.0926	0.034452
0.0928	0.034464
0.0930	0.034476
0.0932	0.034487
0.0934	0.034499
0.0936	0.034511
0.0938	0.034523
0.0940	0.034535
0.0942	0.034547
0.0944	0.034559
0.0946	0.034571
0.0948	0.034583
0.0950	0.034595
0.0952	0.034607
0.0954	0.034619
0.0956	0.034631
0.0958	0.034643
0.0960	0.034655
0.0962	0.034668
0.0964	0.034680
0.0966	0.034692
0.0968	0.034704
0.0970	0.034717
0.0972	0.034729
0.0974	0.034742
0.0976	0.034754
0.0978	0.034767
0.0980	0.034779
0.0982	0.034792
0.0984	0.034804
0.0986	0.034817
0.0988	0.034829
0.0990	0.034842
0.0992	0.034855
0.0994	0.034868
0.0996	0.034880
0.0998	0.034893
0.1000	0.034906
0.1002	0.034919
0.1004	0.034932
0.1006	0.034945
0.1008	0.034958
0.1010	0.034971
0.1012	0.034984
0.1014	0.034997
0.1016	0.035010
0.1018	0.035023
0.1020	0.035036
0.1022	0.035049
0.1024	0.035062
0.1026	0.035076
0.1028	0.035089
0.1030	0.035102
0.1032	0.035116
0.1034	0.035129
0.1036	0.035142
0.1038	0.035156
0.1040	0.035169
0.1042	0.035183
0.1044	0.035196
0.1046	0.035210
0.1048	0.035224
0.1050	0.035237
0.1052	0.035251
0.1054	0.035265
0.1056	0.035278
0.1058	0.035292
0.1060	0.035306
0.1062	0.035320
0.1064	0.035334
0.1066	0.035348
0.1068	0.035362
0.1070	0.035376
0.1072	0.035390
0.1074	0.035404
0.1076	0.035418
0.1078	0.035432
0.1080	0.035446
0.1082	0.035460
0.1084	0.035474
0.1086	0.035489
0.1088	0.035503
0.1090	0.035517
0.1092	0.035531
0.1094	0.035546
0.1096	0.035560
0.1098	0.035575
0.1100	0.035589
0.1102	0.035604
0.1104	0.035618
0.1106	0.035633
0.1108	0.035647
0.1110	0.035662
0.1112	0.035677
0.1114	0.035692
0.1116	0.035706
0.1118	0.035721
0.1120	0.035736
0.1122	0.035751
0.1124	0.035766
0.1126	0.035781
0.1128	0.035796
0.1130	0.035811
0.1132	0.035826
0.1134	0.035841
0.1136	0.035856
0.1138	0.035871
0.1140	0.035886
0.1142	0.035901
0.1144	0.035917
0.1146	0.035932
0.1148	0.035947
0.1150	0.035963
0.1152	0.035978
0.1154	0.035993
0.1156	0.036009
0.1158	0.036024
0.1160	0.036040
0.1162	0.036055
0.1164	0.036071
0.1166	0.036087
0.1168	0.036102
0.1170	0.036118
0.1172	0.036134
0.1174	0.036150
0.1176	0.036165
0.1178	0.036181
0.1180	0.036197
0.1182	0.036213
0.1184	0.036229
0.1186	0.036245
0.1188	0.036261
0.1190	0.036277
0.1192	0.036293
0.1194	0.036310
0.1196	0.036326
0.1198	0.036342
0.1200	0.036358
0.1202	0.036374
0.1204	0.036391
0.1206	0.036407
0.1208	0.036424
0.1210	0.036440
0.1212	0.036457
0.1214	0.036473
0.1216	0.036490
0.1218	0.036506
0.1220	0.036523
0.1222	0.036539
0.1224	0.036556
0.1226	0.036573
0.1228	0.036590
0.1230	0.036607
0.1232	0.036623
0.1234	0.036640
0.1236	0.036657
0.1238	0.036674
0.1240	0.036691
0.1242	0.036708
0.1244	0.036725
0.1246	0.036742
0.1248	0.036760
0.1250	0.036777
0.1252	0.036794
0.1254	0.036811
0.1256	0.036829
0.1258	0.036846
0.1260	0.036863
0.1262	0.036881
0.1264	0.036898
0.1266	0.036916
0.1268	0.036933
0.1270	0.036951
0.1272	0.036969
0.1274	0.036986
0.1276	0.037004
0.1278	0.037022
0.1280	0.037039
0.1282	0.037057
0.1284	0.037075
0.1286	0.037093
0.1288	0.037111
0.1290	0.037129
0.1292	0.037147
0.1294	0.037165
0.1296	0.037183
0.1298	0.037201
0.1300	0.037219
0.1302	0.037238
0.1304	0.037256
0.1306	0.037274
0.1308	0.037292
0.1310	0.037311
0.1312	0.037329
0.1314	0.037348
0.1316	0.037366
0.1318	0.037385
0.1320	0.037403
0.1322	0.037422
0.1324	0.037441
0.1326	0.037459
0.1328	0.037478
0.1330	0.037497
0.1332	0.037516
0.1334	0.037534
0.1336	0.037553
0.1338	0.037572
0.1340	0.037591
0.1342	0.037610
0.1344	0.037629
0.1346	0.037648
0.1348	0.037668
0.1350	0.037687
0.1352	0.037706
0.1354	0.037725
0.1356	0.037745
0.1358	0.037764
0.1360	0.037783
0.1362	0.037803
0.1364	0.037822
0.1366	0.037842
0.1368	0.037861
0.1370	0.037881
0.1372	0.037901
0.1374	0.037920
0.1376	0.037940
0.1378	0.037960
0.1380	0.037980
0.1382	0.038000
0.1384	0.038019
0.1386	0.038039
0.1388	0.038059
0.1390	0.038079
0.1392	0.038099
0.1394	0.038120
0.1396	0.038140
0.1398	0.038160
0.1400	0.038180
0.1402	0.038201
0.1404	0.038221
0.1406	0.038241
0.1408	0.038262
0.1410	0.038282
0.1412	0.038303
0.1414	0.038323
0.1416	0.038344
0.1418	0.038364
0.1420	0.038385
0.1422	0.038406
0.1424	0.038427
0.1426	0.038447
0.1428	0.038468
0.1430	0.038489
0.1432	0.038510
0.1434	0.038531
0.1436	0.038552
0.1438	0.038573
0.1440	0.038594
0.1442	0.038616
0.1444	0.038637
0.1446	0.038658
0.1448	0.038679
0.1450	0.038701
0.1452	0.038722
0.1454	0.038744
0.1456	0.038765
0.1458	0.038787
0.1460	0.038808
0.1462	0.038830
0.1464	0.038851
0.1466	0.038873
0.1468	0.038895
0.1470	0.038917
0.1472	0.038939
0.1474	0.038961
0.1476	0.038982
0.1478	0.039004
0.1480	0.039027
0.1482	0.039049
0.1484	0.039071
0.1486	0.039093
0.1488	0.039115
0.1490	0.039137
0.1492	0.039160
0.1494	0.039182
0.1496	0.039205
0.1498	0.039227
0.1500	0.039250
0.1502	0.039272
0.1504	0.039295
0.1506	0.039317
0.1508	0.039340
0.1510	0.039363
0.1512	0.039386
0.1514	0.039408
0.1516	0.039431
0.1518	0.039454
0.1520	0.039477
0.1522	0.039500
0.1524	0.039523
0.1526	0.039546
0.1528	0.039570
0.1530	0.039593
0.1532	0.039616
0.1534	0.039639
0.1536	0.039663
0.1538	0.039686
0.1540	0.039710
0.1542	0.039733
0.1544	0.039757
0.1546	0.039780
0.1548	0.039804
0.1550	0.039828
0.1552	0.039852
0.1554	0.039875
0.1556	0.039899
0.1558	0.039923
0.1560	0.039947
0.1562	0.039971
0.1564	0.039995
0.1566	0.040019
0.1568	0.040044
0.1570	0.040068
0.1572	0.040092
0.1574	0.040116
0.1576	0.040141
0.1578	0.040165
0.1580	0.040190
0.1582	0.040214
0.1584	0.040239
0.1586	0.040263
0.1588	0.040288
0.1590	0.040313
0.1592	0.040338
0.1594	0.040362
0.1596	0.040387
0.1598	0.040412
0.1600	0.040437
0.1602	0.040462
0.1604	0.040487
0.1606	0.040512
0.1608	0.040538
0.1610	0.040563
0.1612	0.040588
0.1614	0.040613
0.1616	0.040639
0.1618	0.040664
0.1620	0.040690
0.1622	0.040715
0.1624	0.040741
0.1626	0.040767
0.1628	0.040792
0.1630	0.040818
0.1632	0.040844
0.1634	0.040870
0.1636	0.040896
0.1638	0.040922
0.1640	0.040948
0.1642	0.040974
0.1644	0.041000
0.1646	0.041026
0.1648	0.041053
0.1650	0.041079
0.1652	0.041105
0.1654	0.041132
0.1656	0.041158
0.1658	0.041185
0.1660	0.041211
0.1662	0.041238
0.1664	0.041265
0.1666	0.041291
0.1668	0.041318
0.1670	0.041345
0.1672	0.041372
0.1674	0.041399
0.1676	0.041426
0.1678	0.041453
0.1680	0.041480
0.1682	0.041507
0.1684	0.041535
0.1686	0.041562
0.1688	0.041589
0.1690	0.041617
0.1692	0.041644
0.1694	0.041672
0.1696	0.041699
0.1698	0.041727
0.1700	0.041755
0.1702	0.041782
0.1704	0.041810
0.1706	0.041838
0.1708	0.041866
0.1710	0.041894
0.1712	0.041922
0.1714	0.041950
0.1716	0.041978
0.1718	0.042007
0.1720	0.042035
0.1722	0.042063
0.1724	0.042092
0.1726	0.042120
0.1728	0.042149
0.1730	0.042177
0.1732	0.042206
0.1734	0.042234
0.1736	0.042263
0.1738	0.042292
0.1740	0.042321
0.1742	0.042350
0.1744	0.042379
0.1746	0.042408
0.1748	0.042437
0.1750	0.042466
0.1752	0.042495
0.1754	0.042525
0.1756	0.042554
0.1758	0.042583
0.1760	0.042613
0.1762	0.042642
0.1764	0.042672
0.1766	0.042702
0.1768	0.042731
0.1770	0.042761
0.1772	0.042791
0.1774	0.042821
0.1776	0.042851
0.1778	0.042881
0.1780	0.042911
0.1782	0.042941
0.1784	0.042971
0.1786	0.043002
0.1788	0.043032
0.1790	0.043062
0.1792	0.043093
0.1794	0.043123
0.1796	0.043154
0.1798	0.043185
0.1800	0.043215
0.1802	0.043246
0.1804	0.043277
0.1806	0.043308
0.1808	0.043339
0.1810	0.043370
0.1812	0.043401
0.1814	0.043432
0.1816	0.043463
0.1818	0.043495
0.1820	0.043526
0.1822	0.043557
0.1824	0.043589
0.1826	0.043620
0.1828	0.043652
0.1830	0.043684
0.1832	0.043715
0.1834	0.043747
0.1836	0.043779
0.1838	0.043811
0.1840	0.043843
0.1842	0.043875
0.1844	0.043907
0.1846	0.043939
0.1848	0.043972
0.1850	0.044004
0.1852	0.044036
0.1854	0.044069
0.1856	0.044101
0.1858	0.044134
0.1860	0.044167
0.1862	0.044199
0.1864	0.044232
0.1866	0.044265
0.1868	0.044298
0.1870	0.044331
0.1872	0.044364
0.1874	0.044397
0.1876	0.044431
0.1878	0.044464
0.1880	0.044497
0.1882	0.044531
0.1884	0.044564
0.1886	0.044598
0.1888	0.044631
0.1890	0.044665
0.1892	0.044699
0.1894	0.044733
0.1896	0.044766
0.1898	0.044800
0.1900	0.044834
0.1902	0.044869
0.1904	0.044903
0.1906	0.044937
0.1908	0.044971
0.1910	0.045006
0.1912	0.045040
0.1914	0.045075
0.1916	0.045109
0.1918	0.045144
0.1920	0.045179
0.1922	0.045214
0.1924	0.045249
0.1926	0.045284
0.1928	0.045319
0.1930	0.045354
0.1932	0.045389
0.1934	0.045424
0.1936	0.045460
0.1938	0.045495
0.1940	0.045530
0.1942	0.045566
0.1944	0.045602
0.1946	0.045637
0.1948	0.045673
0.1950	0.045709
0.1952	0.045745
0.1954	0.045781
0.1956	0.045817
0.1958	0.045853
0.1960	0.045889
0.1962	0.045926
0.1964	0.045962
0.1966	0.045998
0.1968	0.046035
0.1970	0.046072
0.1972	0.046108
0.1974	0.046145
0.1976	0.046182
0.1978	0.046219
0.1980	0.046256
0.1982	0.046293
0.1984	0.046330
0.1986	0.046367
0.1988	0.046405
0.1990	0.046442
0.1992	0.046479
0.1994	0.046517
0.1996	0.046554
0.1998	0.046592
0.2000	0.046630
0.2002	0.046668
0.2004	0.046706
0.2006	0.046744
0.2008	0.046782
0.2010	0.046820
0.2012	0.046858
0.2014	0.046896
0.2016	0.046935
0.2018	0.046973
0.2020	0.047012
0.2022	0.047051
0.2024	0.047089
0.2026	0.047128
0.2028	0.047167
0.2030	0.047206
0.2032	0.047245
0.2034	0.047284
0.2036	0.047323
0.2038	0.047363
0.2040	0.047402
0.2042	0.047441
0.2044	0.047481
0.2046	0.047521
0.2048	0.047560
0.2050	0.047600
0.2052	0.047640
0.2054	0.047680
0.2056	0.047720
0.2058	0.047760
0.2060	0.047800
0.2062	0.047841
0.2064	0.047881
0.2066	0.047921
0.2068	0.047962
0.2070	0.048003
0.2072	0.048043
0.2074	0.048084
0.2076	0.048125
0.2078	0.048166
0.2080	0.048207
0.2082	0.048248
0.2084	0.048289
0.2086	0.048331
0.2088	0.048372
0.2090	0.048414
0.2092	0.048455
0.2094	0.048497
0.2096	0.048539
0.2098	0.048580
0.2100	0.048622
0.2102	0.048664
0.2104	0.048706
0.2106	0.048749
0.2108	0.048791
0.2110	0.048833
0.2112	0.048876
0.2114	0.048918
0.2116	0.048961
0.2118	0.049004
0.2120	0.049047
0.2122	0.049089
0.2124	0.049132
0.2126	0.049176
0.2128	0.049219
0.2130	0.049262
0.2132	0.049305
0.2134	0.049349
0.2136	0.049392
0.2138	0.049436
0.2140	0.049480
0.2142	0.049524
0.2144	0.049567
0.2146	0.049611
0.2148	0.049656
0.2150	0.049700
0.2152	0.049744
0.2154	0.049788
0.2156	0.049833
0.2158	0.049878
0.2160	0.049922
0.2162	0.049967
0.2164	0.050012
0.2166	0.050057
0.2168	0.050102
0.2170	0.050147
0.2172	0.050192
0.2174	0.050238
0.2176	0.050283
0.2178	0.050328
0.2180	0.050374
0.2182	0.050420
0.2184	0.050466
0.2186	0.050512
0.2188	0.050558
0.2190	0.050604
0.2192	0.050650
0.2194	0.050696
0.2196	0.050743
0.2198	0.050789
0.2200	0.050836
0.2202	0.050882
0.2204	0.050929
0.2206	0.050976
0.2208	0.051023
0.2210	0.051070
0.2212	0.051118
0.2214	0.051165
0.2216	0.051212
0.2218	0.051260
0.2220	0.051307
0.2222	0.051355
0.2224	0.051403
0.2226	0.051451
0.2228	0.051499
0.2230	0.051547
0.2232	0.051595
0.2234	0.051644
0.2236	0.051692
0.2238	0.051741
0.2240	0.051789
0.2242	0.051838
0.2244	0.051887
0.2246	0.051936
0.2248	0.051985
0.2250	0.052034
0.2252	0.052083
0.2254	0.052133
0.2256	0.052182
0.2258	0.052232
0.2260	0.052281
0.2262	0.052331
0.2264	0.052381
0.2266	0.052431
0.2268	0.052481
0.2270	0.052532
0.2272	0.052582
0.2274	0.052632
0.2276	0.052683
0.2278	0.052734
0.2280	0.052784
0.2282	0.052835
0.2284	0.052886
0.2286	0.052937
0.2288	0.052989
0.2290	0.053040
0.2292	0.053091
0.2294	0.053143
0.2296	0.053195
0.2298	0.053246
0.2300	0.053298
0.2302	0.053350
0.2304	0.053402
0.2306	0.053455
0.2308	0.053507
0.2310	0.053560
0.2312	0.053612
0.2314	0.053665
0.2316	0.053718
0.2318	0.053771
0.2320	0.053824
0.2322	0.053877
0.2324	0.053930
0.2326	0.053983
0.2328	0.054037
0.2330	0.054091
0.2332	0.054144
0.2334	0.054198
0.2336	0.054252
0.2338	0.054306
0.2340	0.054360
0.2342	0.054415
0.2344	0.054469
0.2346	0.054524
0.2348	0.054578
0.2350	0.054633
0.2352	0.054688
0.2354	0.054743
0.2356	0.054798
0.2358	0.054854
0.2360	0.054909
0.2362	0.054965
0.2364	0.055020
0.2366	0.055076
0.2368	0.055132
0.2370	0.055188
0.2372	0.055244
0.2374	0.055300
0.2376	0.055357
0.2378	0.055413
0.2380	0.055470
0.2382	0.055527
0.2384	0.055583
0.2386	0.055640
0.2388	0.055698
0.2390	0.055755
0.2392	0.055812
0.2394	0.055870
0.2396	0.055927
0.2398	0.055985
0.2400	0.056043
0.2402	0.056101
0.2404	0.056159
0.2406	0.056218
0.2408	0.056276
0.2410	0.056335
0.2412	0.056393
0.2414	0.056452
0.2416	0.056511
0.2418	0.056570
0.2420	0.056629
0.2422	0.056689
0.2424	0.056748
0.2426	0.056808
0.2428	0.056867
0.2430	0.056927
0.2432	0.056987
0.2434	0.057047
0.2436	0.057108
0.2438	0.057168
0.2440	0.057228
0.2442	0.057289
0.2444	0.057350
0.2446	0.057411
0.2448	0.057472
0.2450	0.057533
0.2452	0.057594
0.2454	0.057656
0.2456	0.057718
0.2458	0.057779
0.2460	0.057841
0.2462	0.057903
0.2464	0.057965
0.2466	0.058028
0.2468	0.058090
0.2470	0.058153
0.2472	0.058216
0.2474	0.058278
0.2476	0.058341
0.2478	0.058405
0.2480	0.058468
0.2482	0.058531
0.2484	0.058595
0.2486	0.058659
0.2488	0.058723
0.2490	0.058787
0.2492	0.058851
0.2494	0.058915
0.2496	0.058979
0.2498	0.059044
0.2500	0.059109
0.2502	0.059174
0.2504	0.059239
0.2506	0.059304
0.2508	0.059369
0.2510	0.059435
0.2512	0.059500
0.2514	0.059566
0.2516	0.059632
0.2518	0.059698
0.2520	0.059764
0.2522	0.059831
0.2524	0.059897
0.2526	0.059964
0.2528	0.060031
0.2530	0.060098
0.2532	0.060165
0.2534	0.060232
0.2536	0.060300
0.2538	0.060367
0.2540	0.060435
0.2542	0.060503
0.2544	0.060571
0.2546	0.060639
0.2548	0.060708
0.2550	0.060776
0.2552	0.060845
0.2554	0.060914
0.2556	0.060983
0.2558	0.061052
0.2560	0.061121
0.2562	0.061191
0.2564	0.061260
0.2566	0.061330
0.2568	0.061400
0.2570	0.061470
0.2572	0.061540
0.2574	0.061611
0.2576	0.061681
0.2578	0.061752
0.2580	0.061823
0.2582	0.061894
0.2584	0.061966
0.2586	0.062037
0.2588	0.062109
0.2590	0.062180
0.2592	0.062252
0.2594	0.062324
0.2596	0.062397
0.2598	0.062469
0.2600	0.062542
0.2602	0.062614
0.2604	0.062687
0.2606	0.062760
0.2608	0.062834
0.2610	0.062907
0.2612	0.062981
0.2614	0.063054
0.2616	0.063128
0.2618	0.063202
0.2620	0.063277
0.2622	0.063351
0.2624	0.063426
0.2626	0.063501
0.2628	0.063576
0.2630	0.063651
0.2632	0.063726
0.2634	0.063802
0.2636	0.063877
0.2638	0.063953
0.2640	0.064029
0.2642	0.064106
0.2644	0.064182
0.2646	0.064258
0.2648	0.064335
0.2650	0.064412
0.2652	0.064489
0.2654	0.064567
0.2656	0.064644
0.2658	0.064722
0.2660	0.064800
0.2662	0.064878
0.2664	0.064956
0.2666	0.065034
0.2668	0.065113
0.2670	0.065192
0.2672	0.065271
0.2674	0.065350
0.2676	0.065429
0.2678	0.065509
0.2680	0.065588
0.2682	0.065668
0.2684	0.065748
0.2686	0.065829
0.2688	0.065909
0.2690	0.065990
0.2692	0.066071
0.2694	0.066152
0.2696	0.066233
0.2698	0.066314
0.2700	0.066396
0.2702	0.066478
0.2704	0.066560
0.2706	0.066642
0.2708	0.066724
0.2710	0.066807
0.2712	0.066890
0.2714	0.066973
0.2716	0.067056
0.2718	0.067139
0.2720	0.067223
0.2722	0.067307
0.2724	0.067391
0.2726	0.067475
0.2728	0.067559
0.2730	0.067644
0.2732	0.067729
0.2734	0.067814
0.2736	0.067899
0.2738	0.067984
0.2740	0.068070
0.2742	0.068156
0.2744	0.068242
0.2746	0.068328
0.2748	0.068414
0.2750	0.068501
0.2752	0.068588
0.2754	0.068675
0.2756	0.068762
0.2758	0.068850
0.2760	0.068937
0.2762	0.069025
0.2764	0.069113
0.2766	0.069202
0.2768	0.069290
0.2770	0.069379
0.2772	0.069468
0.2774	0.069557
0.2776	0.069647
0.2778	0.069736
0.2780	0.069826
0.2782	0.069916
0.2784	0.070007
0.2786	0.070097
0.2788	0.070188
0.2790	0.070279
0.2792	0.070370
0.2794	0.070461
0.2796	0.070553
0.2798	0.070645
0.2800	0.070737
0.2802	0.070829
0.2804	0.070922
0.2806	0.071015
0.2808	0.071108
0.2810	0.071201
0.2812	0.071294
0.2814	0.071388
0.2816	0.071482
0.2818	0.071576
0.2820	0.071670
0.2822	0.071765
0.2824	0.071860
0.2826	0.071955
0.2828	0.072050
0.2830	0.072146
0.2832	0.072241
0.2834	0.072337
0.2836	0.072434
0.2838	0.072530
0.2840	0.072627
0.2842	0.072724
0.2844	0.072821
0.2846	0.072918
0.2848	0.073016
0.2850	0.073114
0.2852	0.073212
0.2854	0.073311
0.2856	0.073409
0.2858	0.073508
0.2860	0.073607
0.2862	0.073707
0.2864	0.073806
0.2866	0.073906
0.2868	0.074006
0.2870	0.074107
0.2872	0.074207
0.2874	0.074308
0.2876	0.074409
0.2878	0.074511
0.2880	0.074613
0.2882	0.074714
0.2884	0.074817
0.2886	0.074919
0.2888	0.075022
0.2890	0.075125
0.2892	0.075228
0.2894	0.075331
0.2896	0.075435
0.2898	0.075539
0.2900	0.075643
0.2902	0.075748
0.2904	0.075853
0.2906	0.075958
0.2908	0.076063
0.2910	0.076168
0.2912	0.076274
0.2914	0.076380
0.2916	0.076487
0.2918	0.076593
0.2920	0.076700
0.2922	0.076808
0.2924	0.076915
0.2926	0.077023
0.2928	0.077131
0.2930	0.077239
0.2932	0.077348
0.2934	0.077456
0.2936	0.077565
0.2938	0.077675
0.2940	0.077785
0.2942	0.077894
0.2944	0.078005
0.2946	0.078115
0.2948	0.078226
0.2950	0.078337
0.2952	0.078448
0.2954	0.078560
0.2956	0.078672
0.2958	0.078784
0.2960	0.078897
0.2962	0.079010
0.2964	0.079123
0.2966	0.079236
0.2968	0.079350
0.2970	0.079464
0.2972	0.079578
0.2974	0.079693
0.2976	0.079807
0.2978	0.079923
0.2980	0.080038
0.2982	0.080154
0.2984	0.080270
0.2986	0.080386
0.2988	0.080503
0.2990	0.080620
0.2992	0.080737
0.2994	0.080855
0.2996	0.080972
0.2998	0.081091
0.3000	0.081209
0.3002	0.081328
0.3004	0.081447
0.3006	0.081566
0.3008	0.081686
0.3010	0.081806
0.3012	0.081927
0.3014	0.082047
0.3016	0.082168
0.3018	0.082290
0.3020	0.082411
0.3022	0.082533
0.3024	0.082655
0.3026	0.082778
0.3028	0.082901
0.3030	0.083024
0.3032	0.083148
0.3034	0.083272
0.3036	0.083396
0.3038	0.083520
0.3040	0.083645
0.3042	0.083770
0.3044	0.083896
0.3046	0.084022
0.3048	0.084148
0.3050	0.084274
0.3052	0.084401
0.3054	0.084528
0.3056	0.084656
0.3058	0.084784
0.3060	0.084912
0.3062	0.085041
0.3064	0.085169
0.3066	0.085299
0.3068	0.085428
0.3070	0.085558
0.3072	0.085689
0.3074	0.085819
0.3076	0.085950
0.3078	0.086081
0.3080	0.086213
0.3082	0.086345
0.3084	0.086477
0.3086	0.086610
0.3088	0.086743
0.3090	0.086877
0.3092	0.087011
0.3094	0.087145
0.3096	0.087279
0.3098	0.087414
0.3100	0.087549
0.3102	0.087685
0.3104	0.087821
0.3106	0.087957
0.3108	0.088094
0.3110	0.088231
0.3112	0.088369
0.3114	0.088506
0.3116	0.088645
0.3118	0.088783
0.3120	0.088922
0.3122	0.089061
0.3124	0.089201
0.3126	0.089341
0.3128	0.089482
0.3130	0.089623
0.3132	0.089764
0.3134	0.089905
0.3136	0.090047
0.3138	0.090190
0.3140	0.090333
0.3142	0.090476
0.3144	0.090619
0.3146	0.090763
0.3148	0.090908
0.3150	0.091052
0.3152	0.091198
0.3154	0.091343
0.3156	0.091489
0.3158	0.091635
0.3160	0.091782
0.3162	0.091929
0.3164	0.092077
0.3166	0.092225
0.3168	0.092373
0.3170	0.092522
0.3172	0.092671
0.3174	0.092821
0.3176	0.092971
0.3178	0.093121
0.3180	0.093272
0.3182	0.093423
0.3184	0.093575
0.3186	0.093727
0.3188	0.093880
0.3190	0.094033
0.3192	0.094186
0.3194	0.094340
0.3196	0.094494
0.3198	0.094649
0.3200	0.094804
0.3202	0.094960
0.3204	0.095115
0.3206	0.095272
0.3208	0.095429
0.3210	0.095586
0.3212	0.095744
0.3214	0.095902
0.3216	0.096061
0.3218	0.096220
0.3220	0.096379
0.3222	0.096539
0.3224	0.096699
0.3226	0.096860
0.3228	0.097022
0.3230	0.097183
0.3232	0.097346
0.3234	0.097508
0.3236	0.097671
0.3238	0.097835
0.3240	0.097999
0.3242	0.098164
0.3244	0.098329
0.3246	0.098494
0.3248	0.098660
0.3250	0.098826
0.3252	0.098993
0.3254	0.099161
0.3256	0.099329
0.3258	0.099497
0.3260	0.099666
0.3262	0.099835
0.3264	0.100005
0.3266	0.100175
0.3268	0.100346
0.3270	0.100517
0.3272	0.100689
0.3274	0.100861
0.3276	0.101033
0.3278	0.101207
0.3280	0.101380
0.3282	0.101555
0.3284	0.101729
0.3286	0.101904
0.3288	0.102080
0.3290	0.102256
0.3292	0.102433
0.3294	0.102610
0.3296	0.102788
0.3298	0.102966
0.3300	0.103145
0.3302	0.103324
0.3304	0.103504
0.3306	0.103684
0.3308	0.103865
0.3310	0.104047
0.3312	0.104229
0.3314	0.104411
0.3316	0.104594
0.3318	0.104777
0.3320	0.104961
0.3322	0.105146
0.3324	0.105331
0.3326	0.105517
0.3328	0.105703
0.3330	0.105890
0.3332	0.106077
0.3334	0.106265
0.3336	0.106453
0.3338	0.106642
0.3340	0.106832
0.3342	0.107022
0.3344	0.107212
0.3346	0.107403
0.3348	0.107595
0.3350	0.107787
0.3352	0.107980
0.3354	0.108174
0.3356	0.108368
0.3358	0.108562
0.3360	0.108758
0.3362	0.108953
0.3364	0.109150
0.3366	0.109346
0.3368	0.109544
0.3370	0.109742
0.3372	0.109941
0.3374	0.110140
0.3376	0.110340
0.3378	0.110540
0.3380	0.110741
0.3382	0.110943
0.3384	0.111145
0.3386	0.111348
0.3388	0.111551
0.3390	0.111756
0.3392	0.111960
0.3394	0.112165
0.3396	0.112371
0.3398	0.112578
0.3400	0.112785
0.3402	0.112993
0.3404	0.113201
0.3406	0.113410
0.3408	0.113620
0.3410	0.113830
0.3412	0.114041
0.3414	0.114253
0.3416	0.114465
0.3418	0.114678
0.3420	0.114891
0.3422	0.115105
0.3424	0.115320
0.3426	0.115535
0.3428	0.115752
0.3430	0.115968
0.3432	0.116186
0.3434	0.116404
0.3436	0.116623
0.3438	0.116842
0.3440	0.117062
0.3442	0.117283
0.3444	0.117504
0.3446	0.117726
0.3448	0.117949
0.3450	0.118172
0.3452	0.118397
0.3454	0.118621
0.3456	0.118847
0.3458	0.119073
0.3460	0.119300
0.3462	0.119528
0.3464	0.119756
0.3466	0.119985
0.3468	0.120215
0.3470	0.120445
0.3472	0.120676
0.3474	0.120908
0.3476	0.121141
0.3478	0.121374
0.3480	0.121608
0.3482	0.121843
0.3484	0.122078
0.3486	0.122314
0.3488	0.122551
0.3490	0.122789
0.3492	0.123027
0.3494	0.123267
0.3496	0.123507
0.3498	0.123747
0.3500	0.123989
0.3502	0.124231
0.3504	0.124474
0.3506	0.124717
0.3508	0.124962
0.3510	0.125207
0.3512	0.125453
0.3514	0.125700
0.3516	0.125947
0.3518	0.126196
0.3520	0.126445
0.3522	0.126695
0.3524	0.126945
0.3526	0.127197
0.3528	0.127449
0.3530	0.127702
0.3532	0.127956
0.3534	0.128210
0.3536	0.128466
0.3538	0.128722
0.3540	0.128979
0.3542	0.129237
0.3544	0.129496
0.3546	0.129755
0.3548	0.130016
0.3550	0.130277
0.3552	0.130539
0.3554	0.130802
0.3556	0.131066
0.3558	0.131330
0.3560	0.131595
0.3562	0.131862
0.3564	0.132129
0.3566	0.132397
0.3568	0.132666
0.3570	0.132935
0.3572	0.133206
0.3574	0.133477
0.3576	0.133749
0.3578	0.134023
0.3580	0.134297
0.3582	0.134572
0.3584	0.134847
0.3586	0.135124
0.3588	0.135402
0.3590	0.135680
0.3592	0.135960
0.3594	0.136240
0.3596	0.136521
0.3598	0.136803
0.3600	0.137086
0.3602	0.137370
0.3604	0.137655
0.3606	0.137941
0.3608	0.138228
0.3610	0.138515
0.3612	0.138804
0.3614	0.139094
0.3616	0.139384
0.3618	0.139676
0.3620	0.139968
0.3622	0.140261
0.3624	0.140556
0.3626	0.140851
0.3628	0.141147
0.3630	0.141445
0.3632	0.141743
0.3634	0.142042
0.3636	0.142342
0.3638	0.142643
0.3640	0.142946
0.3642	0.143249
0.3644	0.143553
0.3646	0.143858
0.3648	0.144164
0.3650	0.144472
0.3652	0.144780
0.3654	0.145089
0.3656	0.145399
0.3658	0.145711
0.3660	0.146023
0.3662	0.146336
0.3664	0.146651
0.3666	0.146966
0.3668	0.147283
0.3670	0.147601
0.3672	0.147919
0.3674	0.148239
0.3676	0.148560
0.3678	0.148882
0.3680	0.149205
0.3682	0.149529
0.3684	0.149854
0.3686	0.150180
0.3688	0.150507
0.3690	0.150836
0.3692	0.151165
0.3694	0.151496
0.3696	0.151828
0.3698	0.152160
0.3700	0.152494
0.3702	0.152830
0.3704	0.153166
0.3706	0.153503
0.3708	0.153842
0.3710	0.154181
0.3712	0.154522
0.3714	0.154864
0.3716	0.155207
0.3718	0.155552
0.3720	0.155897
0.3722	0.156244
0.3724	0.156592
0.3726	0.156941
0.3728	0.157291
0.3730	0.157643
0.3732	0.157995
0.3734	0.158349
0.3736	0.158704
0.3738	0.159060
0.3740	0.159418
0.3742	0.159777
0.3744	0.160137
0.3746	0.160498
0.3748	0.160860
0.3750	0.161224
0.3752	0.161589
0.3754	0.161955
0.3756	0.162323
0.3758	0.162691
0.3760	0.163061
0.3762	0.163433
0.3764	0.163805
0.3766	0.164179
0.3768	0.164554
0.3770	0.164931
0.3772	0.165309
0.3774	0.165688
0.3776	0.166068
0.3778	0.166450
0.3780	0.166833
0.3782	0.167217
0.3784	0.167603
0.3786	0.167990
0.3788	0.168379
0.3790	0.168768
0.3792	0.169160
0.3794	0.169552
0.3796	0.169946
0.3798	0.170341
0.3800	0.170738
0.3802	0.171136
0.3804	0.171536
0.3806	0.171937
0.3808	0.172339
0.3810	0.172743
0.3812	0.173148
0.3814	0.173555
0.3816	0.173963
0.3818	0.174372
0.3820	0.174783
0.3822	0.175195
0.3824	0.175609
0.3826	0.176024
0.3828	0.176441
0.3830	0.176860
0.3832	0.177279
0.3834	0.177701
0.3836	0.178123
0.3838	0.178548
0.3840	0.178973
0.3842	0.179401
0.3844	0.179829
0.3846	0.180260
0.3848	0.180692
0.3850	0.181125
0.3852	0.181560
0.3854	0.181997
0.3856	0.182435
0.3858	0.182874
0.3860	0.183316
0.3862	0.183758
0.3864	0.184203
0.3866	0.184649
0.3868	0.185097
0.3870	0.185546
0.3872	0.185997
0.3874	0.186449
0.3876	0.186903
0.3878	0.187359
0.3880	0.187817
0.3882	0.188276
0.3884	0.188736
0.3886	0.189199
0.3888	0.189663
0.3890	0.190129
0.3892	0.190596
0.3894	0.191065
0.3896	0.191536
0.3898	0.192009
0.3900	0.192483
0.3902	0.192959
0.3904	0.193437
0.3906	0.193917
0.3908	0.194398
0.3910	0.194881
0.3912	0.195366
0.3914	0.195853
0.3916	0.196341
0.3918	0.196831
0.3920	0.197323
0.3922	0.197817
0.3924	0.198313
0.3926	0.198810
0.3928	0.199309
0.3930	0.199810
0.3932	0.200313
0.3934	0.200818
0.3936	0.201325
0.3938	0.201833
0.3940	0.202344
0.3942	0.202856
0.3944	0.203370
0.3946	0.203886
0.3948	0.204404
0.3950	0.204924
0.3952	0.205446
0.3954	0.205970
0.3956	0.206496
0.3958	0.207023
0.3960	0.207553
0.3962	0.208085
0.3964	0.208618
0.3966	0.209154
0.3968	0.209692
0.3970	0.210231
0.3972	0.210773
0.3974	0.211317
0.3976	0.211862
0.3978	0.212410
0.3980	0.212960
0.3982	0.213512
0.3984	0.214066
0.3986	0.214622
0.3988	0.215180
0.3990	0.215740
0.3992	0.216302
0.3994	0.216867
0.3996	0.217433
0.3998	0.218002
0.4000	0.218573
0.4002	0.219146
0.4004	0.219721
0.4006	0.220298
0.4008	0.220878
0.4010	0.221460
0.4012	0.222044
0.4014	0.222630
0.4016	0.223218
0.4018	0.223809
0.4020	0.224401
0.4022	0.224996
0.4024	0.225594
0.4026	0.226193
0.4028	0.226795
0.4030	0.227399
0.4032	0.228006
0.4034	0.228615
0.4036	0.229226
0.4038	0.229839
0.4040	0.230455
0.4042	0.231073
0.4044	0.231693
0.4046	0.232316
0.4048	0.232942
0.4050	0.233569
0.4052	0.234199
0.4054	0.234832
0.4056	0.235467
0.4058	0.236104
0.4060	0.236744
0.4062	0.237386
0.4064	0.238031
0.4066	0.238678
0.4068	0.239327
0.4070	0.239980
0.4072	0.240634
0.4074	0.241291
0.4076	0.241951
0.4078	0.242613
0.4080	0.243278
0.4082	0.243946
0.4084	0.244616
0.4086	0.245288
0.4088	0.245963
0.4090	0.246641
0.4092	0.247322
0.4094	0.248005
0.4096	0.248690
0.4098	0.249379
0.4100	0.250070
0.4102	0.250763
0.4104	0.251460
0.4106	0.252159
0.4108	0.252861
0.4110	0.253565
0.4112	0.254272
0.4114	0.254982
0.4116	0.255695
0.4118	0.256411
0.4120	0.257129
0.4122	0.257850
0.4124	0.258574
0.4126	0.259301
0.4128	0.260031
0.4130	0.260763
0.4132	0.261499
0.4134	0.262237
0.4136	0.262978
0.4138	0.263722
0.4140	0.264469
0.4142	0.265219
0.4144	0.265972
0.4146	0.266727
0.4148	0.267486
0.4150	0.268248
0.4152	0.269013
0.4154	0.269780
0.4156	0.270551
0.4158	0.271325
0.4160	0.272101
0.4162	0.272881
0.4164	0.273664
0.4166	0.274450
0.4168	0.275239
0.4170	0.276031
0.4172	0.276827
0.4174	0.277625
0.4176	0.278427
0.4178	0.279231
0.4180	0.280039
0.4182	0.280850
0.4184	0.281665
0.4186	0.282482
0.4188	0.283303
0.4190	0.284127
0.4192	0.284954
0.4194	0.285785
0.4196	0.286618
0.4198	0.287455
0.4200	0.288296
0.4202	0.289139
0.4204	0.289986
0.4206	0.290837
0.4208	0.291691
0.4210	0.292548
0.4212	0.293408
0.4214	0.294272
0.4216	0.295140
0.4218	0.296010
0.4220	0.296885
0.4222	0.297762
0.4224	0.298644
0.4226	0.299528
0.4228	0.300416
0.4230	0.301308
0.4232	0.302203
0.4234	0.303102
0.4236	0.304005
0.4238	0.304910
0.4240	0.305820
0.4242	0.306733
0.4244	0.307650
0.4246	0.308570
0.4248	0.309494
0.4250	0.310422
0.4252	0.311354
0.4254	0.312289
0.4256	0.313228
0.4258	0.314170
0.4260	0.315117
0.4262	0.316067
0.4264	0.317020
0.4266	0.317978
0.4268	0.318940
0.4270	0.319905
0.4272	0.320874
0.4274	0.321847
0.4276	0.322824
0.4278	0.323804
0.4280	0.324789
0.4282	0.325777
0.4284	0.326770
0.4286	0.327766
0.4288	0.328766
0.4290	0.329771
0.4292	0.330779
0.4294	0.331791
0.4296	0.332808
0.4298	0.333828
0.4300	0.334852
0.4302	0.335881
0.4304	0.336913
0.4306	0.337950
0.4308	0.338991
0.4310	0.340035
0.4312	0.341084
0.4314	0.342138
0.4316	0.343195
0.4318	0.344256
0.4320	0.345322
0.4322	0.346392
0.4324	0.347466
0.4326	0.348545
0.4328	0.349627
0.4330	0.350714
0.4332	0.351805
0.4334	0.352901
0.4336	0.354001
0.4338	0.355105
0.4340	0.356214
0.4342	0.357327
0.4344	0.358444
0.4346	0.359566
0.4348	0.360692
0.4350	0.361822
0.4352	0.362958
0.4354	0.364097
0.4356	0.365241
0.4358	0.366390
0.4360	0.367543
0.4362	0.368700
0.4364	0.369862
0.4366	0.371029
0.4368	0.372200
0.4370	0.373376
0.4372	0.374556
0.4374	0.375741
0.4376	0.376931
0.4378	0.378125
0.4380	0.379324
0.4382	0.380528
0.4384	0.381736
0.4386	0.382949
0.4388	0.384167
0.4390	0.385390
0.4392	0.386617
0.4394	0.387849
0.4396	0.389086
0.4398	0.390327
0.4400	0.391574
0.4402	0.392825
0.4404	0.394081
0.4406	0.395342
0.4408	0.396608
0.4410	0.397879
0.4412	0.399154
0.4414	0.400435
0.4416	0.401720
0.4418	0.403011
0.4420	0.404306
0.4422	0.405606
0.4424	0.406912
0.4426	0.408222
0.4428	0.409537
0.4430	0.410858
0.4432	0.412183
0.4434	0.413513
0.4436	0.414849
0.4438	0.416189
0.4440	0.417535
0.4442	0.418886
0.4444	0.420242
0.4446	0.421603
0.4448	0.422969
0.4450	0.424340
0.4452	0.425716
0.4454	0.427098
0.4456	0.428485
0.4458	0.429877
0.4460	0.431274
0.4462	0.432676
0.4464	0.434084
0.4466	0.435497
0.4468	0.436915
0.4470	0.438339
0.4472	0.439767
0.4474	0.441201
0.4476	0.442641
0.4478	0.444085
0.4480	0.445535
0.4482	0.446990
0.4484	0.448451
0.4486	0.449917
0.4488	0.451388
0.4490	0.452865
0.4492	0.454347
0.4494	0.455834
0.4496	0.457327
0.4498	0.458825
0.4500	0.460329
0.4502	0.461838
0.4504	0.463352
0.4506	0.464872
0.4508	0.466397
0.4510	0.467928
0.4512	0.469464
0.4514	0.471006
0.4516	0.472553
0.4518	0.474105
0.4520	0.475663
0.4522	0.477227
0.4524	0.478796
0.4526	0.480371
0.4528	0.481951
0.4530	0.483536
0.4532	0.485127
0.4534	0.486723
0.4536	0.488325
0.4538	0.489933
0.4540	0.491546
0.4542	0.493165
0.4544	0.494789
0.4546	0.496418
0.4548	0.498053
0.4550	0.499694
0.4552	0.501340
0.4554	0.502992
0.4556	0.504649
0.4558	0.506312
0.4560	0.507980
0.4562	0.509654
0.4564	0.511333
0.4566	0.513018
0.4568	0.514708
0.4570	0.516404
0.4572	0.518105
0.4574	0.519812
0.4576	0.521524
0.4578	0.523242
0.4580	0.524965
0.4582	0.526694
0.4584	0.528428
0.4586	0.530168
0.4588	0.531913
0.4590	0.533664
0.4592	0.535420
0.4594	0.537181
0.4596	0.538948
0.4598	0.540721
0.4600	0.542498
0.4602	0.544281
0.4604	0.546070
0.4606	0.547864
0.4608	0.549663
0.4610	0.551468
0.4612	0.553278
0.4614	0.555093
0.4616	0.556914
0.4618	0.558740
0.4620	0.560571
0.4622	0.562408
0.4624	0.564249
0.4626	0.566096
0.4628	0.567948
0.4630	0.569806
0.4632	0.571668
0.4634	0.573536
0.4636	0.575409
0.4638	0.577287
0.4640	0.579170
0.4642	0.581058
0.4644	0.582951
0.4646	0.584849
0.4648	0.586753
0.4650	0.588661
0.4652	0.590574
0.4654	0.592492
0.4656	0.594415
0.4658	0.596342
0.4660	0.598275
0.4662	0.600213
0.4664	0.602155
0.4666	0.604102
0.4668	0.606053
0.4670	0.608010
0.4672	0.609971
0.4674	0.611936
0.4676	0.613906
0.4678	0.615881
0.4680	0.617860
0.4682	0.619844
0.4684	0.621832
0.4686	0.623824
0.4688	0.625821
0.4690	0.627822
0.4692	0.629828
0.4694	0.631837
0.4696	0.633851
0.4698	0.635869
0.4700	0.637891
0.4702	0.639917
0.4704	0.641947
0.4706	0.643981
0.4708	0.646019
0.4710	0.648061
0.4712	0.650106
0.4714	0.652155
0.4716	0.654208
0.4718	0.656265
0.4720	0.658325
0.4722	0.660388
0.4724	0.662455
0.4726	0.664526
0.4728	0.666600
0.4730	0.668677
0.4732	0.670757
0.4734	0.672840
0.4736	0.674927
0.4738	0.677016
0.4740	0.679109
0.4742	0.681204
0.4744	0.683303
0.4746	0.685404
0.4748	0.687507
0.4750	0.689614
0.4752	0.691722
0.4754	0.693834
0.4756	0.695947
0.4758	0.698063
0.4760	0.700182
0.4762	0.702302
0.4764	0.704425
0.4766	0.706549
0.4768	0.708675
0.4770	0.710804
0.4772	0.712934
0.4774	0.715065
0.4776	0.717199
0.4778	0.719333
0.4780	0.721469
0.4782	0.723607
0.4784	0.725746
0.4786	0.727885
0.4788	0.730026
0.4790	0.732168
0.4792	0.734311
0.4794	0.736454
0.4796	0.738598
0.4798	0.740743
0.4800	0.742888
0.4802	0.745033
0.4804	0.747179
0.4806	0.749324
0.4808	0.751470
0.4810	0.753616
0.4812	0.755761
0.4814	0.757907
0.4816	0.760051
0.4818	0.762196
0.4820	0.764339
0.4822	0.766482
0.4824	0.768625
0.4826	0.770766
0.4828	0.772906
0.4830	0.775045
0.4832	0.777182
0.4834	0.779318
0.4836	0.781453
0.4838	0.783586
0.4840	0.785717
0.4842	0.787846
0.4844	0.789973
0.4846	0.792098
0.4848	0.794220
0.4850	0.796340
0.4852	0.798457
0.4854	0.800572
0.4856	0.802684
0.4858	0.804793
0.4860	0.806899
0.4862	0.809001
0.4864	0.811100
0.4866	0.813196
0.4868	0.815288
0.4870	0.817376
0.4872	0.819460
0.4874	0.821540
0.4876	0.823615
0.4878	0.825687
0.4880	0.827753
0.4882	0.829815
0.4884	0.831873
0.4886	0.833925
0.4888	0.835972
0.4890	0.838014
0.4892	0.840050
0.4894	0.842081
0.4896	0.844106
0.4898	0.846125
0.4900	0.848139
0.4902	0.850145
0.4904	0.852146
0.4906	0.854140
0.4908	0.856127
0.4910	0.858108
0.4912	0.860081
0.4914	0.862048
0.4916	0.864007
0.4918	0.865958
0.4920	0.867902
0.4922	0.869838
0.4924	0.871767
0.4926	0.873687
0.4928	0.875598
0.4930	0.877502
0.4932	0.879396
0.4934	0.881282
0.4936	0.883159
0.4938	0.885027
0.4940	0.886885
0.4942	0.888735
0.4944	0.890574
0.4946	0.892404
0.4948	0.894224
0.4950	0.896033
0.4952	0.897833
0.4954	0.899621
0.4956	0.901400
0.4958	0.903167
0.4960	0.904924
0.4962	0.906669
0.4964	0.908403
0.4966	0.910126
0.4968	0.911837
0.4970	0.913537
0.4972	0.915224
0.4974	0.916899
0.4976	0.918562
0.4978	0.920213
0.4980	0.921851
0.4982	0.923476
0.4984	0.925088
0.4986	0.926687
0.4988	0.928273
0.4990	0.929845
0.4992	0.931404
0.4994	0.932949
0.4996	0.934480
0.4998	0.935997
0.5000	0.937500
0.5002	0.938988
0.5004	0.940462
0.5006	0.941921
0.5008	0.943366
0.5010	0.944795
0.5012	0.946209
0.5014	0.947608
0.5016	0.948991
0.5018	0.950359
0.5020	0.951710
0.5022	0.953046
0.5024	0.954366
0.5026	0.955670
0.5028	0.956957
0.5030	0.958228
0.5032	0.959482
0.5034	0.960719
0.5036	0.961939
0.5038	0.963142
0.5040	0.964328
0.5042	0.965497
0.5044	0.966648
0.5046	0.967782
0.5048	0.968898
0.5050	0.969996
0.5052	0.971075
0.5054	0.972137
0.5056	0.973181
0.5058	0.974206
0.5060	0.975213
0.5062	0.976201
0.5064	0.977170
0.5066	0.978121
0.5068	0.979052
0.5070	0.979965
0.5072	0.980858
0.5074	0.981732
0.5076	0.982587
0.5078	0.983422
0.5080	0.984238
0.5082	0.985034
0.5084	0.985810
0.5086	0.986566
0.5088	0.987303
0.5090	0.988019
0.5092	0.988715
0.5094	0.989391
0.5096	0.990047
0.5098	0.990683
0.5100	0.991298
0.5102	0.991892
0.5104	0.992466
0.5106	0.993019
0.5108	0.993552
0.5110	0.994064
0.5112	0.994554
0.5114	0.995024
0.5116	0.995474
0.5118	0.995902
0.5120	0.996309
0.5122	0.996695
0.5124	0.997059
0.5126	0.997403
0.5128	0.997725
0.5130	0.998027
0.5132	0.998307
0.5134	0.998565
0.5136	0.998802
0.5138	0.999018
0.5140	0.999213
0.5142	0.999386
0.5144	0.999537
0.5146	0.999667
0.5148	0.999776
0.5150	0.999863
0.5152	0.999929
0.5154	0.999974
0.5156	0.999997
0.5158	0.999998
0.5160	0.999978
0.5162	0.999936
0.5164	0.999874
0.5166	0.999789
0.5168	0.999684
0.5170	0.999556
0.5172	0.999408
0.5174	0.999238
0.5176	0.999047
0.5178	0.998835
0.5180	0.998601
0.5182	0.998346
0.5184	0.998070
0.5186	0.997773
0.5188	0.997455
0.5190	0.997116
0.5192	0.996756
0.5194	0.996375
0.5196	0.995973
0.5198	0.995550
0.5200	0.995107
0.5202	0.994643
0.5204	0.994158
0.5206	0.993652
0.5208	0.993127
0.5210	0.992580
0.5212	0.992014
0.5214	0.991427
0.5216	0.990820
0.5218	0.990193
0.5220	0.989546
0.5222	0.988879
0.5224	0.988192
0.5226	0.987486
0.5228	0.986759
0.5230	0.986014
0.5232	0.985249
0.5234	0.984464
0.5236	0.983660
0.5238	0.982838
0.5240	0.981996
0.5242	0.981135
0.5244	0.980255
0.5246	0.979357
0.5248	0.978440
0.5250	0.977505
0.5252	0.976551
0.5254	0.975579
0.5256	0.974590
0.5258	0.973582
0.5260	0.972556
0.5262	0.971512
0.5264	0.970451
0.5266	0.969373
0.5268	0.968277
0.5270	0.967164
0.5272	0.966034
0.5274	0.964887
0.5276	0.963723
0.5278	0.962543
0.5280	0.961346
0.5282	0.960133
0.5284	0.958903
0.5286	0.957658
0.5288	0.956397
0.5290	0.955119
0.5292	0.953827
0.5294	0.952518
0.5296	0.951195
0.5298	0.949856
0.5300	0.948502
0.5302	0.947134
0.5304	0.945750
0.5306	0.944352
0.5308	0.942940
0.5310	0.941514
0.5312	0.940073
0.5314	0.938619
0.5316	0.937150
0.5318	0.935668
0.5320	0.934173
0.5322	0.932665
0.5324	0.931143
0.5326	0.929608
0.5328	0.928061
0.5330	0.926501
0.5332	0.924928
0.5334	0.923343
0.5336	0.921746
0.5338	0.920137
0.5340	0.918516
0.5342	0.916884
0.5344	0.915240
0.5346	0.913584
0.5348	0.911918
0.5350	0.910240
0.5352	0.908552
0.5354	0.906853
0.5356	0.905143
0.5358	0.903423
0.5360	0.901693
0.5362	0.899953
0.5364	0.898203
0.5366	0.896444
0.5368	0.894675
0.5370	0.892896
0.5372	0.891109
0.5374	0.889312
0.5376	0.887506
0.5378	0.885692
0.5380	0.883869
0.5382	0.882038
0.5384	0.880198
0.5386	0.878351
0.5388	0.876495
0.5390	0.874632
0.5392	0.872761
0.5394	0.870883
0.5396	0.868998
0.5398	0.867105
0.5400	0.865205
0.5402	0.863299
0.5404	0.861386
0.5406	0.859466
0.5408	0.857540
0.5410	0.855608
0.5412	0.853670
0.5414	0.851726
0.5416	0.849776
0.5418	0.847820
0.5420	0.845860
0.5422	0.843893
0.5424	0.841922
0.5426	0.839946
0.5428	0.837964
0.5430	0.835978
0.5432	0.833988
0.5434	0.831993
0.5436	0.829994
0.5438	0.827990
0.5440	0.825983
0.5442	0.823971
0.5444	0.821956
0.5446	0.819938
0.5448	0.817916
0.5450	0.815890
0.5452	0.813861
0.5454	0.811830
0.5456	0.809795
0.5458	0.807758
0.5460	0.805717
0.5462	0.803675
0.5464	0.801629
0.5466	0.799582
0.5468	0.797532
0.5470	0.795480
0.5472	0.793427
0.5474	0.791371
0.5476	0.789314
0.5478	0.787255
0.5480	0.785195
0.5482	0.783134
0.5484	0.781071
0.5486	0.779007
0.5488	0.776942
0.5490	0.774876
0.5492	0.772810
0.5494	0.770742
0.5496	0.768675
0.5498	0.766606
0.5500	0.764538
0.5502	0.762469
0.5504	0.760400
0.5506	0.758331
0.5508	0.756262
0.5510	0.754193
0.5512	0.752124
0.5514	0.750056
0.5516	0.747988
0.5518	0.745921
0.5520	0.743855
0.5522	0.741789
0.5524	0.739724
0.5526	0.737660
0.5528	0.735597
0.5530	0.733535
0.5532	0.731474
0.5534	0.729414
0.5536	0.727356
0.5538	0.725299
0.5540	0.723244
0.5542	0.721191
0.5544	0.719139
0.5546	0.717088
0.5548	0.715040
0.5550	0.712994
0.5552	0.710949
0.5554	0.708907
0.5556	0.706867
0.5558	0.704829
0.5560	0.702793
0.5562	0.700759
0.5564	0.698728
0.5566	0.696700
0.5568	0.694674
0.5570	0.692651
0.5572	0.690630
0.5574	0.688612
0.5576	0.686597
0.5578	0.684585
0.5580	0.682576
0.5582	0.680570
0.5584	0.678567
0.5586	0.676567
0.5588	0.674570
0.5590	0.672576
0.5592	0.670586
0.5594	0.668599
0.5596	0.666615
0.5598	0.664635
0.5600	0.662658
0.5602	0.660685
0.5604	0.658716
0.5606	0.656750
0.5608	0.654788
0.5610	0.652829
0.5612	0.650875
0.5614	0.648924
0.5616	0.646977
0.5618	0.645034
0.5620	0.643095
0.5622	0.641160
0.5624	0.639229
0.5626	0.637302
0.5628	0.635379
0.5630	0.633460
0.5632	0.631546
0.5634	0.629635
0.5636	0.627729
0.5638	0.625828
0.5640	0.623930
0.5642	0.622037
0.5644	0.620149
0.5646	0.618264
0.5648	0.616385
0.5650	0.614509
0.5652	0.612639
0.5654	0.610773
0.5656	0.608911
0.5658	0.607054
0.5660	0.605202
0.5662	0.603354
0.5664	0.601511
0.5666	0.599673
0.5668	0.597839
0.5670	0.596011
0.5672	0.594187
0.5674	0.592367
0.5676	0.590553
0.5678	0.588744
0.5680	0.586939
0.5682	0.585139
0.5684	0.583344
0.5686	0.581554
0.5688	0.579769
0.5690	0.577989
0.5692	0.576214
0.5694	0.574444
0.5696	0.572679
0.5698	0.570919
0.5700	0.569163
0.5702	0.567413
0.5704	0.565668
0.5706	0.563929
0.5708	0.562194
0.5710	0.560464
0.5712	0.558739
0.5714	0.557020
0.5716	0.555305
0.5718	0.553596
0.5720	0.551892
0.5722	0.550193
0.5724	0.548499
0.5726	0.546810
0.5728	0.545127
0.5730	0.543449
0.5732	0.541775
0.5734	0.540108
0.5736	0.538445
0.5738	0.536787
0.5740	0.535135
0.5742	0.533488
0.5744	0.531846
0.5746	0.530209
0.5748	0.528578
0.5750	0.526952
0.5752	0.525331
0.5754	0.523715
0.5756	0.522104
0.5758	0.520499
0.5760	0.518899
0.5762	0.517304
0.5764	0.515714
0.5766	0.514130
0.5768	0.512551
0.5770	0.510977
0.5772	0.509408
0.5774	0.507845
0.5776	0.506286
0.5778	0.504733
0.5780	0.503185
0.5782	0.501643
0.5784	0.500105
0.5786	0.498573
0.5788	0.497046
0.5790	0.495525
0.5792	0.494008
0.5794	0.492497
0.5796	0.490991
0.5798	0.489490
0.5800	0.487994
0.5802	0.486503
0.5804	0.485018
0.5806	0.483537
0.5808	0.482062
0.5810	0.480592
0.5812	0.479127
0.5814	0.477668
0.5816	0.476213
0.5818	0.474764
0.5820	0.473319
0.5822	0.471880
0.5824	0.470446
0.5826	0.469017
0.5828	0.467593
0.5830	0.466174
0.5832	0.464761
0.5834	0.463352
0.5836	0.461948
0.5838	0.460549
0.5840	0.459156
0.5842	0.457767
0.5844	0.456384
0.5846	0.455005
0.5848	0.453632
0.5850	0.452263
0.5852	0.450899
0.5854	0.449541
0.5856	0.448187
0.5858	0.446838
0.5860	0.445495
0.5862	0.444156
0.5864	0.442822
0.5866	0.441493
0.5868	0.440168
0.5870	0.438849
0.5872	0.437535
0.5874	0.436225
0.5876	0.434920
0.5878	0.433620
0.5880	0.432325
0.5882	0.431035
0.5884	0.429749
0.5886	0.428469
0.5888	0.427193
0.5890	0.425921
0.5892	0.424655
0.5894	0.423393
0.5896	0.422136
0.5898	0.420884
0.5900	0.419636
0.5902	0.418393
0.5904	0.417155
0.5906	0.415921
0.5908	0.414692
0.5910	0.413468
0.5912	0.412248
0.5914	0.411033
0.5916	0.409823
0.5918	0.408617
0.5920	0.407415
0.5922	0.406218
0.5924	0.405026
0.5926	0.403838
0.5928	0.402655
0.5930	0.401476
0.5932	0.400302
0.5934	0.399132
0.5936	0.397967
0.5938	0.396806
0.5940	0.395649
0.5942	0.394497
0.5944	0.393349
0.5946	0.392206
0.5948	0.391067
0.5950	0.389932
0.5952	0.388802
0.5954	0.387676
0.5956	0.386554
0.5958	0.385437
0.5960	0.384324
0.5962	0.383215
0.5964	0.382110
0.5966	0.381010
0.5968	0.379914
0.5970	0.378822
0.5972	0.377735
0.5974	0.376651
0.5976	0.375572
0.5978	0.374497
0.5980	0.373426
0.5982	0.372359
0.5984	0.371296
0.5986	0.370237
0.5988	0.369183
0.5990	0.368132
0.5992	0.367086
0.5994	0.366043
0.5996	0.365005
0.5998	0.363970
0.6000	0.362940
0.6002	0.361913
0.6004	0.360891
0.6006	0.359872
0.6008	0.358858
0.6010	0.357847
0.6012	0.356840
0.6014	0.355838
0.6016	0.354839
0.6018	0.353844
0.6020	0.352852
0.6022	0.351865
0.6024	0.350881
0.6026	0.349902
0.6028	0.348926
0.6030	0.347953
0.6032	0.346985
0.6034	0.346020
0.6036	0.345059
0.6038	0.344102
0.6040	0.343149
0.6042	0.342199
0.6044	0.341253
0.6046	0.340310
0.6048	0.339372
0.6050	0.338437
0.6052	0.337505
0.6054	0.336577
0.6056	0.335653
0.6058	0.334732
0.6060	0.333815
0.6062	0.332901
0.6064	0.331991
0.6066	0.331085
0.6068	0.330182
0.6070	0.329282
0.6072	0.328386
0.6074	0.327494
0.6076	0.326605
0.6078	0.325719
0.6080	0.324837
0.6082	0.323958
0.6084	0.323083
0.6086	0.322211
0.6088	0.321342
0.6090	0.320477
0.6092	0.319615
0.6094	0.318757
0.6096	0.317901
0.6098	0.317050
0.6100	0.316201
0.6102	0.315356
0.6104	0.314514
0.6106	0.313675
0.6108	0.312839
0.6110	0.312007
0.6112	0.311178
0.6114	0.310352
0.6116	0.309530
0.6118	0.308710
0.6120	0.307894
0.6122	0.307081
0.6124	0.306271
0.6126	0.305464
0.6128	0.304660
0.6130	0.303859
0.6132	0.303062
0.6134	0.302267
0.6136	0.301476
0.6138	0.300687
0.6140	0.299902
0.6142	0.299120
0.6144	0.298341
0.6146	0.297564
0.6148	0.296791
0.6150	0.296021
0.6152	0.295253
0.6154	0.294489
0.6156	0.293728
0.6158	0.292969
0.6160	0.292214
0.6162	0.291461
0.6164	0.290711
0.6166	0.289964
0.6168	0.289220
0.6170	0.288479
0.6172	0.287741
0.6174	0.287005
0.6176	0.286273
0.6178	0.285543
0.6180	0.284816
0.6182	0.284091
0.6184	0.283370
0.6186	0.282651
0.6188	0.281935
0.6190	0.281222
0.6192	0.280512
0.6194	0.279804
0.6196	0.279099
0.6198	0.278396
0.6200	0.277697
0.6202	0.277000
0.6204	0.276305
0.6206	0.275614
0.6208	0.274925
0.6210	0.274238
0.6212	0.273554
0.6214	0.272873
0.6216	0.272194
0.6218	0.271518
0.6220	0.270845
0.6222	0.270174
0.6224	0.269506
0.6226	0.268840
0.6228	0.268177
0.6230	0.267516
0.6232	0.266858
0.6234	0.266202
0.6236	0.265549
0.6238	0.264898
0.6240	0.264250
0.6242	0.263604
0.6244	0.262961
0.6246	0.262320
0.6248	0.261681
0.6250	0.261045
0.6252	0.260411
0.6254	0.259780
0.6256	0.259151
0.6258	0.258525
0.6260	0.257900
0.6262	0.257279
0.6264	0.256659
0.6266	0.256042
0.6268	0.255427
0.6270	0.254815
0.6272	0.254204
0.6274	0.253597
0.6276	0.252991
0.6278	0.252388
0.6280	0.251787
0.6282	0.251188
0.6284	0.250591
0.6286	0.249997
0.6288	0.249405
0.6290	0.248815
0.6292	0.248227
0.6294	0.247642
0.6296	0.247059
0.6298	0.246477
0.6300	0.245899
0.6302	0.245322
0.6304	0.244747
0.6306	0.244175
0.6308	0.243604
0.6310	0.243036
0.6312	0.242470
0.6314	0.241906
0.6316	0.241344
0.6318	0.240785
0.6320	0.240227
0.6322	0.239671
0.6324	0.239118
0.6326	0.238566
0.6328	0.238017
0.6330	0.237470
0.6332	0.236924
0.6334	0.236381
0.6336	0.235840
0.6338	0.235300
0.6340	0.234763
0.6342	0.234228
0.6344	0.233694
0.6346	0.233163
0.6348	0.232633
0.6350	0.232106
0.6352	0.231580
0.6354	0.231057
0.6356	0.230535
0.6358	0.230016
0.6360	0.229498
0.6362	0.228982
0.6364	0.228468
0.6366	0.227956
0.6368	0.227445
0.6370	0.226937
0.6372	0.226431
0.6374	0.225926
0.6376	0.225423
0.6378	0.224922
0.6380	0.224423
0.6382	0.223926
0.6384	0.223430
0.6386	0.222937
0.6388	0.222445
0.6390	0.221955
0.6392	0.221467
0.6394	0.220980
0.6396	0.220495
0.6398	0.220012
0.6400	0.219531
0.6402	0.219052
0.6404	0.218574
0.6406	0.218098
0.6408	0.217624
0.6410	0.217152
0.6412	0.216681
0.6414	0.216212
0.6416	0.215744
0.6418	0.215279
0.6420	0.214815
0.6422	0.214352
0.6424	0.213892
0.6426	0.213433
0.6428	0.212975
0.6430	0.212520
0.6432	0.212066
0.6434	0.211613
0.6436	0.211163
0.6438	0.210714
0.6440	0.210266
0.6442	0.209820
0.6444	0.209376
0.6446	0.208933
0.6448	0.208492
0.6450	0.208053
0.6452	0.207615
0.6454	0.207178
0.6456	0.206744
0.6458	0.206310
0.6460	0.205879
0.6462	0.205449
0.6464	0.205020
0.6466	0.204593
0.6468	0.204167
0.6470	0.203743
0.6472	0.203321
0.6474	0.202900
0.6476	0.202480
0.6478	0.202063
0.6480	0.201646
0.6482	0.201231
0.6484	0.200817
0.6486	0.200405
0.6488	0.199995
0.6490	0.199586
0.6492	0.199178
0.6494	0.198772
0.6496	0.198367
0.6498	0.197964
0.6500	0.197562
0.6502	0.197161
0.6504	0.196762
0.6506	0.196364
0.6508	0.195968
0.6510	0.195573
0.6512	0.195180
0.6514	0.194788
0.6516	0.194397
0.6518	0.194008
0.6520	0.193620
0.6522	0.193233
0.6524	0.192848
0.6526	0.192464
0.6528	0.192081
0.6530	0.191700
0.6532	0.191320
0.6534	0.190942
0.6536	0.190565
0.6538	0.190189
0.6540	0.189814
0.6542	0.189441
0.6544	0.189069
0.6546	0.188699
0.6548	0.188329
0.6550	0.187961
0.6552	0.187595
0.6554	0.187229
0.6556	0.186865
0.6558	0.186502
0.6560	0.186140
0.6562	0.185780
0.6564	0.185421
0.6566	0.185063
0.6568	0.184706
0.6570	0.184351
0.6572	0.183997
0.6574	0.183644
0.6576	0.183292
0.6578	0.182942
0.6580	0.182592
0.6582	0.182244
0.6584	0.181897
0.6586	0.181552
0.6588	0.181207
0.6590	0.180864
0.6592	0.180522
0.6594	0.180181
0.6596	0.179841
0.6598	0.179503
0.6600	0.179165
0.6602	0.178829
0.6604	0.178494
0.6606	0.178160
0.6608	0.177828
0.6610	0.177496
0.6612	0.177166
0.6614	0.176836
0.6616	0.176508
0.6618	0.176181
0.6620	0.175855
0.6622	0.175530
0.6624	0.175206
0.6626	0.174884
0.6628	0.174562
0.6630	0.174242
0.6632	0.173923
0.6634	0.173604
0.6636	0.173287
0.6638	0.172971
0.6640	0.172656
0.6642	0.172342
0.6644	0.172030
0.6646	0.171718
0.6648	0.171407
0.6650	0.171098
0.6652	0.170789
0.6654	0.170481
0.6656	0.170175
0.6658	0.169870
0.6660	0.169565
0.6662	0.169262
0.6664	0.168960
0.6666	0.168658
0.6668	0.168358
0.6670	0.168059
0.6672	0.167760
0.6674	0.167463
0.6676	0.167167
0.6678	0.166872
0.6680	0.166578
0.6682	0.166284
0.6684	0.165992
0.6686	0.165701
0.6688	0.165411
0.6690	0.165121
0.6692	0.164833
0.6694	0.164546
0.6696	0.164259
0.6698	0.163974
0.6700	0.163689
0.6702	0.163406
0.6704	0.163123
0.6706	0.162842
0.6708	0.162561
0.6710	0.162281
0.6712	0.162003
0.6714	0.161725
0.6716	0.161448
0.6718	0.161172
0.6720	0.160897
0.6722	0.160623
0.6724	0.160350
0.6726	0.160077
0.6728	0.159806
0.6730	0.159536
0.6732	0.159266
0.6734	0.158997
0.6736	0.158730
0.6738	0.158463
0.6740	0.158197
0.6742	0.157932
0.6744	0.157667
0.6746	0.157404
0.6748	0.157142
0.6750	0.156880
0.6752	0.156619
0.6754	0.156360
0.6756	0.156101
0.6758	0.155843
0.6760	0.155585
0.6762	0.155329
0.6764	0.155073
0.6766	0.154819
0.6768	0.154565
0.6770	0.154312
0.6772	0.154060
0.6774	0.153808
0.6776	0.153558
0.6778	0.153308
0.6780	0.153060
0.6782	0.152811
0.6784	0.152564
0.6786	0.152318
0.6788	0.152072
0.6790	0.151828
0.6792	0.151584
0.6794	0.151341
0.6796	0.151098
0.6798	0.150857
0.6800	0.150616
0.6802	0.150376
0.6804	0.150137
0.6806	0.149899
0.6808	0.149661
0.6810	0.149424
0.6812	0.149188
0.6814	0.148953
0.6816	0.148719
0.6818	0.148485
0.6820	0.148252
0.6822	0.148020
0.6824	0.147789
0.6826	0.147558
0.6828	0.147328
0.6830	0.147099
0.6832	0.146871
0.6834	0.146643
0.6836	0.146416
0.6838	0.146190
0.6840	0.145965
0.6842	0.145740
0.6844	0.145516
0.6846	0.145293
0.6848	0.145071
0.6850	0.144849
0.6852	0.144628
0.6854	0.144408
0.6856	0.144188
0.6858	0.143969
0.6860	0.143751
0.6862	0.143534
0.6864	0.143317
0.6866	0.143101
0.6868	0.142886
0.6870	0.142671
0.6872	0.142458
0.6874	0.142244
0.6876	0.142032
0.6878	0.141820
0.6880	0.141609
0.6882	0.141399
0.6884	0.141189
0.6886	0.140980
0.6888	0.140772
0.6890	0.140564
0.6892	0.140357
0.6894	0.140151
0.6896	0.139945
0.6898	0.139740
0.6900	0.139536
0.6902	0.139332
0.6904	0.139129
0.6906	0.138927
0.6908	0.138725
0.6910	0.138524
0.6912	0.138324
0.6914	0.138124
0.6916	0.137925
0.6918	0.137727
0.6920	0.137529
0.6922	0.137332
0.6924	0.137136
0.6926	0.136940
0.6928	0.136745
0.6930	0.136550
0.6932	0.136356
0.6934	0.136163
0.6936	0.135970
0.6938	0.135778
0.6940	0.135587
0.6942	0.135396
0.6944	0.135206
0.6946	0.135016
0.6948	0.134827
0.6950	0.134639
0.6952	0.134451
0.6954	0.134264
0.6956	0.134078
0.6958	0.133892
0.6960	0.133706
0.6962	0.133522
0.6964	0.133337
0.6966	0.133154
0.6968	0.132971
0.6970	0.132789
0.6972	0.132607
0.6974	0.132426
0.6976	0.132245
0.6978	0.132065
0.6980	0.131886
0.6982	0.131707
0.6984	0.131529
0.6986	0.131351
0.6988	0.131174
0.6990	0.130998
0.6992	0.130822
0.6994	0.130646
0.6996	0.130472
0.6998	0.130297
0.7000	0.130124
0.7002	0.129951
0.7004	0.129778
0.7006	0.129606
0.7008	0.129435
0.7010	0.129264
0.7012	0.129093
0.7014	0.128924
0.7016	0.128754
0.7018	0.128586
0.7020	0.128418
0.7022	0.128250
0.7024	0.128083
0.7026	0.127916
0.7028	0.127751
0.7030	0.127585
0.7032	0.127420
0.7034	0.127256
0.7036	0.127092
0.7038	0.126929
0.7040	0.126766
0.7042	0.126604
0.7044	0.126442
0.7046	0.126281
0.7048	0.126120
0.7050	0.125960
0.7052	0.125800
0.7054	0.125641
0.7056	0.125483
0.7058	0.125325
0.7060	0.125167
0.7062	0.125010
0.7064	0.124853
0.7066	0.124697
0.7068	0.124542
0.7070	0.124387
0.7072	0.124232
0.7074	0.124078
0.7076	0.123925
0.7078	0.123772
0.7080	0.123619
0.7082	0.123467
0.7084	0.123315
0.7086	0.123164
0.7088	0.123014
0.7090	0.122864
0.7092	0.122714
0.7094	0.122565
0.7096	0.122416
0.7098	0.122268
0.7100	0.122121
0.7102	0.121973
0.7104	0.121827
0.7106	0.121680
0.7108	0.121535
0.7110	0.121389
0.7112	0.121245
0.7114	0.121100
0.7116	0.120956
0.7118	0.120813
0.7120	0.120670
0.7122	0.120528
0.7124	0.120386
0.7126	0.120244
0.7128	0.120103
0.7130	0.119962
0.7132	0.119822
0.7134	0.119683
0.7136	0.119543
0.7138	0.119405
0.7140	0.119266
0.7142	0.119128
0.7144	0.118991
0.7146	0.118854
0.7148	0.118717
0.7150	0.118581
0.7152	0.118446
0.7154	0.118310
0.7156	0.118176
0.7158	0.118041
0.7160	0.117907
0.7162	0.117774
0.7164	0.117641
0.7166	0.117508
0.7168	0.117376
0.7170	0.117245
0.7172	0.117113
0.7174	0.116983
0.7176	0.116852
0.7178	0.116722
0.7180	0.116593
0.7182	0.116463
0.7184	0.116335
0.7186	0.116206
0.7188	0.116079
0.7190	0.115951
0.7192	0.115824
0.7194	0.115698
0.7196	0.115571
0.7198	0.115446
0.7200	0.115320
0.7202	0.115195
0.7204	0.115071
0.7206	0.114947
0.7208	0.114823
0.7210	0.114700
0.7212	0.114577
0.7214	0.114454
0.7216	0.114332
0.7218	0.114211
0.7220	0.114090
0.7222	0.113969
0.7224	0.113848
0.7226	0.113728
0.7228	0.113609
0.7230	0.113489
0.7232	0.113370
0.7234	0.113252
0.7236	0.113134
0.7238	0.113016
0.7240	0.112899
0.7242	0.112782
0.7244	0.112666
0.7246	0.112550
0.7248	0.112434
0.7250	0.112319
0.7252	0.112204
0.7254	0.112089
0.7256	0.111975
0.7258	0.111861
0.7260	0.111748
0.7262	0.111635
0.7264	0.111522
0.7266	0.111410
0.7268	0.111298
0.7270	0.111186
0.7272	0.111075
0.7274	0.110965
0.7276	0.110854
0.7278	0.110744
0.7280	0.110635
0.7282	0.110525
0.7284	0.110416
0.7286	0.110308
0.7288	0.110200
0.7290	0.110092
0.7292	0.109985
0.7294	0.109877
0.7296	0.109771
0.7298	0.109664
0.7300	0.109559
0.7302	0.109453
0.7304	0.109348
0.7306	0.109243
0.7308	0.109138
0.7310	0.109034
0.7312	0.108930
0.7314	0.108827
0.7316	0.108724
0.7318	0.108621
0.7320	0.108519
0.7322	0.108417
0.7324	0.108315
0.7326	0.108214
0.7328	0.108113
0.7330	0.108012
0.7332	0.107912
0.7334	0.107812
0.7336	0.107712
0.7338	0.107613
0.7340	0.107514
0.7342	0.107416
0.7344	0.107318
0.7346	0.107220
0.7348	0.107122
0.7350	0.107025
0.7352	0.106928
0.7354	0.106832
0.7356	0.106736
0.7358	0.106640
0.7360	0.106544
0.7362	0.106449
0.7364	0.106354
0.7366	0.106260
0.7368	0.106166
0.7370	0.106072
0.7372	0.105978
0.7374	0.105885
0.7376	0.105793
0.7378	0.105700
0.7380	0.105608
0.7382	0.105516
0.7384	0.105425
0.7386	0.105333
0.7388	0.105243
0.7390	0.105152
0.7392	0.105062
0.7394	0.104972
0.7396	0.104882
0.7398	0.104793
0.7400	0.104704
0.7402	0.104616
0.7404	0.104528
0.7406	0.104440
0.7408	0.104352
0.7410	0.104265
0.7412	0.104178
0.7414	0.104091
0.7416	0.104005
0.7418	0.103919
0.7420	0.103833
0.7422	0.103748
0.7424	0.103662
0.7426	0.103578
0.7428	0.103493
0.7430	0.103409
0.7432	0.103325
0.7434	0.103242
0.7436	0.103158
0.7438	0.103076
0.7440	0.102993
0.7442	0.102911
0.7444	0.102829
0.7446	0.102747
0.7448	0.102666
0.7450	0.102584
0.7452	0.102504
0.7454	0.102423
0.7456	0.102343
0.7458	0.102263
0.7460	0.102184
0.7462	0.102104
0.7464	0.102025
0.7466	0.101947
0.7468	0.101868
0.7470	0.101790
0.7472	0.101713
0.7474	0.101635
0.7476	0.101558
0.7478	0.101481
0.7480	0.101404
0.7482	0.101328
0.7484	0.101252
0.7486	0.101176
0.7488	0.101101
0.7490	0.101026
0.7492	0.100951
0.7494	0.100877
0.7496	0.100802
0.7498	0.100728
0.7500	0.100655
0.7502	0.100581
0.7504	0.100508
0.7506	0.100435
0.7508	0.100363
0.7510	0.100291
0.7512	0.100219
0.7514	0.100147
0.7516	0.100076
0.7518	0.100005
0.7520	0.099934
0.7522	0.099863
0.7524	0.099793
0.7526	0.099723
0.7528	0.099653
0.7530	0.099584
0.7532	0.099515
0.7534	0.099446
0.7536	0.099378
0.7538	0.099309
0.7540	0.099241
0.7542	0.099174
0.7544	0.099106
0.7546	0.099039
0.7548	0.098972
0.7550	0.098906
0.7552	0.098839
0.7554	0.098773
0.7556	0.098707
0.7558	0.098642
0.7560	0.098577
0.7562	0.098512
0.7564	0.098447
0.7566	0.098383
0.7568	0.098319
0.7570	0.098255
0.7572	0.098191
0.7574	0.098128
0.7576	0.098065
0.7578	0.098002
0.7580	0.097939
0.7582	0.097877
0.7584	0.097815
0.7586	0.097754
0.7588	0.097692
0.7590	0.097631
0.7592	0.097570
0.7594	0.097509
0.7596	0.097449
0.7598	0.097389
0.7600	0.097329
0.7602	0.097270
0.7604	0.097210
0.7606	0.097151
0.7608	0.097092
0.7610	0.097034
0.7612	0.096976
0.7614	0.096918
0.7616	0.096860
0.7618	0.096802
0.7620	0.096745
0.7622	0.096688
0.7624	0.096632
0.7626	0.096575
0.7628	0.096519
0.7630	0.096463
0.7632	0.096407
0.7634	0.096352
0.7636	0.096297
0.7638	0.096242
0.7640	0.096187
0.7642	0.096133
0.7644	0.096079
0.7646	0.096025
0.7648	0.095971
0.7650	0.095918
0.7652	0.095865
0.7654	0.095812
0.7656	0.095760
0.7658	0.095707
0.7660	0.095655
0.7662	0.095603
0.7664	0.095552
0.7666	0.095501
0.7668	0.095450
0.7670	0.095399
0.7672	0.095348
0.7674	0.095298
0.7676	0.095248
0.7678	0.095198
0.7680	0.095149
0.7682	0.095099
0.7684	0.095050
0.7686	0.095001
0.7688	0.094953
0.7690	0.094905
0.7692	0.094857
0.7694	0.094809
0.7696	0.094761
0.7698	0.094714
0.7700	0.094667
0.7702	0.094620
0.7704	0.094573
0.7706	0.094527
0.7708	0.094481
0.7710	0.094435
0.7712	0.094390
0.7714	0.094344
0.7716	0.094299
0.7718	0.094254
0.7720	0.094210
0.7722	0.094165
0.7724	0.094121
0.7726	0.094078
0.7728	0.094034
0.7730	0.093991
0.7732	0.093947
0.7734	0.093905
0.7736	0.093862
0.7738	0.093819
0.7740	0.093777
0.7742	0.093735
0.7744	0.093694
0.7746	0.093652
0.7748	0.093611
0.7750	0.093570
0.7752	0.093529
0.7754	0.093489
0.7756	0.093449
0.7758	0.093409
0.7760	0.093369
0.7762	0.093329
0.7764	0.093290
0.7766	0.093251
0.7768	0.093212
0.7770	0.093174
0.7772	0.093136
0.7774	0.093097
0.7776	0.093060
0.7778	0.093022
0.7780	0.092985
0.7782	0.092948
0.7784	0.092911
0.7786	0.092874
0.7788	0.092838
0.7790	0.092801
0.7792	0.092766
0.7794	0.092730
0.7796	0.092694
0.7798	0.092659
0.7800	0.092624
0.7802	0.092589
0.7804	0.092555
0.7806	0.092521
0.7808	0.092487
0.7810	0.092453
0.7812	0.092419
0.7814	0.092386
0.7816	0.092353
0.7818	0.092320
0.7820	0.092287
0.7822	0.092255
0.7824	0.092223
0.7826	0.092191
0.7828	0.092159
0.7830	0.092128
0.7832	0.092096
0.7834	0.092065
0.7836	0.092035
0.7838	0.092004
0.7840	0.091974
0.7842	0.091944
0.7844	0.091914
0.7846	0.091884
0.7848	0.091855
0.7850	0.091826
0.7852	0.091797
0.7854	0.091768
0.7856	0.091740
0.7858	0.091712
0.7860	0.091684
0.7862	0.091656
0.7864	0.091628
0.7866	0.091601
0.7868	0.091574
0.7870	0.091547
0.7872	0.091521
0.7874	0.091494
0.7876	0.091468
0.7878	0.091442
0.7880	0.091417
0.7882	0.091391
0.7884	0.091366
0.7886	0.091341
0.7888	0.091316
0.7890	0.091292
0.7892	0.091268
0.7894	0.091244
0.7896	0.091220
0.7898	0.091196
0.7900	0.091173
0.7902	0.091150
0.7904	0.091127
0.7906	0.091104
0.7908	0.091082
0.7910	0.091060
0.7912	0.091038
0.7914	0.091016
0.7916	0.090995
0.7918	0.090973
0.7920	0.090952
0.7922	0.090932
0.7924	0.090911
0.7926	0.090891
0.7928	0.090871
0.7930	0.090851
0.7932	0.090831
0.7934	0.090812
0.7936	0.090792
0.7938	0.090774
0.7940	0.090755
0.7942	0.090736
0.7944	0.090718
0.7946	0.090700
0.7948	0.090682
0.7950	0.090665
0.7952	0.090647
0.7954	0.090630
0.7956	0.090613
0.7958	0.090597
0.7960	0.090580
0.7962	0.090564
0.7964	0.090548
0.7966	0.090532
0.7968	0.090517
0.7970	0.090502
0.7972	0.090487
0.7974	0.090472
0.7976	0.090457
0.7978	0.090443
0.7980	0.090429
0.7982	0.090415
0.7984	0.090401
0.7986	0.090388
0.7988	0.090375
0.7990	0.090362
0.7992	0.090349
0.7994	0.090337
0.7996	0.090324
0.7998	0.090312
0.8000	0.090300
0.8002	0.090289
0.8004	0.090278
0.8006	0.090266
0.8008	0.090256
0.8010	0.090245
0.8012	0.090235
0.8014	0.090224
0.8016	0.090214
0.8018	0.090205
0.8020	0.090195
0.8022	0.090186
0.8024	0.090177
0.8026	0.090168
0.8028	0.090160
0.8030	0.090151
0.8032	0.090143
0.8034	0.090135
0.8036	0.090128
0.8038	0.090120
0.8040	0.090113
0.8042	0.090106
0.8044	0.090100
0.8046	0.090093
0.8048	0.090087
0.8050	0.090081
0.8052	0.090075
0.8054	0.090070
0.8056	0.090065
0.8058	0.090060
0.8060	0.090055
0.8062	0.090050
0.8064	0.090046
0.8066	0.090042
0.8068	0.090038
0.8070	0.090034
0.8072	0.090031
0.8074	0.090028
0.8076	0.090025
0.8078	0.090022
0.8080	0.090020
0.8082	0.090018
0.8084	0.090016
0.8086	0.090014
0.8088	0.090012
0.8090	0.090011
0.8092	0.090010
0.8094	0.090009
0.8096	0.090009
0.8098	0.090008
0.8100	0.090008
0.8102	0.090009
0.8104	0.090009
0.8106	0.090010
0.8108	0.090011
0.8110	0.090012
0.8112	0.090013
0.8114	0.090015
0.8116	0.090017
0.8118	0.090019
0.8120	0.090021
0.8122	0.090024
0.8124	0.090026
0.8126	0.090029
0.8128	0.090033
0.8130	0.090036
0.8132	0.090040
0.8134	0.090044
0.8136	0.090048
0.8138	0.090053
0.8140	0.090058
0.8142	0.090063
0.8144	0.090068
0.8146	0.090073
0.8148	0.090079
0.8150	0.090085
0.8152	0.090091
0.8154	0.090098
0.8156	0.090104
0.8158	0.090111
0.8160	0.090119
0.8162	0.090126
0.8164	0.090134
0.8166	0.090142
0.8168	0.090150
0.8170	0.090158
0.8172	0.090167
0.8174	0.090176
0.8176	0.090185
0.8178	0.090195
0.8180	0.090204
0.8182	0.090214
0.8184	0.090224
0.8186	0.090235
0.8188	0.090246
0.8190	0.090257
0.8192	0.090268
0.8194	0.090279
0.8196	0.090291
0.8198	0.090303
0.8200	0.090315
0.8202	0.090327
0.8204	0.090340
0.8206	0.090353
0.8208	0.090366
0.8210	0.090380
0.8212	0.090394
0.8214	0.090408
0.8216	0.090422
0.8218	0.090436
0.8220	0.090451
0.8222	0.090466
0.8224	0.090481
0.8226	0.090497
0.8228	0.090513
0.8230	0.090529
0.8232	0.090545
0.8234	0.090562
0.8236	0.090578
0.8238	0.090595
0.8240	0.090613
0.8242	0.090630
0.8244	0.090648
0.8246	0.090666
0.8248	0.090685
0.8250	0.090703
0.8252	0.090722
0.8254	0.090741
0.8256	0.090761
0.8258	0.090781
0.8260	0.090801
0.8262	0.090821
0.8264	0.090841
0.8266	0.090862
0.8268	0.090883
0.8270	0.090904
0.8272	0.090926
0.8274	0.090948
0.8276	0.090970
0.8278	0.090992
0.8280	0.091015
0.8282	0.091038
0.8284	0.091061
0.8286	0.091085
0.8288	0.091108
0.8290	0.091132
0.8292	0.091157
0.8294	0.091181
0.8296	0.091206
0.8298	0.091231
0.8300	0.091257
0.8302	0.091282
0.8304	0.091308
0.8306	0.091334
0.8308	0.091361
0.8310	0.091388
0.8312	0.091415
0.8314	0.091442
0.8316	0.091470
0.8318	0.091498
0.8320	0.091526
0.8322	0.091554
0.8324	0.091583
0.8326	0.091612
0.8328	0.091641
0.8330	0.091671
0.8332	0.091701
0.8334	0.091731
0.8336	0.091761
0.8338	0.091792
0.8340	0.091823
0.8342	0.091854
0.8344	0.091886
0.8346	0.091918
0.8348	0.091950
0.8350	0.091982
0.8352	0.092015
0.8354	0.092048
0.8356	0.092082
0.8358	0.092115
0.8360	0.092149
0.8362	0.092183
0.8364	0.092218
0.8366	0.092253
0.8368	0.092288
0.8370	0.092323
0.8372	0.092359
0.8374	0.092395
0.8376	0.092431
0.8378	0.092468
0.8380	0.092505
0.8382	0.092542
0.8384	0.092580
0.8386	0.092617
0.8388	0.092656
0.8390	0.092694
0.8392	0.092733
0.8394	0.092772
0.8396	0.092811
0.8398	0.092851
0.8400	0.092891
0.8402	0.092931
0.8404	0.092972
0.8406	0.093012
0.8408	0.093054
0.8410	0.093095
0.8412	0.093137
0.8414	0.093179
0.8416	0.093222
0.8418	0.093264
0.8420	0.093308
0.8422	0.093351
0.8424	0.093395
0.8426	0.093439
0.8428	0.093483
0.8430	0.093528
0.8432	0.093573
0.8434	0.093618
0.8436	0.093664
0.8438	0.093710
0.8440	0.093756
0.8442	0.093803
0.8444	0.093850
0.8446	0.093897
0.8448	0.093945
0.8450	0.093993
0.8452	0.094041
0.8454	0.094090
0.8456	0.094139
0.8458	0.094188
0.8460	0.094237
0.8462	0.094287
0.8464	0.094338
0.8466	0.094388
0.8468	0.094439
0.8470	0.094491
0.8472	0.094542
0.8474	0.094594
0.8476	0.094647
0.8478	0.094699
0.8480	0.094752
0.8482	0.094806
0.8484	0.094859
0.8486	0.094913
0.8488	0.094968
0.8490	0.095023
0.8492	0.095078
0.8494	0.095133
0.8496	0.095189
0.8498	0.095245
0.8500	0.095302
0.8502	0.095359
0.8504	0.095416
0.8506	0.095474
0.8508	0.095532
0.8510	0.095590
0.8512	0.095649
0.8514	0.095708
0.8516	0.095767
0.8518	0.095827
0.8520	0.095887
0.8522	0.095947
0.8524	0.096008
0.8526	0.096070
0.8528	0.096131
0.8530	0.096193
0.8532	0.096256
0.8534	0.096318
0.8536	0.096382
0.8538	0.096445
0.8540	0.096509
0.8542	0.096573
0.8544	0.096638
0.8546	0.096703
0.8548	0.096768
0.8550	0.096834
0.8552	0.096900
0.8554	0.096967
0.8556	0.097034
0.8558	0.097101
0.8560	0.097169
0.8562	0.097237
0.8564	0.097306
0.8566	0.097375
0.8568	0.097444
0.8570	0.097514
0.8572	0.097584
0.8574	0.097654
0.8576	0.097725
0.8578	0.097797
0.8580	0.097868
0.8582	0.097940
0.8584	0.098013
0.8586	0.098086
0.8588	0.098159
0.8590	0.098233
0.8592	0.098307
0.8594	0.098382
0.8596	0.098457
0.8598	0.098532
0.8600	0.098608
0.8602	0.098685
0.8604	0.098761
0.8606	0.098838
0.8608	0.098916
0.8610	0.098994
0.8612	0.099073
0.8614	0.099151
0.8616	0.099231
0.8618	0.099310
0.8620	0.099391
0.8622	0.099471
0.8624	0.099552
0.8626	0.099634
0.8628	0.099716
0.8630	0.099798
0.8632	0.099881
0.8634	0.099964
0.8636	0.100048
0.8638	0.100132
0.8640	0.100217
0.8642	0.100302
0.8644	0.100387
0.8646	0.100473
0.8648	0.100560
0.8650	0.100646
0.8652	0.100734
0.8654	0.100822
0.8656	0.100910
0.8658	0.100999
0.8660	0.101088
0.8662	0.101178
0.8664	0.101268
0.8666	0.101359
0.8668	0.101450
0.8670	0.101541
0.8672	0.101633
0.8674	0.101726
0.8676	0.101819
0.8678	0.101913
0.8680	0.102007
0.8682	0.102101
0.8684	0.102196
0.8686	0.102292
0.8688	0.102388
0.8690	0.102484
0.8692	0.102581
0.8694	0.102679
0.8696	0.102777
0.8698	0.102875
0.8700	0.102974
0.8702	0.103074
0.8704	0.103174
0.8706	0.103275
0.8708	0.103376
0.8710	0.103477
0.8712	0.103580
0.8714	0.103682
0.8716	0.103785
0.8718	0.103889
0.8720	0.103993
0.8722	0.104098
0.8724	0.104203
0.8726	0.104309
0.8728	0.104416
0.8730	0.104523
0.8732	0.104630
0.8734	0.104738
0.8736	0.104847
0.8738	0.104956
0.8740	0.105066
0.8742	0.105176
0.8744	0.105287
0.8746	0.105398
0.8748	0.105510
0.8750	0.105623
0.8752	0.105736
0.8754	0.105849
0.8756	0.105963
0.8758	0.106078
0.8760	0.106194
0.8762	0.106310
0.8764	0.106426
0.8766	0.106543
0.8768	0.106661
0.8770	0.106779
0.8772	0.106898
0.8774	0.107018
0.8776	0.107138
0.8778	0.107258
0.8780	0.107380
0.8782	0.107502
0.8784	0.107624
0.8786	0.107747
0.8788	0.107871
0.8790	0.107995
0.8792	0.108120
0.8794	0.108246
0.8796	0.108372
0.8798	0.108499
0.8800	0.108627
0.8802	0.108755
0.8804	0.108884
0.8806	0.109013
0.8808	0.109143
0.8810	0.109274
0.8812	0.109405
0.8814	0.109537
0.8816	0.109670
0.8818	0.109803
0.8820	0.109937
0.8822	0.110072
0.8824	0.110207
0.8826	0.110343
0.8828	0.110480
0.8830	0.110617
0.8832	0.110755
0.8834	0.110894
0.8836	0.111033
0.8838	0.111174
0.8840	0.111314
0.8842	0.111456
0.8844	0.111598
0.8846	0.111741
0.8848	0.111885
0.8850	0.112029
0.8852	0.112174
0.8854	0.112320
0.8856	0.112466
0.8858	0.112613
0.8860	0.112761
0.8862	0.112910
0.8864	0.113060
0.8866	0.113210
0.8868	0.113361
0.8870	0.113512
0.8872	0.113665
0.8874	0.113818
0.8876	0.113972
0.8878	0.114126
0.8880	0.114282
0.8882	0.114438
0.8884	0.114595
0.8886	0.114753
0.8888	0.114912
0.8890	0.115071
0.8892	0.115231
0.8894	0.115392
0.8896	0.115554
0.8898	0.115716
0.8900	0.115880
0.8902	0.116044
0.8904	0.116209
0.8906	0.116374
0.8908	0.116541
0.8910	0.116708
0.8912	0.116877
0.8914	0.117046
0.8916	0.117216
0.8918	0.117387
0.8920	0.117558
0.8922	0.117731
0.8924	0.117904
0.8926	0.118078
0.8928	0.118253
0.8930	0.118429
0.8932	0.118606
0.8934	0.118784
0.8936	0.118962
0.8938	0.119142
0.8940	0.119322
0.8942	0.119504
0.8944	0.119686
0.8946	0.119869
0.8948	0.120053
0.8950	0.120238
0.8952	0.120424
0.8954	0.120610
0.8956	0.120798
0.8958	0.120987
0.8960	0.121176
0.8962	0.121367
0.8964	0.121559
0.8966	0.121751
0.8968	0.121944
0.8970	0.122139
0.8972	0.122334
0.8974	0.122531
0.8976	0.122728
0.8978	0.122926
0.8980	0.123126
0.8982	0.123326
0.8984	0.123527
0.8986	0.123730
0.8988	0.123933
0.8990	0.124137
0.8992	0.124343
0.8994	0.124549
0.8996	0.124757
0.8998	0.124965
0.9000	0.125175
0.9002	0.125386
0.9004	0.125597
0.9006	0.125810
0.9008	0.126024
0.9010	0.126239
0.9012	0.126455
0.9014	0.126672
0.9016	0.126890
0.9018	0.127110
0.9020	0.127330
0.9022	0.127552
0.9024	0.127775
0.9026	0.127998
0.9028	0.128223
0.9030	0.128450
0.9032	0.128677
0.9034	0.128905
0.9036	0.129135
0.9038	0.129366
0.9040	0.129598
0.9042	0.129831
0.9044	0.130065
0.9046	0.130301
0.9048	0.130538
0.9050	0.130776
0.9052	0.131015
0.9054	0.131255
0.9056	0.131497
0.9058	0.131740
0.9060	0.131984
0.9062	0.132230
0.9064	0.132477
0.9066	0.132725
0.9068	0.132974
0.9070	0.133224
0.9072	0.133476
0.9074	0.133729
0.9076	0.133984
0.9078	0.134240
0.9080	0.134497
0.9082	0.134755
0.9084	0.135015
0.9086	0.135276
0.9088	0.135539
0.9090	0.135803
0.9092	0.136068
0.9094	0.136335
0.9096	0.136603
0.9098	0.136872
0.9100	0.137143
0.9102	0.137416
0.9104	0.137689
0.9106	0.137965
0.9108	0.138241
0.9110	0.138519
0.9112	0.138799
0.9114	0.139080
0.9116	0.139362
0.9118	0.139646
0.9120	0.139932
0.9122	0.140219
0.9124	0.140507
0.9126	0.140798
0.9128	0.141089
0.9130	0.141382
0.9132	0.141677
0.9134	0.141973
0.9136	0.142271
0.9138	0.142571
0.9140	0.142872
0.9142	0.143175
0.9144	0.143479
0.9146	0.143785
0.9148	0.144092
0.9150	0.144402
0.9152	0.144713
0.9154	0.145025
0.9156	0.145339
0.9158	0.145655
0.9160	0.145973
0.9162	0.146293
0.9164	0.146614
0.9166	0.146937
0.9168	0.147261
0.9170	0.147588
0.9172	0.147916
0.9174	0.148246
0.9176	0.148577
0.9178	0.148911
0.9180	0.149246
0.9182	0.149583
0.9184	0.149923
0.9186	0.150263
0.9188	0.150606
0.9190	0.150951
0.9192	0.151297
0.9194	0.151646
0.9196	0.151996
0.9198	0.152349
0.9200	0.152703
0.9202	0.153059
0.9204	0.153417
0.9206	0.153778
0.9208	0.154140
0.9210	0.154504
0.9212	0.154870
0.9214	0.155239
0.9216	0.155609
0.9218	0.155981
0.9220	0.156356
0.9222	0.156732
0.9224	0.157111
0.9226	0.157492
0.9228	0.157875
0.9230	0.158260
0.9232	0.158647
0.9234	0.159037
0.9236	0.159429
0.9238	0.159822
0.9240	0.160219
0.9242	0.160617
0.9244	0.161018
0.9246	0.161421
0.9248	0.161826
0.9250	0.162233
0.9252	0.162643
0.9254	0.163055
0.9256	0.163470
0.9258	0.163887
0.9260	0.164306
0.9262	0.164728
0.9264	0.165152
0.9266	0.165579
0.9268	0.166008
0.9270	0.166439
0.9272	0.166873
0.9274	0.167310
0.9276	0.167749
0.9278	0.168191
0.9280	0.168635
0.9282	0.169082
0.9284	0.169531
0.9286	0.169983
0.9288	0.170438
0.9290	0.170895
0.9292	0.171355
0.9294	0.171818
0.9296	0.172284
0.9298	0.172752
0.9300	0.173223
0.9302	0.173696
0.9304	0.174173
0.9306	0.174652
0.9308	0.175135
0.9310	0.175620
0.9312	0.176108
0.9314	0.176599
0.9316	0.177092
0.9318	0.177589
0.9320	0.178089
0.9322	0.178592
0.9324	0.179097
0.9326	0.179606
0.9328	0.180118
0.9330	0.180633
0.9332	0.181151
0.9334	0.181672
0.9336	0.182196
0.9338	0.182724
0.9340	0.183255
0.9342	0.183789
0.9344	0.184326
0.9346	0.184866
0.9348	0.185410
0.9350	0.185957
0.9352	0.186508
0.9354	0.187061
0.9356	0.187619
0.9358	0.188179
0.9360	0.188744
0.9362	0.189311
0.9364	0.189882
0.9366	0.190457
0.9368	0.191035
0.9370	0.191617
0.9372	0.192202
0.9374	0.192791
0.9376	0.193384
0.9378	0.193981
0.9380	0.194581
0.9382	0.195185
0.9384	0.195792
0.9386	0.196404
0.9388	0.197019
0.9390	0.197639
0.9392	0.198262
0.9394	0.198889
0.9396	0.199520
0.9398	0.200155
0.9400	0.200794
0.9402	0.201438
0.9404	0.202085
0.9406	0.202736
0.9408	0.203392
0.9410	0.204052
0.9412	0.204716
0.9414	0.205384
0.9416	0.206057
0.9418	0.206734
0.9420	0.207415
0.9422	0.208101
0.9424	0.208791
0.9426	0.209486
0.9428	0.210185
0.9430	0.210889
0.9432	0.211597
0.9434	0.212310
0.9436	0.213028
0.9438	0.213750
0.9440	0.214477
0.9442	0.215209
0.9444	0.215945
0.9446	0.216687
0.9448	0.217433
0.9450	0.218185
0.9452	0.218941
0.9454	0.219702
0.9456	0.220468
0.9458	0.221240
0.9460	0.222017
0.9462	0.222798
0.9464	0.223585
0.9466	0.224378
0.9468	0.225175
0.9470	0.225978
0.9472	0.226786
0.9474	0.227600
0.9476	0.228420
0.9478	0.229244
0.9480	0.230075
0.9482	0.230911
0.9484	0.231752
0.9486	0.232600
0.9488	0.233453
0.9490	0.234312
0.9492	0.235177
0.9494	0.236048
0.9496	0.236925
0.9498	0.237808
0.9500	0.238696
0.9502	0.239591
0.9504	0.240493
0.9506	0.241400
0.9508	0.242314
0.9510	0.243234
0.9512	0.244160
0.9514	0.245093
0.9516	0.246032
0.9518	0.246978
0.9520	0.247931
0.9522	0.248890
0.9524	0.249856
0.9526	0.250829
0.9528	0.251808
0.9530	0.252795
0.9532	0.253788
0.9534	0.254788
0.9536	0.255796
0.9538	0.256810
0.9540	0.257832
0.9542	0.258861
0.9544	0.259898
0.9546	0.260941
0.9548	0.261993
0.9550	0.263051
0.9552	0.264118
0.9554	0.265192
0.9556	0.266273
0.9558	0.267363
0.9560	0.268460
0.9562	0.269565
0.9564	0.270679
0.9566	0.271800
0.9568	0.272929
0.9570	0.274067
0.9572	0.275213
0.9574	0.276367
0.9576	0.277529
0.9578	0.278700
0.9580	0.279880
0.9582	0.281068
0.9584	0.282265
0.9586	0.283471
0.9588	0.284686
0.9590	0.285909
0.9592	0.287142
0.9594	0.288383
0.9596	0.289634
0.9598	0.290894
0.9600	0.292164
0.9602	0.293443
0.9604	0.294731
0.9606	0.296029
0.9608	0.297336
0.9610	0.298654
0.9612	0.299981
0.9614	0.301318
0.9616	0.302665
0.9618	0.304022
0.9620	0.305390
0.9622	0.306767
0.9624	0.308155
0.9626	0.309554
0.9628	0.310963
0.9630	0.312382
0.9632	0.313813
0.9634	0.315254
0.9636	0.316706
0.9638	0.318169
0.9640	0.319644
0.9642	0.321129
0.9644	0.322626
0.9646	0.324134
0.9648	0.325654
0.9650	0.327185
0.9652	0.328728
0.9654	0.330283
0.9656	0.331849
0.9658	0.333428
0.9660	0.335019
0.9662	0.336622
0.9664	0.338237
0.9666	0.339865
0.9668	0.341505
0.9670	0.343158
0.9672	0.344823
0.9674	0.346502
0.9676	0.348193
0.9678	0.349898
0.9680	0.351615
0.9682	0.353346
0.9684	0.355091
0.9686	0.356849
0.9688	0.358620
0.9690	0.360405
0.9692	0.362204
0.9694	0.364018
0.9696	0.365845
0.9698	0.367686
0.9700	0.369542
0.9702	0.371412
0.9704	0.373296
0.9706	0.375196
0.9708	0.377110
0.9710	0.379039
0.9712	0.380983
0.9714	0.382942
0.9716	0.384917
0.9718	0.386907
0.9720	0.388912
0.9722	0.390933
0.9724	0.392970
0.9726	0.395023
0.9728	0.397091
0.9730	0.399176
0.9732	0.401277
0.9734	0.403395
0.9736	0.405529
0.9738	0.407679
0.9740	0.409846
0.9742	0.412031
0.9744	0.414232
0.9746	0.416450
0.9748	0.418686
0.9750	0.420939
0.9752	0.423209
0.9754	0.425497
0.9756	0.427803
0.9758	0.430126
0.9760	0.432468
0.9762	0.434828
0.9764	0.437205
0.9766	0.439602
0.9768	0.442016
0.9770	0.444450
0.9772	0.446902
0.9774	0.449373
0.9776	0.451862
0.9778	0.454371
0.9780	0.456899
0.9782	0.459447
0.9784	0.462013
0.9786	0.464599
0.9788	0.467205
0.9790	0.469831
0.9792	0.472476
0.9794	0.475142
0.9796	0.477827
0.9798	0.480532
0.9800	0.483258
0.9802	0.486004
0.9804	0.488771
0.9806	0.491558
0.9808	0.494366
0.9810	0.497194
0.9812	0.500043
0.9814	0.502913
0.9816	0.505804
0.9818	0.508716
0.9820	0.511650
0.9822	0.514604
0.9824	0.517580
0.9826	0.520576
0.9828	0.523595
0.9830	0.526634
0.9832	0.529695
0.9834	0.532778
0.9836	0.535882
0.9838	0.539008
0.9840	0.542155
0.9842	0.545325
0.9844	0.548515
0.9846	0.551728
0.9848	0.554962
0.9850	0.558217
0.9852	0.561495
0.9854	0.564794
0.9856	0.568115
0.9858	0.571457
0.9860	0.574821
0.9862	0.578206
0.9864	0.581614
0.9866	0.585042
0.9868	0.588492
0.9870	0.591963
0.9872	0.595456
0.9874	0.598969
0.9876	0.602504
0.9878	0.606059
0.9880	0.609636
0.9882	0.613233
0.9884	0.616850
0.9886	0.620488
0.9888	0.624147
0.9890	0.627825
0.9892	0.631523
0.9894	0.635241
0.9896	0.638978
0.9898	0.642735
0.9900	0.646511
0.9902	0.650305
0.9904	0.654118
0.9906	0.657949
0.9908	0.661798
0.9910	0.665664
0.9912	0.669548
0.9914	0.673448
0.9916	0.677366
0.9918	0.681299
0.9920	0.685248
0.9922	0.689213
0.9924	0.693192
0.9926	0.697186
0.9928	0.701194
0.9930	0.705216
0.9932	0.709251
0.9934	0.713298
0.9936	0.717357
0.9938	0.721428
0.9940	0.725509
0.9942	0.729601
0.9944	0.733703
0.9946	0.737813
0.9948	0.741931
0.9950	0.746058
0.9952	0.750191
0.9954	0.754330
0.9956	0.758475
0.9958	0.762624
0.9960	0.766777
0.9962	0.770933
0.9964	0.775091
0.9966	0.779250
0.9968	0.783409
0.9970	0.787568
0.9972	0.791725
0.9974	0.795880
0.9976	0.800031
0.9978	0.804177
0.9980	0.808318
0.9982	0.812452
0.9984	0.816578
0.9986	0.820695
0.9988	0.824802
0.9990	0.828897
0.9992	0.832980
0.9994	0.837049
0.9996	0.841103
0.9998	0.845141
1.0000	0.849161
1.0002	0.853162
1.0004	0.857142
1.0006	0.861101
1.0008	0.865036
1.0010	0.868947
1.0012	0.872832
1.0014	0.876689
1.0016	0.880518
1.0018	0.884315
1.0020	0.888081
1.0022	0.891813
1.0024	0.895510
1.0026	0.899170
1.0028	0.902792
1.0030	0.906374
1.0032	0.909914
1.0034	0.913411
1.0036	0.916864
1.0038	0.920269
1.0040	0.923627
1.0042	0.926934
1.0044	0.930190
1.0046	0.933393
1.0048	0.936541
1.0050	0.939633
1.0052	0.942666
1.0054	0.945639
1.0056	0.948550
1.0058	0.951398
1.0060	0.954181
1.0062	0.956897
1.0064	0.959545
1.0066	0.962123
1.0068	0.964629
1.0070	0.967062
1.0072	0.969421
1.0074	0.971702
1.0076	0.973906
1.0078	0.976031
1.0080	0.978074
1.0082	0.980035
1.0084	0.981913
1.0086	0.983704
1.0088	0.985410
1.0090	0.987027
1.0092	0.988555
1.0094	0.989992
1.0096	0.991337
1.0098	0.992590
1.0100	0.993748
1.0102	0.994811
1.0104	0.995777
1.0106	0.996647
1.0108	0.997418
1.0110	0.998090
1.0112	0.998662
1.0114	0.999134
1.0116	0.999504
1.0118	0.999772
1.0120	0.999937
1.0122	0.999999
1.0124	0.999958
1.0126	0.999812
1.0128	0.999562
1.0130	0.999207
1.0132	0.998747
1.0134	0.998183
1.0136	0.997513
1.0138	0.996737
1.0140	0.995857
1.0142	0.994872
1.0144	0.993781
1.0146	0.992587
1.0148	0.991288
1.0150	0.989885
1.0152	0.988378
1.0154	0.986769
1.0156	0.985058
1.0158	0.983245
1.0160	0.981331
1.0162	0.979317
1.0164	0.977203
1.0166	0.974991
1.0168	0.972682
1.0170	0.970276
1.0172	0.967775
1.0174	0.965180
1.0176	0.962492
1.0178	0.959712
1.0180	0.956841
1.0182	0.953881
1.0184	0.950834
1.0186	0.947700
1.0188	0.944482
1.0190	0.941180
1.0192	0.937796
1.0194	0.934333
1.0196	0.930790
1.0198	0.927171
1.0200	0.923477
1.0202	0.919709
1.0204	0.915869
1.0206	0.911960
1.0208	0.907982
1.0210	0.903939
1.0212	0.899830
1.0214	0.895659
1.0216	0.891428
1.0218	0.887137
1.0220	0.882790
1.0222	0.878387
1.0224	0.873932
1.0226	0.869425
1.0228	0.864869
1.0230	0.860265
1.0232	0.855616
1.0234	0.850923
1.0236	0.846189
1.0238	0.841414
1.0240	0.836602
1.0242	0.831754
1.0244	0.826871
1.0246	0.821956
1.0248	0.817011
1.0250	0.812037
1.0252	0.807035
1.0254	0.802009
1.0256	0.796960
1.0258	0.791888
1.0260	0.786797
1.0262	0.781688
1.0264	0.776562
1.0266	0.771421
1.0268	0.766267
1.0270	0.761101
1.0272	0.755925
1.0274	0.750740
1.0276	0.745548
1.0278	0.740351
1.0280	0.735149
1.0282	0.729944
1.0284	0.724739
1.0286	0.719533
1.0288	0.714328
1.0290	0.709126
1.0292	0.703928
1.0294	0.698734
1.0296	0.693547
1.0298	0.688368
1.0300	0.683197
1.0302	0.678036
1.0304	0.672885
1.0306	0.667746
1.0308	0.662620
1.0310	0.657508
1.0312	0.652410
1.0314	0.647328
1.0316	0.642263
1.0318	0.637214
1.0320	0.632184
1.0322	0.627173
1.0324	0.622182
1.0326	0.617211
1.0328	0.612261
1.0330	0.607333
1.0332	0.602428
1.0334	0.597545
1.0336	0.592687
1.0338	0.587852
1.0340	0.583043
1.0342	0.578259
1.0344	0.573501
1.0346	0.568769
1.0348	0.564063
1.0350	0.559385
1.0352	0.554735
1.0354	0.550112
1.0356	0.545518
1.0358	0.540953
1.0360	0.536416
1.0362	0.531909
1.0364	0.527431
1.0366	0.522983
1.0368	0.518565
1.0370	0.514178
1.0372	0.509820
1.0374	0.505494
1.0376	0.501198
1.0378	0.496933
1.0380	0.492699
1.0382	0.488497
1.0384	0.484326
1.0386	0.480186
1.0388	0.476077
1.0390	0.472000
1.0392	0.467955
1.0394	0.463941
1.0396	0.459959
1.0398	0.456009
1.0400	0.452090
1.0402	0.448203
1.0404	0.444348
1.0406	0.440524
1.0408	0.436731
1.0410	0.432971
1.0412	0.429241
1.0414	0.425543
1.0416	0.421876
1.0418	0.418241
1.0420	0.414637
1.0422	0.411063
1.0424	0.407521
1.0426	0.404009
1.0428	0.400528
1.0430	0.397078
1.0432	0.393658
1.0434	0.390268
1.0436	0.386909
1.0438	0.383579
1.0440	0.380280
1.0442	0.377010
1.0444	0.373769
1.0446	0.370558
1.0448	0.367376
1.0450	0.364224
1.0452	0.361100
1.0454	0.358004
1.0456	0.354938
1.0458	0.351899
1.0460	0.348889
1.0462	0.345906
1.0464	0.342952
1.0466	0.340025
1.0468	0.337125
1.0470	0.334252
1.0472	0.331407
1.0474	0.328588
1.0476	0.325796
1.0478	0.323030
1.0480	0.320290
1.0482	0.317576
1.0484	0.314888
1.0486	0.312225
1.0488	0.309588
1.0490	0.306976
1.0492	0.304388
1.0494	0.301826
1.0496	0.299288
1.0498	0.296774
1.0500	0.294284
1.0502	0.291818
1.0504	0.289376
1.0506	0.286957
1.0508	0.284562
1.0510	0.282189
1.0512	0.279840
1.0514	0.277513
1.0516	0.275208
1.0518	0.272925
1.0520	0.270665
1.0522	0.268426
1.0524	0.266209
1.0526	0.264013
1.0528	0.261839
1.0530	0.259685
1.0532	0.257553
1.0534	0.255441
1.0536	0.253349
1.0538	0.251277
1.0540	0.249226
1.0542	0.247194
1.0544	0.245182
1.0546	0.243189
1.0548	0.241215
1.0550	0.239261
1.0552	0.237325
1.0554	0.235408
1.0556	0.233510
1.0558	0.231629
1.0560	0.229767
1.0562	0.227923
1.0564	0.226097
1.0566	0.224288
1.0568	0.222496
1.0570	0.220722
1.0572	0.218965
1.0574	0.217224
1.0576	0.215500
1.0578	0.213793
1.0580	0.212102
1.0582	0.210428
1.0584	0.208769
1.0586	0.207126
1.0588	0.205499
1.0590	0.203888
1.0592	0.202291
1.0594	0.200710
1.0596	0.199144
1.0598	0.197593
1.0600	0.196057
1.0602	0.194535
1.0604	0.193028
1.0606	0.191535
1.0608	0.190056
1.0610	0.188591
1.0612	0.187140
1.0614	0.185702
1.0616	0.184278
1.0618	0.182868
1.0620	0.181471
1.0622	0.180087
1.0624	0.178716
1.0626	0.177357
1.0628	0.176012
1.0630	0.174679
1.0632	0.173359
1.0634	0.172050
1.0636	0.170754
1.0638	0.169471
1.0640	0.168199
1.0642	0.166939
1.0644	0.165690
1.0646	0.164453
1.0648	0.163228
1.0650	0.162014
1.0652	0.160811
1.0654	0.159619
1.0656	0.158438
1.0658	0.157268
1.0660	0.156109
1.0662	0.154961
1.0664	0.153823
1.0666	0.152695
1.0668	0.151577
1.0670	0.150470
1.0672	0.149373
1.0674	0.148286
1.0676	0.147209
1.0678	0.146141
1.0680	0.145084
1.0682	0.144035
1.0684	0.142997
1.0686	0.141967
1.0688	0.140947
1.0690	0.139936
1.0692	0.138934
1.0694	0.137941
1.0696	0.136957
1.0698	0.135982
1.0700	0.135016
1.0702	0.134058
1.0704	0.133108
1.0706	0.132168
1.0708	0.131235
1.0710	0.130311
1.0712	0.129395
1.0714	0.128487
1.0716	0.127587
1.0718	0.126694
1.0720	0.125810
1.0722	0.124934
1.0724	0.124065
1.0726	0.123204
1.0728	0.122350
1.0730	0.121504
1.0732	0.120665
1.0734	0.119833
1.0736	0.119009
1.0738	0.118192
1.0740	0.117382
1.0742	0.116579
1.0744	0.115783
1.0746	0.114993
1.0748	0.114211
1.0750	0.113435
1.0752	0.112666
1.0754	0.111903
1.0756	0.111147
1.0758	0.110398
1.0760	0.109655
1.0762	0.108918
1.0764	0.108187
1.0766	0.107463
1.0768	0.106744
1.0770	0.106032
1.0772	0.105326
1.0774	0.104626
1.0776	0.103931
1.0778	0.103243
1.0780	0.102560
1.0782	0.101883
1.0784	0.101212
1.0786	0.100546
1.0788	0.099886
1.0790	0.099231
1.0792	0.098582
1.0794	0.097938
1.0796	0.097299
1.0798	0.096666
1.0800	0.096038
1.0802	0.095415
1.0804	0.094797
1.0806	0.094185
1.0808	0.093577
1.0810	0.092974
1.0812	0.092377
1.0814	0.091784
1.0816	0.091196
1.0818	0.090612
1.0820	0.090034
1.0822	0.089460
1.0824	0.088891
1.0826	0.088326
1.0828	0.087766
1.0830	0.087210
1.0832	0.086659
1.0834	0.086113
1.0836	0.085570
1.0838	0.085032
1.0840	0.084499
1.0842	0.083969
1.0844	0.083444
1.0846	0.082923
1.0848	0.082406
1.0850	0.081894
1.0852	0.081385
1.0854	0.080880
1.0856	0.080379
1.0858	0.079883
1.0860	0.079390
1.0862	0.078901
1.0864	0.078415
1.0866	0.077934
1.0868	0.077456
1.0870	0.076983
1.0872	0.076512
1.0874	0.076046
1.0876	0.075583
1.0878	0.075123
1.0880	0.074668
1.0882	0.074215
1.0884	0.073766
1.0886	0.073321
1.0888	0.072879
1.0890	0.072441
1.0892	0.072005
1.0894	0.071573
1.0896	0.071145
1.0898	0.070720
1.0900	0.070297
1.0902	0.069879
1.0904	0.069463
1.0906	0.069050
1.0908	0.068641
1.0910	0.068235
1.0912	0.067831
1.0914	0.067431
1.0916	0.067034
1.0918	0.066639
1.0920	0.066248
1.0922	0.065860
1.0924	0.065474
1.0926	0.065092
1.0928	0.064712
1.0930	0.064335
1.0932	0.063961
1.0934	0.063589
1.0936	0.063221
1.0938	0.062855
1.0940	0.062491
1.0942	0.062131
1.0944	0.061773
1.0946	0.061418
1.0948	0.061065
1.0950	0.060715
1.0952	0.060367
1.0954	0.060022
1.0956	0.059680
1.0958	0.059340
1.0960	0.059002
1.0962	0.058667
1.0964	0.058334
1.0966	0.058004
1.0968	0.057676
1.0970	0.057350
1.0972	0.057027
1.0974	0.056706
1.0976	0.056387
1.0978	0.056071
1.0980	0.055757
1.0982	0.055445
1.0984	0.055135
1.0986	0.054828
1.0988	0.054523
1.0990	0.054220
1.0992	0.053919
1.0994	0.053620
1.0996	0.053323
1.0998	0.053029
1.1000	0.052736
1.1002	0.052445
1.1004	0.052157
1.1006	0.051870
1.1008	0.051586
1.1010	0.051304
1.1012	0.051023
1.1014	0.050744
1.1016	0.050468
1.1018	0.050193
1.1020	0.049920
1.1022	0.049649
1.1024	0.049380
1.1026	0.049113
1.1028	0.048848
1.1030	0.048584
1.1032	0.048322
1.1034	0.048062
1.1036	0.047804
1.1038	0.047548
1.1040	0.047293
1.1042	0.047040
1.1044	0.046789
1.1046	0.046540
1.1048	0.046292
1.1050	0.046046
1.1052	0.045801
1.1054	0.045558
1.1056	0.045317
1.1058	0.045077
1.1060	0.044839
1.1062	0.044603
1.1064	0.044368
1.1066	0.044135
1.1068	0.043903
1.1070	0.043673
1.1072	0.043445
1.1074	0.043218
1.1076	0.042992
1.1078	0.042768
1.1080	0.042545
1.1082	0.042324
1.1084	0.042105
1.1086	0.041886
1.1088	0.041669
1.1090	0.041454
1.1092	0.041240
1.1094	0.041028
1.1096	0.040816
1.1098	0.040607
1.1100	0.040398
1.1102	0.040191
1.1104	0.039985
1.1106	0.039781
1.1108	0.039578
1.1110	0.039376
1.1112	0.039176
1.1114	0.038977
1.1116	0.038779
1.1118	0.038582
1.1120	0.038387
1.1122	0.038193
1.1124	0.038000
1.1126	0.037808
1.1128	0.037618
1.1130	0.037429
1.1132	0.037241
1.1134	0.037054
1.1136	0.036868
1.1138	0.036684
1.1140	0.036501
1.1142	0.036319
1.1144	0.036138
1.1146	0.035958
1.1148	0.035779
1.1150	0.035602
1.1152	0.035425
1.1154	0.035250
1.1156	0.035076
1.1158	0.034903
1.1160	0.034731
1.1162	0.034560
1.1164	0.034390
1.1166	0.034221
1.1168	0.034053
1.1170	0.033886
1.1172	0.033721
1.1174	0.033556
1.1176	0.033392
1.1178	0.033230
1.1180	0.033068
1.1182	0.032907
1.1184	0.032748
1.1186	0.032589
1.1188	0.032431
1.1190	0.032274
1.1192	0.032119
1.1194	0.031964
1.1196	0.031810
1.1198	0.031657
1.1200	0.031505
1.1202	0.031354
1.1204	0.031203
1.1206	0.031054
1.1208	0.030906
1.1210	0.030758
1.1212	0.030611
1.1214	0.030466
1.1216	0.030321
1.1218	0.030177
1.1220	0.030034
1.1222	0.029891
1.1224	0.029750
1.1226	0.029609
1.1228	0.029470
1.1230	0.029331
1.1232	0.029193
1.1234	0.029055
1.1236	0.028919
1.1238	0.028783
1.1240	0.028648
1.1242	0.028514
1.1244	0.028381
1.1246	0.028249
1.1248	0.028117
1.1250	0.027986
1.1252	0.027856
1.1254	0.027726
1.1256	0.027598
1.1258	0.027470
1.1260	0.027343
1.1262	0.027216
1.1264	0.027091
1.1266	0.026966
1.1268	0.026842
1.1270	0.026718
1.1272	0.026595
1.1274	0.026473
1.1276	0.026352
1.1278	0.026231
1.1280	0.026111
1.1282	0.025992
1.1284	0.025873
1.1286	0.025756
1.1288	0.025638
1.1290	0.025522
1.1292	0.025406
1.1294	0.025291
1.1296	0.025176
1.1298	0.025062
1.1300	0.024949
1.1302	0.024836
1.1304	0.024724
1.1306	0.024613
1.1308	0.024502
1.1310	0.024392
1.1312	0.024283
1.1314	0.024174
1.1316	0.024065
1.1318	0.023958
1.1320	0.023851
1.1322	0.023744
1.1324	0.023639
1.1326	0.023533
1.1328	0.023429
1.1330	0.023325
1.1332	0.023221
1.1334	0.023118
1.1336	0.023016
1.1338	0.022914
1.1340	0.022813
1.1342	0.022712
1.1344	0.022612
1.1346	0.022513
1.1348	0.022414
1.1350	0.022315
1.1352	0.022217
1.1354	0.022120
1.1356	0.022023
1.1358	0.021927
1.1360	0.021831
1.1362	0.021736
1.1364	0.021641
1.1366	0.021547
1.1368	0.021453
1.1370	0.021360
1.1372	0.021267
1.1374	0.021175
1.1376	0.021083
1.1378	0.020992
1.1380	0.020902
1.1382	0.020811
1.1384	0.020722
1.1386	0.020632
1.1388	0.020544
1.1390	0.020455
1.1392	0.020368
1.1394	0.020280
1.1396	0.020193
1.1398	0.020107
1.1400	0.020021
1.1402	0.019936
1.1404	0.019851
1.1406	0.019766
1.1408	0.019682
1.1410	0.019598
1.1412	0.019515
1.1414	0.019432
1.1416	0.019350
1.1418	0.019268
1.1420	0.019187
1.1422	0.019106
1.1424	0.019025
1.1426	0.018945
1.1428	0.018865
1.1430	0.018786
1.1432	0.018707
1.1434	0.018628
1.1436	0.018550
1.1438	0.018473
1.1440	0.018395
1.1442	0.018318
1.1444	0.018242
1.1446	0.018166
1.1448	0.018090
1.1450	0.018015
1.1452	0.017940
1.1454	0.017866
1.1456	0.017791
1.1458	0.017718
1.1460	0.017644
1.1462	0.017571
1.1464	0.017499
1.1466	0.017427
1.1468	0.017355
1.1470	0.017283
1.1472	0.017212
1.1474	0.017141
1.1476	0.017071
1.1478	0.017001
1.1480	0.016931
1.1482	0.016862
1.1484	0.016793
1.1486	0.016724
1.1488	0.016656
1.1490	0.016588
1.1492	0.016521
1.1494	0.016453
1.1496	0.016386
1.1498	0.016320
1.1500	0.016254
1.1502	0.016188
1.1504	0.016122
1.1506	0.016057
1.1508	0.015992
1.1510	0.015928
1.1512	0.015863
1.1514	0.015799
1.1516	0.015736
1.1518	0.015673
1.1520	0.015610
1.1522	0.015547
1.1524	0.015485
1.1526	0.015423
1.1528	0.015361
1.1530	0.015299
1.1532	0.015238
1.1534	0.015177
1.1536	0.015117
1.1538	0.015057
1.1540	0.014997
1.1542	0.014937
1.1544	0.014878
1.1546	0.014819
1.1548	0.014760
1.1550	0.014702
1.1552	0.014644
1.1554	0.014586
1.1556	0.014528
1.1558	0.014471
1.1560	0.014414
1.1562	0.014357
1.1564	0.014301
1.1566	0.014244
1.1568	0.014189
1.1570	0.014133
1.1572	0.014078
1.1574	0.014022
1.1576	0.013968
1.1578	0.013913
1.1580	0.013859
1.1582	0.013805
1.1584	0.013751
1.1586	0.013697
1.1588	0.013644
1.1590	0.013591
1.1592	0.013538
1.1594	0.013486
1.1596	0.013434
1.1598	0.013382
1.1600	0.013330
1.1602	0.013278
1.1604	0.013227
1.1606	0.013176
1.1608	0.013125
1.1610	0.013075
1.1612	0.013024
1.1614	0.012974
1.1616	0.012925
1.1618	0.012875
1.1620	0.012826
1.1622	0.012777
1.1624	0.012728
1.1626	0.012679
1.1628	0.012631
1.1630	0.012583
1.1632	0.012535
1.1634	0.012487
1.1636	0.012439
1.1638	0.012392
1.1640	0.012345
1.1642	0.012298
1.1644	0.012252
1.1646	0.012205
1.1648	0.012159
1.1650	0.012113
1.1652	0.012067
1.1654	0.012022
1.1656	0.011976
1.1658	0.011931
1.1660	0.011886
1.1662	0.011842
1.1664	0.011797
1.1666	0.011753
1.1668	0.011709
1.1670	0.011665
1.1672	0.011621
1.1674	0.011578
1.1676	0.011535
1.1678	0.011491
1.1680	0.011449
1.1682	0.011406
1.1684	0.011363
1.1686	0.011321
1.1688	0.011279
1.1690	0.011237
1.1692	0.011195
1.1694	0.011154
1.1696	0.011113
1.1698	0.011072
1.1700	0.011031
1.1702	0.010990
1.1704	0.010949
1.1706	0.010909
1.1708	0.010869
1.1710	0.010829
1.1712	0.010789
1.1714	0.010749
1.1716	0.010710
1.1718	0.010670
1.1720	0.010631
1.1722	0.010592
1.1724	0.010553
1.1726	0.010515
1.1728	0.010476
1.1730	0.010438
1.1732	0.010400
1.1734	0.010362
1.1736	0.010324
1.1738	0.010287
1.1740	0.010249
1.1742	0.010212
1.1744	0.010175
1.1746	0.010138
1.1748	0.010102
1.1750	0.010065
1.1752	0.010029
1.1754	0.009992
1.1756	0.009956
1.1758	0.009920
1.1760	0.009884
1.1762	0.009849
1.1764	0.009813
1.1766	0.009778
1.1768	0.009743
1.1770	0.009708
1.1772	0.009673
1.1774	0.009638
1.1776	0.009604
1.1778	0.009570
1.1780	0.009535
1.1782	0.009501
1.1784	0.009467
1.1786	0.009434
1.1788	0.009400
1.1790	0.009366
1.1792	0.009333
1.1794	0.009300
1.1796	0.009267
1.1798	0.009234
1.1800	0.009201
1.1802	0.009169
1.1804	0.009136
1.1806	0.009104
1.1808	0.009072
1.1810	0.009040
1.1812	0.009008
1.1814	0.008976
1.1816	0.008944
1.1818	0.008913
1.1820	0.008881
1.1822	0.008850
1.1824	0.008819
1.1826	0.008788
1.1828	0.008757
1.1830	0.008726
1.1832	0.008696
1.1834	0.008665
1.1836	0.008635
1.1838	0.008605
1.1840	0.008575
1.1842	0.008545
1.1844	0.008515
1.1846	0.008486
1.1848	0.008456
1.1850	0.008427
1.1852	0.008397
1.1854	0.008368
1.1856	0.008339
1.1858	0.008310
1.1860	0.008281
1.1862	0.008253
1.1864	0.008224
1.1866	0.008196
1.1868	0.008167
1.1870	0.008139
1.1872	0.008111
1.1874	0.008083
1.1876	0.008055
1.1878	0.008028
1.1880	0.008000
1.1882	0.007973
1.1884	0.007945
1.1886	0.007918
1.1888	0.007891
1.1890	0.007864
1.1892	0.007837
1.1894	0.007810
1.1896	0.007783
1.1898	0.007757
1.1900	0.007730
1.1902	0.007704
1.1904	0.007678
1.1906	0.007652
1.1908	0.007626
1.1910	0.007600
1.1912	0.007574
1.1914	0.007548
1.1916	0.007523
1.1918	0.007497
1.1920	0.007472
1.1922	0.007446
1.1924	0.007421
1.1926	0.007396
1.1928	0.007371
1.1930	0.007346
1.1932	0.007321
1.1934	0.007297
1.1936	0.007272
1.1938	0.007248
1.1940	0.007223
1.1942	0.007199
1.1944	0.007175
1.1946	0.007151
1.1948	0.007127
1.1950	0.007103
1.1952	0.007079
1.1954	0.007056
1.1956	0.007032
1.1958	0.007009
1.1960	0.006985
1.1962	0.006962
1.1964	0.006939
1.1966	0.006916
1.1968	0.006892
1.1970	0.006870
1.1972	0.006847
1.1974	0.006824
1.1976	0.006801
1.1978	0.006779
1.1980	0.006756
1.1982	0.006734
1.1984	0.006712
1.1986	0.006689
1.1988	0.006667
1.1990	0.006645
1.1992	0.006623
1.1994	0.006602
1.1996	0.006580
1.1998	0.006558
1.2000	0.006537
1.2002	0.006515
1.2004	0.006494
1.2006	0.006472
1.2008	0.006451
1.2010	0.006430
1.2012	0.006409
1.2014	0.006388
1.2016	0.006367
1.2018	0.006346
1.2020	0.006326
1.2022	0.006305
1.2024	0.006284
1.2026	0.006264
1.2028	0.006243
1.2030	0.006223
1.2032	0.006203
1.2034	0.006183
1.2036	0.006163
1.2038	0.006143
1.2040	0.006123
1.2042	0.006103
1.2044	0.006083
1.2046	0.006063
1.2048	0.006044
1.2050	0.006024
1.2052	0.006005
1.2054	0.005985
1.2056	0.005966
1.2058	0.005947
1.2060	0.005928
1.2062	0.005908
1.2064	0.005889
1.2066	0.005871
1.2068	0.005852
1.2070	0.005833
1.2072	0.005814
1.2074	0.005795
1.2076	0.005777
1.2078	0.005758
1.2080	0.005740
1.2082	0.005722
1.2084	0.005703
1.2086	0.005685
1.2088	0.005667
1.2090	0.005649
1.2092	0.005631
1.2094	0.005613
1.2096	0.005595
1.2098	0.005577
1.2100	0.005560
1.2102	0.005542
1.2104	0.005524
1.2106	0.005507
1.2108	0.005489
1.2110	0.005472
1.2112	0.005455
1.2114	0.005437
1.2116	0.005420
1.2118	0.005403
1.2120	0.005386
1.2122	0.005369
1.2124	0.005352
1.2126	0.005335
1.2128	0.005318
1.2130	0.005302
1.2132	0.005285
1.2134	0.005268
1.2136	0.005252
1.2138	0.005235
1.2140	0.005219
1.2142	0.005202
1.2144	0.005186
1.2146	0.005170
1.2148	0.005154
1.2150	0.005138
1.2152	0.005122
1.2154	0.005106
1.2156	0.005090
1.2158	0.005074
1.2160	0.005058
1.2162	0.005042
1.2164	0.005026
1.2166	0.005011
1.2168	0.004995
1.2170	0.004980
1.2172	0.004964
1.2174	0.004949
1.2176	0.004933
1.2178	0.004918
1.2180	0.004903
1.2182	0.004888
1.2184	0.004873
1.2186	0.004858
1.2188	0.004843
1.2190	0.004828
1.2192	0.004813
1.2194	0.004798
1.2196	0.004783
1.2198	0.004768
1.2200	0.004754
1.2202	0.004739
1.2204	0.004724
1.2206	0.004710
1.2208	0.004695
1.2210	0.004681
1.2212	0.004667
1.2214	0.004652
1.2216	0.004638
1.2218	0.004624
1.2220	0.004610
1.2222	0.004596
1.2224	0.004582
1.2226	0.004568
1.2228	0.004554
1.2230	0.004540
1.2232	0.004526
1.2234	0.004512
1.2236	0.004498
1.2238	0.004485
1.2240	0.004471
1.2242	0.004458
1.2244	0.004444
1.2246	0.004431
1.2248	0.004417
1.2250	0.004404
1.2252	0.004390
1.2254	0.004377
1.2256	0.004364
1.2258	0.004351
1.2260	0.004337
1.2262	0.004324
1.2264	0.004311
1.2266	0.004298
1.2268	0.004285
1.2270	0.004272
1.2272	0.004260
1.2274	0.004247
1.2276	0.004234
1.2278	0.004221
1.2280	0.004209
1.2282	0.004196
1.2284	0.004183
1.2286	0.004171
1.2288	0.004158
1.2290	0.004146
1.2292	0.004133
1.2294	0.004121
1.2296	0.004109
1.2298	0.004097
1.2300	0.004084
1.2302	0.004072
1.2304	0.004060
1.2306	0.004048
1.2308	0.004036
1.2310	0.004024
1.2312	0.004012
1.2314	0.004000
1.2316	0.003988
1.2318	0.003976
1.2320	0.003964
1.2322	0.003953
1.2324	0.003941
1.2326	0.003929
1.2328	0.003918
1.2330	0.003906
1.2332	0.003894
1.2334	0.003883
1.2336	0.003871
1.2338	0.003860
1.2340	0.003849
1.2342	0.003837
1.2344	0.003826
1.2346	0.003815
1.2348	0.003803
1.2350	0.003792
1.2352	0.003781
1.2354	0.003770
1.2356	0.003759
1.2358	0.003748
1.2360	0.003737
1.2362	0.003726
1.2364	0.003715
1.2366	0.003704
1.2368	0.003693
1.2370	0.003682
1.2372	0.003672
1.2374	0.003661
1.2376	0.003650
1.2378	0.003640
1.2380	0.003629
1.2382	0.003618
1.2384	0.003608
1.2386	0.003597
1.2388	0.003587
1.2390	0.003576
1.2392	0.003566
1.2394	0.003556
1.2396	0.003545
1.2398	0.003535
1.2400	0.003525
1.2402	0.003515
1.2404	0.003504
1.2406	0.003494
1.2408	0.003484
1.2410	0.003474
1.2412	0.003464
1.2414	0.003454
1.2416	0.003444
1.2418	0.003434
1.2420	0.003424
1.2422	0.003414
1.2424	0.003404
1.2426	0.003395
1.2428	0.003385
1.2430	0.003375
1.2432	0.003365
1.2434	0.003356
1.2436	0.003346
1.2438	0.003336
1.2440	0.003327
1.2442	0.003317
1.2444	0.003308
1.2446	0.003298
1.2448	0.003289
1.2450	0.003279
1.2452	0.003270
1.2454	0.003261
1.2456	0.003251
1.2458	0.003242
1.2460	0.003233
1.2462	0.003224
1.2464	0.003214
1.2466	0.003205
1.2468	0.003196
1.2470	0.003187
1.2472	0.003178
1.2474	0.003169
1.2476	0.003160
1.2478	0.003151
1.2480	0.003142
1.2482	0.003133
1.2484	0.003124
1.2486	0.003115
1.2488	0.003107
1.2490	0.003098
1.2492	0.003089
1.2494	0.003080
1.2496	0.003072
1.2498	0.003063
1.2500	0.003054
1.2502	0.003046
1.2504	0.003037
1.2506	0.003028
1.2508	0.003020
1.2510	0.003011
1.2512	0.003003
1.2514	0.002995
1.2516	0.002986
1.2518	0.002978
1.2520	0.002969
1.2522	0.002961
1.2524	0.002953
1.2526	0.002944
1.2528	0.002936
1.2530	0.002928
1.2532	0.002920
1.2534	0.002912
1.2536	0.002903
1.2538	0.002895
1.2540	0.002887
1.2542	0.002879
1.2544	0.002871
1.2546	0.002863
1.2548	0.002855
1.2550	0.002847
1.2552	0.002839
1.2554	0.002831
1.2556	0.002823
1.2558	0.002816
1.2560	0.002808
1.2562	0.002800
1.2564	0.002792
1.2566	0.002784
1.2568	0.002777
1.2570	0.002769
1.2572	0.002761
1.2574	0.002754
1.2576	0.002746
1.2578	0.002739
1.2580	0.002731
1.2582	0.002723
1.2584	0.002716
1.2586	0.002708
1.2588	0.002701
1.2590	0.002693
1.2592	0.002686
1.2594	0.002679
1.2596	0.002671
1.2598	0.002664
1.2600	0.002657
1.2602	0.002649
1.2604	0.002642
1.2606	0.002635
1.2608	0.002627
1.2610	0.002620
1.2612	0.002613
1.2614	0.002606
1.2616	0.002599
1.2618	0.002592
1.2620	0.002585
1.2622	0.002577
1.2624	0.002570
1.2626	0.002563
1.2628	0.002556
1.2630	0.002549
1.2632	0.002542
1.2634	0.002536
1.2636	0.002529
1.2638	0.002522
1.2640	0.002515
1.2642	0.002508
1.2644	0.002501
1.2646	0.002494
1.2648	0.002488
1.2650	0.002481
1.2652	0.002474
1.2654	0.002467
1.2656	0.002461
1.2658	0.002454
1.2660	0.002447
1.2662	0.002441
1.2664	0.002434
1.2666	0.002428
1.2668	0.002421
1.2670	0.002414
1.2672	0.002408
1.2674	0.002401
1.2676	0.002395
1.2678	0.002388
1.2680	0.002382
1.2682	0.002376
1.2684	0.002369
1.2686	0.002363
1.2688	0.002356
1.2690	0.002350
1.2692	0.002344
1.2694	0.002337
1.2696	0.002331
1.2698	0.002325
1.2700	0.002319
1.2702	0.002312
1.2704	0.002306
1.2706	0.002300
1.2708	0.002294
1.2710	0.002288
1.2712	0.002282
1.2714	0.002276
1.2716	0.002269
1.2718	0.002263
1.2720	0.002257
1.2722	0.002251
1.2724	0.002245
1.2726	0.002239
1.2728	0.002233
1.2730	0.002227
1.2732	0.002221
1.2734	0.002215
1.2736	0.002210
1.2738	0.002204
1.2740	0.002198
1.2742	0.002192
1.2744	0.002186
1.2746	0.002180
1.2748	0.002175
1.2750	0.002169
1.2752	0.002163
1.2754	0.002157
1.2756	0.002152
1.2758	0.002146
1.2760	0.002140
1.2762	0.002135
1.2764	0.002129
1.2766	0.002123
1.2768	0.002118
1.2770	0.002112
1.2772	0.002107
1.2774	0.002101
1.2776	0.002095
1.2778	0.002090
1.2780	0.002084
1.2782	0.002079
1.2784	0.002073
1.2786	0.002068
1.2788	0.002063
1.2790	0.002057
1.2792	0.002052
1.2794	0.002046
1.2796	0.002041
1.2798	0.002036
1.2800	0.002030
1.2802	0.002025
1.2804	0.002020
1.2806	0.002014
1.2808	0.002009
1.2810	0.002004
1.2812	0.001999
1.2814	0.001993
1.2816	0.001988
1.2818	0.001983
1.2820	0.001978
1.2822	0.001973
1.2824	0.001967
1.2826	0.001962
1.2828	0.001957
1.2830	0.001952
1.2832	0.001947
1.2834	0.001942
1.2836	0.001937
1.2838	0.001932
1.2840	0.001927
1.2842	0.001922
1.2844	0.001917
1.2846	0.001912
1.2848	0.001907
1.2850	0.001902
1.2852	0.001897
1.2854	0.001892
1.2856	0.001887
1.2858	0.001882
1.2860	0.001877
1.2862	0.001873
1.2864	0.001868
1.2866	0.001863
1.2868	0.001858
1.2870	0.001853
1.2872	0.001849
1.2874	0.001844
1.2876	0.001839
1.2878	0.001834
1.2880	0.001830
1.2882	0.001825
1.2884	0.001820
1.2886	0.001815
1.2888	0.001811
1.2890	0.001806
1.2892	0.001801
1.2894	0.001797
1.2896	0.001792
1.2898	0.001788
1.2900	0.001783
1.2902	0.001778
1.2904	0.001774
1.2906	0.001769
1.2908	0.001765
1.2910	0.001760
1.2912	0.001756
1.2914	0.001751
1.2916	0.001747
1.2918	0.001742
1.2920	0.001738
1.2922	0.001734
1.2924	0.001729
1.2926	0.001725
1.2928	0.001720
1.2930	0.001716
1.2932	0.001712
1.2934	0.001707
1.2936	0.001703
1.2938	0.001698
1.2940	0.001694
1.2942	0.001690
1.2944	0.001686
1.2946	0.001681
1.2948	0.001677
1.2950	0.001673
1.2952	0.001669
1.2954	0.001664
1.2956	0.001660
1.2958	0.001656
1.2960	0.001652
1.2962	0.001647
1.2964	0.001643
1.2966	0.001639
1.2968	0.001635
1.2970	0.001631
1.2972	0.001627
1.2974	0.001623
1.2976	0.001619
1.2978	0.001614
1.2980	0.001610
1.2982	0.001606
1.2984	0.001602
1.2986	0.001598
1.2988	0.001594
1.2990	0.001590
1.2992	0.001586
1.2994	0.001582
1.2996	0.001578
1.2998	0.001574
1.3000	0.001570
1.3002	0.001566
1.3004	0.001562
1.3006	0.001559
1.3008	0.001555
1.3010	0.001551
1.3012	0.001547
1.3014	0.001543
1.3016	0.001539
1.3018	0.001535
1.3020	0.001531
1.3022	0.001528
1.3024	0.001524
1.3026	0.001520
1.3028	0.001516
1.3030	0.001512
1.3032	0.001509
1.3034	0.001505
1.3036	0.001501
1.3038	0.001497
1.3040	0.001494
1.3042	0.001490
1.3044	0.001486
1.3046	0.001482
1.3048	0.001479
1.3050	0.001475
1.3052	0.001471
1.3054	0.001468
1.3056	0.001464
1.3058	0.001461
1.3060	0.001457
1.3062	0.001453
1.3064	0.001450
1.3066	0.001446
1.3068	0.001443
1.3070	0.001439
1.3072	0.001435
1.3074	0.001432
1.3076	0.001428
1.3078	0.001425
1.3080	0.001421
1.3082	0.001418
1.3084	0.001414
1.3086	0.001411
1.3088	0.001407
1.3090	0.001404
1.3092	0.001400
1.3094	0.001397
1.3096	0.001393
1.3098	0.001390
1.3100	0.001387
1.3102	0.001383
1.3104	0.001380
1.3106	0.001376
1.3108	0.001373
1.3110	0.001370
1.3112	0.001366
1.3114	0.001363
1.3116	0.001360
1.3118	0.001356
1.3120	0.001353
1.3122	0.001350
1.3124	0.001346
1.3126	0.001343
1.3128	0.001340
1.3130	0.001336
1.3132	0.001333
1.3134	0.001330
1.3136	0.001327
1.3138	0.001323
1.3140	0.001320
1.3142	0.001317
1.3144	0.001314
1.3146	0.001310
1.3148	0.001307
1.3150	0.001304
1.3152	0.001301
1.3154	0.001298
1.3156	0.001295
1.3158	0.001291
1.3160	0.001288
1.3162	0.001285
1.3164	0.001282
1.3166	0.001279
1.3168	0.001276
1.3170	0.001273
1.3172	0.001270
1.3174	0.001267
1.3176	0.001263
1.3178	0.001260
1.3180	0.001257
1.3182	0.001254
1.3184	0.001251
1.3186	0.001248
1.3188	0.001245
1.3190	0.001242
1.3192	0.001239
1.3194	0.001236
1.3196	0.001233
1.3198	0.001230
1.3200	0.001227
1.3202	0.001224
1.3204	0.001221
1.3206	0.001218
1.3208	0.001215
1.3210	0.001213
1.3212	0.001210
1.3214	0.001207
1.3216	0.001204
1.3218	0.001201
1.3220	0.001198
1.3222	0.001195
1.3224	0.001192
1.3226	0.001189
1.3228	0.001187
1.3230	0.001184
1.3232	0.001181
1.3234	0.001178
1.3236	0.001175
1.3238	0.001172
1.3240	0.001170
1.3242	0.001167
1.3244	0.001164
1.3246	0.001161
1.3248	0.001158
1.3250	0.001156
1.3252	0.001153
1.3254	0.001150
1.3256	0.001147
1.3258	0.001145
1.3260	0.001142
1.3262	0.001139
1.3264	0.001136
1.3266	0.001134
1.3268	0.001131
1.3270	0.001128
1.3272	0.001126
1.3274	0.001123
1.3276	0.001120
1.3278	0.001118
1.3280	0.001115
1.3282	0.001112
1.3284	0.001110
1.3286	0.001107
1.3288	0.001104
1.3290	0.001102
1.3292	0.001099
1.3294	0.001097
1.3296	0.001094
1.3298	0.001091
1.3300	0.001089
1.3302	0.001086
1.3304	0.001084
1.3306	0.001081
1.3308	0.001078
1.3310	0.001076
1.3312	0.001073
1.3314	0.001071
1.3316	0.001068
1.3318	0.001066
1.3320	0.001063
1.3322	0.001061
1.3324	0.001058
1.3326	0.001056
1.3328	0.001053
1.3330	0.001051
1.3332	0.001048
1.3334	0.001046
1.3336	0.001043
1.3338	0.001041
1.3340	0.001038
1.3342	0.001036
1.3344	0.001034
1.3346	0.001031
1.3348	0.001029
1.3350	0.001026
1.3352	0.001024
1.3354	0.001022
1.3356	0.001019
1.3358	0.001017
1.3360	0.001014
1.3362	0.001012
1.3364	0.001010
1.3366	0.001007
1.3368	0.001005
1.3370	0.001002
1.3372	0.001000
1.3374	0.000998
1.3376	0.000995
1.3378	0.000993
1.3380	0.000991
1.3382	0.000989
1.3384	0.000986
1.3386	0.000984
1.3388	0.000982
1.3390	0.000979
1.3392	0.000977
1.3394	0.000975
1.3396	0.000972
1.3398	0.000970
1.3400	0.000968
1.3402	0.000966
1.3404	0.000963
1.3406	0.000961
1.3408	0.000959
1.3410	0.000957
1.3412	0.000955
1.3414	0.000952
1.3416	0.000950
1.3418	0.000948
1.3420	0.000946
1.3422	0.000943
1.3424	0.000941
1.3426	0.000939
1.3428	0.000937
1.3430	0.000935
1.3432	0.000933
1.3434	0.000930
1.3436	0.000928
1.3438	0.000926
1.3440	0.000924
1.3442	0.000922
1.3444	0.000920
1.3446	0.000918
1.3448	0.000915
1.3450	0.000913
1.3452	0.000911
1.3454	0.000909
1.3456	0.000907
1.3458	0.000905
1.3460	0.000903
1.3462	0.000901
1.3464	0.000899
1.3466	0.000897
1.3468	0.000895
1.3470	0.000893
1.3472	0.000890
1.3474	0.000888
1.3476	0.000886
1.3478	0.000884
1.3480	0.000882
1.3482	0.000880
1.3484	0.000878
1.3486	0.000876
1.3488	0.000874
1.3490	0.000872
1.3492	0.000870
1.3494	0.000868
1.3496	0.000866
1.3498	0.000864
1.3500	0.000862
1.3502	0.000860
1.3504	0.000858
1.3506	0.000856
1.3508	0.000854
1.3510	0.000852
1.3512	0.000850
1.3514	0.000849
1.3516	0.000847
1.3518	0.000845
1.3520	0.000843
1.3522	0.000841
1.3524	0.000839
1.3526	0.000837
1.3528	0.000835
1.3530	0.000833
1.3532	0.000831
1.3534	0.000829
1.3536	0.000827
1.3538	0.000826
1.3540	0.000824
1.3542	0.000822
1.3544	0.000820
1.3546	0.000818
1.3548	0.000816
1.3550	0.000814
1.3552	0.000813
1.3554	0.000811
1.3556	0.000809
1.3558	0.000807
1.3560	0.000805
1.3562	0.000803
1.3564	0.000802
1.3566	0.000800
1.3568	0.000798
1.3570	0.000796
1.3572	0.000794
1.3574	0.000793
1.3576	0.000791
1.3578	0.000789
1.3580	0.000787
1.3582	0.000785
1.3584	0.000784
1.3586	0.000782
1.3588	0.000780
1.3590	0.000778
1.3592	0.000777
1.3594	0.000775
1.3596	0.000773
1.3598	0.000771
1.3600	0.000770
1.3602	0.000768
1.3604	0.000766
1.3606	0.000764
1.3608	0.000763
1.3610	0.000761
1.3612	0.000759
1.3614	0.000757
1.3616	0.000756
1.3618	0.000754
1.3620	0.000752
1.3622	0.000751
1.3624	0.000749
1.3626	0.000747
1.3628	0.000746
1.3630	0.000744
1.3632	0.000742
1.3634	0.000741
1.3636	0.000739
1.3638	0.000737
1.3640	0.000736
1.3642	0.000734
1.3644	0.000732
1.3646	0.000731
1.3648	0.000729
1.3650	0.000727
1.3652	0.000726
1.3654	0.000724
1.3656	0.000723
1.3658	0.000721
1.3660	0.000719
1.3662	0.000718
1.3664	0.000716
1.3666	0.000715
1.3668	0.000713
1.3670	0.000711
1.3672	0.000710
1.3674	0.000708
1.3676	0.000707
1.3678	0.000705
1.3680	0.000704
1.3682	0.000702
1.3684	0.000700
1.3686	0.000699
1.3688	0.000697
1.3690	0.000696
1.3692	0.000694
1.3694	0.000693
1.3696	0.000691
1.3698	0.000690
1.3700	0.000688
1.3702	0.000686
1.3704	0.000685
1.3706	0.000683
1.3708	0.000682
1.3710	0.000680
1.3712	0.000679
1.3714	0.000677
1.3716	0.000676
1.3718	0.000674
1.3720	0.000673
1.3722	0.000671
1.3724	0.000670
1.3726	0.000668
1.3728	0.000667
1.3730	0.000666
1.3732	0.000664
1.3734	0.000663
1.3736	0.000661
1.3738	0.000660
1.3740	0.000658
1.3742	0.000657
1.3744	0.000655
1.3746	0.000654
1.3748	0.000652
1.3750	0.000651
1.3752	0.000650
1.3754	0.000648
1.3756	0.000647
1.3758	0.000645
1.3760	0.000644
1.3762	0.000642
1.3764	0.000641
1.3766	0.000640
1.3768	0.000638
1.3770	0.000637
1.3772	0.000635
1.3774	0.000634
1.3776	0.000633
1.3778	0.000631
1.3780	0.000630
1.3782	0.000628
1.3784	0.000627
1.3786	0.000626
1.3788	0.000624
1.3790	0.000623
1.3792	0.000622
1.3794	0.000620
1.3796	0.000619
1.3798	0.000617
1.3800	0.000616
1.3802	0.000615
1.3804	0.000613
1.3806	0.000612
1.3808	0.000611
1.3810	0.000609
1.3812	0.000608
1.3814	0.000607
1.3816	0.000605
1.3818	0.000604
1.3820	0.000603
1.3822	0.000601
1.3824	0.000600
1.3826	0.000599
1.3828	0.000598
1.3830	0.000596
1.3832	0.000595
1.3834	0.000594
1.3836	0.000592
1.3838	0.000591
1.3840	0.000590
1.3842	0.000589
1.3844	0.000587
1.3846	0.000586
1.3848	0.000585
1.3850	0.000583
1.3852	0.000582
1.3854	0.000581
1.3856	0.000580
1.3858	0.000578
1.3860	0.000577
1.3862	0.000576
1.3864	0.000575
1.3866	0.000573
1.3868	0.000572
1.3870	0.000571
1.3872	0.000570
1.3874	0.000568
1.3876	0.000567
1.3878	0.000566
1.3880	0.000565
1.3882	0.000564
1.3884	0.000562
1.3886	0.000561
1.3888	0.000560
1.3890	0.000559
1.3892	0.000557
1.3894	0.000556
1.3896	0.000555
1.3898	0.000554
1.3900	0.000553
1.3902	0.000551
1.3904	0.000550
1.3906	0.000549
1.3908	0.000548
1.3910	0.000547
1.3912	0.000546
1.3914	0.000544
1.3916	0.000543
1.3918	0.000542
1.3920	0.000541
1.3922	0.000540
1.3924	0.000539
1.3926	0.000537
1.3928	0.000536
1.3930	0.000535
1.3932	0.000534
1.3934	0.000533
1.3936	0.000532
1.3938	0.000530
1.3940	0.000529
1.3942	0.000528
1.3944	0.000527
1.3946	0.000526
1.3948	0.000525
1.3950	0.000524
1.3952	0.000523
1.3954	0.000521
1.3956	0.000520
1.3958	0.000519
1.3960	0.000518
1.3962	0.000517
1.3964	0.000516
1.3966	0.000515
1.3968	0.000514
1.3970	0.000513
1.3972	0.000511
1.3974	0.000510
1.3976	0.000509
1.3978	0.000508
1.3980	0.000507
1.3982	0.000506
1.3984	0.000505
1.3986	0.000504
1.3988	0.000503
1.3990	0.000502
1.3992	0.000501
1.3994	0.000500
1.3996	0.000499
1.3998	0.000497
1.4000	0.000496
1.4002	0.000495
1.4004	0.000494
1.4006	0.000493
1.4008	0.000492
1.4010	0.000491
1.4012	0.000490
1.4014	0.000489
1.4016	0.000488
1.4018	0.000487
1.4020	0.000486
1.4022	0.000485
1.4024	0.000484
1.4026	0.000483
1.4028	0.000482
1.4030	0.000481
1.4032	0.000480
1.4034	0.000479
1.4036	0.000478
1.4038	0.000477
1.4040	0.000476
1.4042	0.000475
1.4044	0.000474
1.4046	0.000473
1.4048	0.000472
1.4050	0.000471
1.4052	0.000470
1.4054	0.000469
1.4056	0.000468
1.4058	0.000467
1.4060	0.000466
1.4062	0.000465
1.4064	0.000464
1.4066	0.000463
1.4068	0.000462
1.4070	0.000461
1.4072	0.000460
1.4074	0.000459
1.4076	0.000458
1.4078	0.000457
1.4080	0.000456
1.4082	0.000455
1.4084	0.000454
1.4086	0.000453
1.4088	0.000452
1.4090	0.000451
1.4092	0.000450
1.4094	0.000449
1.4096	0.000448
1.4098	0.000447
1.4100	0.000447
1.4102	0.000446
1.4104	0.000445
1.4106	0.000444
1.4108	0.000443
1.4110	0.000442
1.4112	0.000441
1.4114	0.000440
1.4116	0.000439
1.4118	0.000438
1.4120	0.000437
1.4122	0.000436
1.4124	0.000435
1.4126	0.000434
1.4128	0.000434
1.4130	0.000433
1.4132	0.000432
1.4134	0.000431
1.4136	0.000430
1.4138	0.000429
1.4140	0.000428
1.4142	0.000427
1.4144	0.000426
1.4146	0.000425
1.4148	0.000425
1.4150	0.000424
1.4152	0.000423
1.4154	0.000422
1.4156	0.000421
1.4158	0.000420
1.4160	0.000419
1.4162	0.000418
1.4164	0.000418
1.4166	0.000417
1.4168	0.000416
1.4170	0.000415
1.4172	0.000414
1.4174	0.000413
1.4176	0.000412
1.4178	0.000411
1.4180	0.000411
1.4182	0.000410
1.4184	0.000409
1.4186	0.000408
1.4188	0.000407
1.4190	0.000406
1.4192	0.000406
1.4194	0.000405
1.4196	0.000404
1.4198	0.000403
1.4200	0.000402
1.4202	0.000401
1.4204	0.000401
1.4206	0.000400
1.4208	0.000399
1.4210	0.000398
1.4212	0.000397
1.4214	0.000396
1.4216	0.000396
1.4218	0.000395
1.4220	0.000394
1.4222	0.000393
1.4224	0.000392
1.4226	0.000391
1.4228	0.000391
1.4230	0.000390
1.4232	0.000389
1.4234	0.000388
1.4236	0.000387
1.4238	0.000387
1.4240	0.000386
1.4242	0.000385
1.4244	0.000384
1.4246	0.000383
1.4248	0.000383
1.4250	0.000382
1.4252	0.000381
1.4254	0.000380
1.4256	0.000379
1.4258	0.000379
1.4260	0.000378
1.4262	0.000377
1.4264	0.000376
1.4266	0.000376
1.4268	0.000375
1.4270	0.000374
1.4272	0.000373
1.4274	0.000373
1.4276	0.000372
1.4278	0.000371
1.4280	0.000370
1.4282	0.000369
1.4284	0.000369
1.4286	0.000368
1.4288	0.000367
1.4290	0.000366
1.4292	0.000366
1.4294	0.000365
1.4296	0.000364
1.4298	0.000363
1.4300	0.000363
1.4302	0.000362
1.4304	0.000361
1.4306	0.000360
1.4308	0.000360
1.4310	0.000359
1.4312	0.000358
1.4314	0.000357
1.4316	0.000357
1.4318	0.000356
1.4320	0.000355
1.4322	0.000355
1.4324	0.000354
1.4326	0.000353
1.4328	0.000352
1.4330	0.000352
1.4332	0.000351
1.4334	0.000350
1.4336	0.000350
1.4338	0.000349
1.4340	0.000348
1.4342	0.000347
1.4344	0.000347
1.4346	0.000346
1.4348	0.000345
1.4350	0.000345
1.4352	0.000344
1.4354	0.000343
1.4356	0.000342
1.4358	0.000342
1.4360	0.000341
1.4362	0.000340
1.4364	0.000340
1.4366	0.000339
1.4368	0.000338
1.4370	0.000338
1.4372	0.000337
1.4374	0.000336
1.4376	0.000336
1.4378	0.000335
1.4380	0.000334
1.4382	0.000333
1.4384	0.000333
1.4386	0.000332
1.4388	0.000331
1.4390	0.000331
1.4392	0.000330
1.4394	0.000329
1.4396	0.000329
1.4398	0.000328
1.4400	0.000327
1.4402	0.000327
1.4404	0.000326
1.4406	0.000325
1.4408	0.000325
1.4410	0.000324
1.4412	0.000323
1.4414	0.000323
1.4416	0.000322
1.4418	0.000321
1.4420	0.000321
1.4422	0.000320
1.4424	0.000320
1.4426	0.000319
1.4428	0.000318
1.4430	0.000318
1.4432	0.000317
1.4434	0.000316
1.4436	0.000316
1.4438	0.000315
1.4440	0.000314
1.4442	0.000314
1.4444	0.000313
1.4446	0.000312
1.4448	0.000312
1.4450	0.000311
1.4452	0.000311
1.4454	0.000310
1.4456	0.000309
1.4458	0.000309
1.4460	0.000308
1.4462	0.000307
1.4464	0.000307
1.4466	0.000306
1.4468	0.000306
1.4470	0.000305
1.4472	0.000304
1.4474	0.000304
1.4476	0.000303
1.4478	0.000303
1.4480	0.000302
1.4482	0.000301
1.4484	0.000301
1.4486	0.000300
1.4488	0.000300
1.4490	0.000299
1.4492	0.000298
1.4494	0.000298
1.4496	0.000297
1.4498	0.000297
1.4500	0.000296
1.4502	0.000295
1.4504	0.000295
1.4506	0.000294
1.4508	0.000294
1.4510	0.000293
1.4512	0.000292
1.4514	0.000292
1.4516	0.000291
1.4518	0.000291
1.4520	0.000290
1.4522	0.000289
1.4524	0.000289
1.4526	0.000288
1.4528	0.000288
1.4530	0.000287
1.4532	0.000287
1.4534	0.000286
1.4536	0.000285
1.4538	0.000285
1.4540	0.000284
1.4542	0.000284
1.4544	0.000283
1.4546	0.000283
1.4548	0.000282
1.4550	0.000281
1.4552	0.000281
1.4554	0.000280
1.4556	0.000280
1.4558	0.000279
1.4560	0.000279
1.4562	0.000278
1.4564	0.000278
1.4566	0.000277
1.4568	0.000276
1.4570	0.000276
1.4572	0.000275
1.4574	0.000275
1.4576	0.000274
1.4578	0.000274
1.4580	0.000273
1.4582	0.000273
1.4584	0.000272
1.4586	0.000271
1.4588	0.000271
1.4590	0.000270
1.4592	0.000270
1.4594	0.000269
1.4596	0.000269
1.4598	0.000268
1.4600	0.000268
1.4602	0.000267
1.4604	0.000267
1.4606	0.000266
1.4608	0.000266
1.4610	0.000265
1.4612	0.000265
1.4614	0.000264
1.4616	0.000263
1.4618	0.000263
1.4620	0.000262
1.4622	0.000262
1.4624	0.000261
1.4626	0.000261
1.4628	0.000260
1.4630	0.000260
1.4632	0.000259
1.4634	0.000259
1.4636	0.000258
1.4638	0.000258
1.4640	0.000257
1.4642	0.000257
1.4644	0.000256
1.4646	0.000256
1.4648	0.000255
1.4650	0.000255
1.4652	0.000254
1.4654	0.000254
1.4656	0.000253
1.4658	0.000253
1.4660	0.000252
1.4662	0.000252
1.4664	0.000251
1.4666	0.000251
1.4668	0.000250
1.4670	0.000250
1.4672	0.000249
1.4674	0.000249
1.4676	0.000248
1.4678	0.000248
1.4680	0.000247
1.4682	0.000247
1.4684	0.000246
1.4686	0.000246
1.4688	0.000245
1.4690	0.000245
1.4692	0.000244
1.4694	0.000244
1.4696	0.000243
1.4698	0.000243
1.4700	0.000242
1.4702	0.000242
1.4704	0.000241
1.4706	0.000241
1.4708	0.000241
1.4710	0.000240
1.4712	0.000240
1.4714	0.000239
1.4716	0.000239
1.4718	0.000238
1.4720	0.000238
1.4722	0.000237
1.4724	0.000237
1.4726	0.000236
1.4728	0.000236
1.4730	0.000235
1.4732	0.000235
1.4734	0.000234
1.4736	0.000234
1.4738	0.000234
1.4740	0.000233
1.4742	0.000233
1.4744	0.000232
1.4746	0.000232
1.4748	0.000231
1.4750	0.000231
1.4752	0.000230
1.4754	0.000230
1.4756	0.000229
1.4758	0.000229
1.4760	0.000229
1.4762	0.000228
1.4764	0.000228
1.4766	0.000227
1.4768	0.000227
1.4770	0.000226
1.4772	0.000226
1.4774	0.000225
1.4776	0.000225
1.4778	0.000225
1.4780	0.000224
1.4782	0.000224
1.4784	0.000223
1.4786	0.000223
1.4788	0.000222
1.4790	0.000222
1.4792	0.000221
1.4794	0.000221
1.4796	0.000221
1.4798	0.000220
1.4800	0.000220
1.4802	0.000219
1.4804	0.000219
1.4806	0.000218
1.4808	0.000218
1.4810	0.000218
1.4812	0.000217
1.4814	0.000217
1.4816	0.000216
1.4818	0.000216
1.4820	0.000215
1.4822	0.000215
1.4824	0.000215
1.4826	0.000214
1.4828	0.000214
1.4830	0.000213
1.4832	0.000213
1.4834	0.000213
1.4836	0.000212
1.4838	0.000212
1.4840	0.000211
1.4842	0.000211
1.4844	0.000210
1.4846	0.000210
1.4848	0.000210
1.4850	0.000209
1.4852	0.000209
1.4854	0.000208
1.4856	0.000208
1.4858	0.000208
1.4860	0.000207
1.4862	0.000207
1.4864	0.000206
1.4866	0.000206
1.4868	0.000206
1.4870	0.000205
1.4872	0.000205
1.4874	0.000204
1.4876	0.000204
1.4878	0.000204
1.4880	0.000203
1.4882	0.000203
1.4884	0.000202
1.4886	0.000202
1.4888	0.000202
1.4890	0.000201
1.4892	0.000201
1.4894	0.000200
1.4896	0.000200
1.4898	0.000200
1.4900	0.000199
1.4902	0.000199
1.4904	0.000199
1.4906	0.000198
1.4908	0.000198
1.4910	0.000197
1.4912	0.000197
1.4914	0.000197
1.4916	0.000196
1.4918	0.000196
1.4920	0.000196
1.4922	0.000195
1.4924	0.000195
1.4926	0.000194
1.4928	0.000194
1.4930	0.000194
1.4932	0.000193
1.4934	0.000193
1.4936	0.000192
1.4938	0.000192
1.4940	0.000192
1.4942	0.000191
1.4944	0.000191
1.4946	0.000191
1.4948	0.000190
1.4950	0.000190
1.4952	0.000190
1.4954	0.000189
1.4956	0.000189
1.4958	0.000188
1.4960	0.000188
1.4962	0.000188
1.4964	0.000187
1.4966	0.000187
1.4968	0.000187
1.4970	0.000186
1.4972	0.000186
1.4974	0.000186
1.4976	0.000185
1.4978	0.000185
1.4980	0.000184
1.4982	0.000184
1.4984	0.000184
1.4986	0.000183
1.4988	0.000183
1.4990	0.000183
1.4992	0.000182
1.4994	0.000182
1.4996	0.000182
1.4998	0.000181
1.5000	0.000181
1.5002	0.000181
1.5004	0.000180
1.5006	0.000180
1.5008	0.000180
1.5010	0.000179
1.5012	0.000179
1.5014	0.000179
1.5016	0.000178
1.5018	0.000178
1.5020	0.000178
1.5022	0.000177
1.5024	0.000177
1.5026	0.000176
1.5028	0.000176
1.5030	0.000176
1.5032	0.000175
1.5034	0.000175
1.5036	0.000175
1.5038	0.000174
1.5040	0.000174
1.5042	0.000174
1.5044	0.000173
1.5046	0.000173
1.5048	0.000173
1.5050	0.000172
1.5052	0.000172
1.5054	0.000172
1.5056	0.000171
1.5058	0.000171
1.5060	0.000171
1.5062	0.000170
1.5064	0.000170
1.5066	0.000170
1.5068	0.000170
1.5070	0.000169
1.5072	0.000169
1.5074	0.000169
1.5076	0.000168
1.5078	0.000168
1.5080	0.000168
1.5082	0.000167
1.5084	0.000167
1.5086	0.000167
1.5088	0.000166
1.5090	0.000166
1.5092	0.000166
1.5094	0.000165
1.5096	0.000165
1.5098	0.000165
1.5100	0.000164
1.5102	0.000164
1.5104	0.000164
1.5106	0.000163
1.5108	0.000163
1.5110	0.000163
1.5112	0.000163
1.5114	0.000162
1.5116	0.000162
1.5118	0.000162
1.5120	0.000161
1.5122	0.000161
1.5124	0.000161
1.5126	0.000160
1.5128	0.000160
1.5130	0.000160
1.5132	0.000159
1.5134	0.000159
1.5136	0.000159
1.5138	0.000159
1.5140	0.000158
1.5142	0.000158
1.5144	0.000158
1.5146	0.000157
1.5148	0.000157
1.5150	0.000157
1.5152	0.000156
1.5154	0.000156
1.5156	0.000156
1.5158	0.000156
1.5160	0.000155
1.5162	0.000155
1.5164	0.000155
1.5166	0.000154
1.5168	0.000154
1.5170	0.000154
1.5172	0.000153
1.5174	0.000153
1.5176	0.000153
1.5178	0.000153
1.5180	0.000152
1.5182	0.000152
1.5184	0.000152
1.5186	0.000151
1.5188	0.000151
1.5190	0.000151
1.5192	0.000151
1.5194	0.000150
1.5196	0.000150
1.5198	0.000150
1.5200	0.000149
1.5202	0.000149
1.5204	0.000149
1.5206	0.000149
1.5208	0.000148
1.5210	0.000148
1.5212	0.000148
1.5214	0.000147
1.5216	0.000147
1.5218	0.000147
1.5220	0.000147
1.5222	0.000146
1.5224	0.000146
1.5226	0.000146
1.5228	0.000146
1.5230	0.000145
1.5232	0.000145
1.5234	0.000145
1.5236	0.000144
1.5238	0.000144
1.5240	0.000144
1.5242	0.000144
1.5244	0.000143
1.5246	0.000143
1.5248	0.000143
1.5250	0.000143
1.5252	0.000142
1.5254	0.000142
1.5256	0.000142
1.5258	0.000141
1.5260	0.000141
1.5262	0.000141
1.5264	0.000141
1.5266	0.000140
1.5268	0.000140
1.5270	0.000140
1.5272	0.000140
1.5274	0.000139
1.5276	0.000139
1.5278	0.000139
1.5280	0.000139
1.5282	0.000138
1.5284	0.000138
1.5286	0.000138
1.5288	0.000137
1.5290	0.000137
1.5292	0.000137
1.5294	0.000137
1.5296	0.000136
1.5298	0.000136
1.5300	0.000136
1.5302	0.000136
1.5304	0.000135
1.5306	0.000135
1.5308	0.000135
1.5310	0.000135
1.5312	0.000134
1.5314	0.000134
1.5316	0.000134
1.5318	0.000134
1.5320	0.000133
1.5322	0.000133
1.5324	0.000133
1.5326	0.000133
1.5328	0.000132
1.5330	0.000132
1.5332	0.000132
1.5334	0.000132
1.5336	0.000131
1.5338	0.000131
1.5340	0.000131
1.5342	0.000131
1.5344	0.000130
1.5346	0.000130
1.5348	0.000130
1.5350	0.000130
1.5352	0.000129
1.5354	0.000129
1.5356	0.000129
1.5358	0.000129
1.5360	0.000128
1.5362	0.000128
1.5364	0.000128
1.5366	0.000128
1.5368	0.000128
1.5370	0.000127
1.5372	0.000127
1.5374	0.000127
1.5376	0.000127
1.5378	0.000126
1.5380	0.000126
1.5382	0.000126
1.5384	0.000126
1.5386	0.000125
1.5388	0.000125
1.5390	0.000125
1.5392	0.000125
1.5394	0.000124
1.5396	0.000124
1.5398	0.000124
1.5400	0.000124
1.5402	0.000123
1.5404	0.000123
1.5406	0.000123
1.5408	0.000123
1.5410	0.000123
1.5412	0.000122
1.5414	0.000122
1.5416	0.000122
1.5418	0.000122
1.5420	0.000121
1.5422	0.000121
1.5424	0.000121
1.5426	0.000121
1.5428	0.000121
1.5430	0.000120
1.5432	0.000120
1.5434	0.000120
1.5436	0.000120
1.5438	0.000119
1.5440	0.000119
1.5442	0.000119
1.5444	0.000119
1.5446	0.000119
1.5448	0.000118
1.5450	0.000118
1.5452	0.000118
1.5454	0.000118
1.5456	0.000117
1.5458	0.000117
1.5460	0.000117
1.5462	0.000117
1.5464	0.000117
1.5466	0.000116
1.5468	0.000116
1.5470	0.000116
1.5472	0.000116
1.5474	0.000115
1.5476	0.000115
1.5478	0.000115
1.5480	0.000115
1.5482	0.000115
1.5484	0.000114
1.5486	0.000114
1.5488	0.000114
1.5490	0.000114
1.5492	0.000114
1.5494	0.000113
1.5496	0.000113
1.5498	0.000113
1.5500	0.000113
1.5502	0.000112
1.5504	0.000112
1.5506	0.000112
1.5508	0.000112
1.5510	0.000112
1.5512	0.000111
1.5514	0.000111
1.5516	0.000111
1.5518	0.000111
1.5520	0.000111
1.5522	0.000110
1.5524	0.000110
1.5526	0.000110
1.5528	0.000110
1.5530	0.000110
1.5532	0.000109
1.5534	0.000109
1.5536	0.000109
1.5538	0.000109
1.5540	0.000109
1.5542	0.000108
1.5544	0.000108
1.5546	0.000108
1.5548	0.000108
1.5550	0.000108
1.5552	0.000107
1.5554	0.000107
1.5556	0.000107
1.5558	0.000107
1.5560	0.000107
1.5562	0.000106
1.5564	0.000106
1.5566	0.000106
1.5568	0.000106
1.5570	0.000106
1.5572	0.000105
1.5574	0.000105
1.5576	0.000105
1.5578	0.000105
1.5580	0.000105
1.5582	0.000104
1.5584	0.000104
1.5586	0.000104
1.5588	0.000104
1.5590	0.000104
1.5592	0.000103
1.5594	0.000103
1.5596	0.000103
1.5598	0.000103
1.5600	0.000103
1.5602	0.000102
1.5604	0.000102
1.5606	0.000102
1.5608	0.000102
1.5610	0.000102
1.5612	0.000102
1.5614	0.000101
1.5616	0.000101
1.5618	0.000101
1.5620	0.000101
1.5622	0.000101
1.5624	0.000100
1.5626	0.000100
1.5628	0.000100
1.5630	0.000100
1.5632	0.000100
1.5634	0.000099
1.5636	0.000099
1.5638	0.000099
1.5640	0.000099
1.5642	0.000099
1.5644	0.000099
1.5646	0.000098
1.5648	0.000098
1.5650	0.000098
1.5652	0.000098
1.5654	0.000098
1.5656	0.000097
1.5658	0.000097
1.5660	0.000097
1.5662	0.000097
1.5664	0.000097
1.5666	0.000097
1.5668	0.000096
1.5670	0.000096
1.5672	0.000096
1.5674	0.000096
1.5676	0.000096
1.5678	0.000095
1.5680	0.000095
1.5682	0.000095
1.5684	0.000095
1.5686	0.000095
1.5688	0.000095
1.5690	0.000094
1.5692	0.000094
1.5694	0.000094
1.5696	0.000094
1.5698	0.000094
1.5700	0.000094
1.5702	0.000093
1.5704	0.000093
1.5706	0.000093
1.5708	0.000093
1.5710	0.000093
1.5712	0.000093
1.5714	0.000092
1.5716	0.000092
1.5718	0.000092
1.5720	0.000092
1.5722	0.000092
1.5724	0.000091
1.5726	0.000091
1.5728	0.000091
1.5730	0.000091
1.5732	0.000091
1.5734	0.000091
1.5736	0.000090
1.5738	0.000090
1.5740	0.000090
1.5742	0.000090
1.5744	0.000090
1.5746	0.000090
1.5748	0.000089
1.5750	0.000089
1.5752	0.000089
1.5754	0.000089
1.5756	0.000089
1.5758	0.000089
1.5760	0.000088
1.5762	0.000088
1.5764	0.000088
1.5766	0.000088
1.5768	0.000088
1.5770	0.000088
1.5772	0.000088
1.5774	0.000087
1.5776	0.000087
1.5778	0.000087
1.5780	0.000087
1.5782	0.000087
1.5784	0.000087
1.5786	0.000086
1.5788	0.000086
1.5790	0.000086
1.5792	0.000086
1.5794	0.000086
1.5796	0.000086
1.5798	0.000085
1.5800	0.000085
1.5802	0.000085
1.5804	0.000085
1.5806	0.000085
1.5808	0.000085
1.5810	0.000085
1.5812	0.000084
1.5814	0.000084
1.5816	0.000084
1.5818	0.000084
1.5820	0.000084
1.5822	0.000084
1.5824	0.000083
1.5826	0.000083
1.5828	0.000083
1.5830	0.000083
1.5832	0.000083
1.5834	0.000083
1.5836	0.000083
1.5838	0.000082
1.5840	0.000082
1.5842	0.000082
1.5844	0.000082
1.5846	0.000082
1.5848	0.000082
1.5850	0.000081
1.5852	0.000081
1.5854	0.000081
1.5856	0.000081
1.5858	0.000081
1.5860	0.000081
1.5862	0.000081
1.5864	0.000080
1.5866	0.000080
1.5868	0.000080
1.5870	0.000080
1.5872	0.000080
1.5874	0.000080
1.5876	0.000080
1.5878	0.000079
1.5880	0.000079
1.5882	0.000079
1.5884	0.000079
1.5886	0.000079
1.5888	0.000079
1.5890	0.000079
1.5892	0.000078
1.5894	0.000078
1.5896	0.000078
1.5898	0.000078
1.5900	0.000078
1.5902	0.000078
1.5904	0.000077
1.5906	0.000077
1.5908	0.000077
1.5910	0.000077
1.5912	0.000077
1.5914	0.000077
1.5916	0.000077
1.5918	0.000077
1.5920	0.000076
1.5922	0.000076
1.5924	0.000076
1.5926	0.000076
1.5928	0.000076
1.5930	0.000076
1.5932	0.000076
1.5934	0.000075
1.5936	0.000075
1.5938	0.000075
1.5940	0.000075
1.5942	0.000075
1.5944	0.000075
1.5946	0.000075
1.5948	0.000074
1.5950	0.000074
1.5952	0.000074
1.5954	0.000074
1.5956	0.000074
1.5958	0.000074
1.5960	0.000074
1.5962	0.000073
1.5964	0.000073
1.5966	0.000073
1.5968	0.000073
1.5970	0.000073
1.5972	0.000073
1.5974	0.000073
1.5976	0.000073
1.5978	0.000072
1.5980	0.000072
1.5982	0.000072
1.5984	0.000072
1.5986	0.000072
1.5988	0.000072
1.5990	0.000072
1.5992	0.000071
1.5994	0.000071
1.5996	0.000071
1.5998	0.000071
1.6000	0.000071
1.6002	0.000071
1.6004	0.000071
1.6006	0.000071
1.6008	0.000070
1.6010	0.000070
1.6012	0.000070
1.6014	0.000070
1.6016	0.000070
1.6018	0.000070
1.6020	0.000070
1.6022	0.000070
1.6024	0.000069
1.6026	0.000069
1.6028	0.000069
1.6030	0.000069
1.6032	0.000069
1.6034	0.000069
1.6036	0.000069
1.6038	0.000069
1.6040	0.000068
1.6042	0.000068
1.6044	0.000068
1.6046	0.000068
1.6048	0.000068
1.6050	0.000068
1.6052	0.000068
1.6054	0.000068
1.6056	0.000067
1.6058	0.000067
1.6060	0.000067
1.6062	0.000067
1.6064	0.000067
1.6066	0.000067
1.6068	0.000067
1.6070	0.000067
1.6072	0.000066
1.6074	0.000066
1.6076	0.000066
1.6078	0.000066
1.6080	0.000066
1.6082	0.000066
1.6084	0.000066
1.6086	0.000066
1.6088	0.000065
1.6090	0.000065
1.6092	0.000065
1.6094	0.000065
1.6096	0.000065
1.6098	0.000065
1.6100	0.000065
1.6102	0.000065
1.6104	0.000064
1.6106	0.000064
1.6108	0.000064
1.6110	0.000064
1.6112	0.000064
1.6114	0.000064
1.6116	0.000064
1.6118	0.000064
1.6120	0.000064
1.6122	0.000063
1.6124	0.000063
1.6126	0.000063
1.6128	0.000063
1.6130	0.000063
1.6132	0.000063
1.6134	0.000063
1.6136	0.000063
1.6138	0.000063
1.6140	0.000062
1.6142	0.000062
1.6144	0.000062
1.6146	0.000062
1.6148	0.000062
1.6150	0.000062
1.6152	0.000062
1.6154	0.000062
1.6156	0.000061
1.6158	0.000061
1.6160	0.000061
1.6162	0.000061
1.6164	0.000061
1.6166	0.000061
1.6168	0.000061
1.6170	0.000061
1.6172	0.000061
1.6174	0.000060
1.6176	0.000060
1.6178	0.000060
1.6180	0.000060
1.6182	0.000060
1.6184	0.000060
1.6186	0.000060
1.6188	0.000060
1.6190	0.000060
1.6192	0.000060
1.6194	0.000059
1.6196	0.000059
1.6198	0.000059
1.6200	0.000059
1.6202	0.000059
1.6204	0.000059
1.6206	0.000059
1.6208	0.000059
1.6210	0.000059
1.6212	0.000058
1.6214	0.000058
1.6216	0.000058
1.6218	0.000058
1.6220	0.000058
1.6222	0.000058
1.6224	0.000058
1.6226	0.000058
1.6228	0.000058
1.6230	0.000057
1.6232	0.000057
1.6234	0.000057
1.6236	0.000057
1.6238	0.000057
1.6240	0.000057
1.6242	0.000057
1.6244	0.000057
1.6246	0.000057
1.6248	0.000057
1.6250	0.000056
1.6252	0.000056
1.6254	0.000056
1.6256	0.000056
1.6258	0.000056
1.6260	0.000056
1.6262	0.000056
1.6264	0.000056
1.6266	0.000056
1.6268	0.000056
1.6270	0.000055
1.6272	0.000055
1.6274	0.000055
1.6276	0.000055
1.6278	0.000055
1.6280	0.000055
1.6282	0.000055
1.6284	0.000055
1.6286	0.000055
1.6288	0.000054
1.6290	0.000054
1.6292	0.000054
1.6294	0.000054
1.6296	0.000054
1.6298	0.000054
1.6300	0.000054
1.6302	0.000054
1.6304	0.000054
1.6306	0.000054
1.6308	0.000054
1.6310	0.000053
1.6312	0.000053
1.6314	0.000053
1.6316	0.000053
1.6318	0.000053
1.6320	0.000053
1.6322	0.000053
1.6324	0.000053
1.6326	0.000053
1.6328	0.000053
1.6330	0.000052
1.6332	0.000052
1.6334	0.000052
1.6336	0.000052
1.6338	0.000052
1.6340	0.000052
1.6342	0.000052
1.6344	0.000052
1.6346	0.000052
1.6348	0.000052
1.6350	0.000051
1.6352	0.000051
1.6354	0.000051
1.6356	0.000051
1.6358	0.000051
1.6360	0.000051
1.6362	0.000051
1.6364	0.000051
1.6366	0.000051
1.6368	0.000051
1.6370	0.000051
1.6372	0.000050
1.6374	0.000050
1.6376	0.000050
1.6378	0.000050
1.6380	0.000050
1.6382	0.000050
1.6384	0.000050
1.6386	0.000050
1.6388	0.000050
1.6390	0.000050
1.6392	0.000050
1.6394	0.000049
1.6396	0.000049
1.6398	0.000049
1.6400	0.000049
1.6402	0.000049
1.6404	0.000049
1.6406	0.000049
1.6408	0.000049
1.6410	0.000049
1.6412	0.000049
1.6414	0.000049
1.6416	0.000048
1.6418	0.000048
1.6420	0.000048
1.6422	0.000048
1.6424	0.000048
1.6426	0.000048
1.6428	0.000048
1.6430	0.000048
1.6432	0.000048
1.6434	0.000048
1.6436	0.000048
1.6438	0.000048
1.6440	0.000047
1.6442	0.000047
1.6444	0.000047
1.6446	0.000047
1.6448	0.000047
1.6450	0.000047
1.6452	0.000047
1.6454	0.000047
1.6456	0.000047
1.6458	0.000047
1.6460	0.000047
1.6462	0.000046
1.6464	0.000046
1.6466	0.000046
1.6468	0.000046
1.6470	0.000046
1.6472	0.000046
1.6474	0.000046
1.6476	0.000046
1.6478	0.000046
1.6480	0.000046
1.6482	0.000046
1.6484	0.000046
1.6486	0.000045
1.6488	0.000045
1.6490	0.000045
1.6492	0.000045
1.6494	0.000045
1.6496	0.000045
1.6498	0.000045
1.6500	0.000045
1.6502	0.000045
1.6504	0.000045
1.6506	0.000045
1.6508	0.000045
1.6510	0.000044
1.6512	0.000044
1.6514	0.000044
1.6516	0.000044
1.6518	0.000044
1.6520	0.000044
1.6522	0.000044
1.6524	0.000044
1.6526	0.000044
1.6528	0.000044
1.6530	0.000044
1.6532	0.000044
1.6534	0.000044
1.6536	0.000043
1.6538	0.000043
1.6540	0.000043
1.6542	0.000043
1.6544	0.000043
1.6546	0.000043
1.6548	0.000043
1.6550	0.000043
1.6552	0.000043
1.6554	0.000043
1.6556	0.000043
1.6558	0.000043
1.6560	0.000042
1.6562	0.000042
1.6564	0.000042
1.6566	0.000042
1.6568	0.000042
1.6570	0.000042
1.6572	0.000042
1.6574	0.000042
1.6576	0.000042
1.6578	0.000042
1.6580	0.000042
1.6582	0.000042
1.6584	0.000042
1.6586	0.000041
1.6588	0.000041
1.6590	0.000041
1.6592	0.000041
1.6594	0.000041
1.6596	0.000041
1.6598	0.000041
1.6600	0.000041
1.6602	0.000041
1.6604	0.000041
1.6606	0.000041
1.6608	0.000041
1.6610	0.000041
1.6612	0.000041
1.6614	0.000040
1.6616	0.000040
1.6618	0.000040
1.6620	0.000040
1.6622	0.000040
1.6624	0.000040
1.6626	0.000040
1.6628	0.000040
1.6630	0.000040
1.6632	0.000040
1.6634	0.000040
1.6636	0.000040
1.6638	0.000040
1.6640	0.000039
1.6642	0.000039
1.6644	0.000039
1.6646	0.000039
1.6648	0.000039
1.6650	0.000039
1.6652	0.000039
1.6654	0.000039
1.6656	0.000039
1.6658	0.000039
1.6660	0.000039
1.6662	0.000039
1.6664	0.000039
1.6666	0.000039
1.6668	0.000038
1.6670	0.000038
1.6672	0.000038
1.6674	0.000038
1.6676	0.000038
1.6678	0.000038
1.6680	0.000038
1.6682	0.000038
1.6684	0.000038
1.6686	0.000038
1.6688	0.000038
1.6690	0.000038
1.6692	0.000038
1.6694	0.000038
1.6696	0.000038
1.6698	0.000037
1.6700	0.000037
1.6702	0.000037
1.6704	0.000037
1.6706	0.000037
1.6708	0.000037
1.6710	0.000037
1.6712	0.000037
1.6714	0.000037
1.6716	0.000037
1.6718	0.000037
1.6720	0.000037
1.6722	0.000037
1.6724	0.000037
1.6726	0.000036
1.6728	0.000036
1.6730	0.000036
1.6732	0.000036
1.6734	0.000036
1.6736	0.000036
1.6738	0.000036
1.6740	0.000036
1.6742	0.000036
1.6744	0.000036
1.6746	0.000036
1.6748	0.000036
1.6750	0.000036
1.6752	0.000036
1.6754	0.000036
1.6756	0.000035
1.6758	0.000035
1.6760	0.000035
1.6762	0.000035
1.6764	0.000035
1.6766	0.000035
1.6768	0.000035
1.6770	0.000035
1.6772	0.000035
1.6774	0.000035
1.6776	0.000035
1.6778	0.000035
1.6780	0.000035
1.6782	0.000035
1.6784	0.000035
1.6786	0.000035
1.6788	0.000034
1.6790	0.000034
1.6792	0.000034
1.6794	0.000034
1.6796	0.000034
1.6798	0.000034
1.6800	0.000034
1.6802	0.000034
1.6804	0.000034
1.6806	0.000034
1.6808	0.000034
1.6810	0.000034
1.6812	0.000034
1.6814	0.000034
1.6816	0.000034
1.6818	0.000034
1.6820	0.000033
1.6822	0.000033
1.6824	0.000033
1.6826	0.000033
1.6828	0.000033
1.6830	0.000033
1.6832	0.000033
1.6834	0.000033
1.6836	0.000033
1.6838	0.000033
1.6840	0.000033
1.6842	0.000033
1.6844	0.000033
1.6846	0.000033
1.6848	0.000033
1.6850	0.000033
1.6852	0.000032
1.6854	0.000032
1.6856	0.000032
1.6858	0.000032
1.6860	0.000032
1.6862	0.000032
1.6864	0.000032
1.6866	0.000032
1.6868	0.000032
1.6870	0.000032
1.6872	0.000032
1.6874	0.000032
1.6876	0.000032
1.6878	0.000032
1.6880	0.000032
1.6882	0.000032
1.6884	0.000032
1.6886	0.000031
1.6888	0.000031
1.6890	0.000031
1.6892	0.000031
1.6894	0.000031
1.6896	0.000031
1.6898	0.000031
1.6900	0.000031
1.6902	0.000031
1.6904	0.000031
1.6906	0.000031
1.6908	0.000031
1.6910	0.000031
1.6912	0.000031
1.6914	0.000031
1.6916	0.000031
1.6918	0.000031
1.6920	0.000031
1.6922	0.000030
1.6924	0.000030
1.6926	0.000030
1.6928	0.000030
1.6930	0.000030
1.6932	0.000030
1.6934	0.000030
1.6936	0.000030
1.6938	0.000030
1.6940	0.000030
1.6942	0.000030
1.6944	0.000030
1.6946	0.000030
1.6948	0.000030
1.6950	0.000030
1.6952	0.000030
1.6954	0.000030
1.6956	0.000030
1.6958	0.000029
1.6960	0.000029
1.6962	0.000029
1.6964	0.000029
1.6966	0.000029
1.6968	0.000029
1.6970	0.000029
1.6972	0.000029
1.6974	0.000029
1.6976	0.000029
1.6978	0.000029
1.6980	0.000029
1.6982	0.000029
1.6984	0.000029
1.6986	0.000029
1.6988	0.000029
1.6990	0.000029
1.6992	0.000029
1.6994	0.000028
1.6996	0.000028
1.6998	0.000028
1.7000	0.000028
1.7002	0.000028
1.7004	0.000028
1.7006	0.000028
1.7008	0.000028
1.7010	0.000028
1.7012	0.000028
1.7014	0.000028
1.7016	0.000028
1.7018	0.000028
1.7020	0.000028
1.7022	0.000028
1.7024	0.000028
1.7026	0.000028
1.7028	0.000028
1.7030	0.000028
1.7032	0.000027
1.7034	0.000027
1.7036	0.000027
1.7038	0.000027
1.7040	0.000027
1.7042	0.000027
1.7044	0.000027
1.7046	0.000027
1.7048	0.000027
1.7050	0.000027
1.7052	0.000027
1.7054	0.000027
1.7056	0.000027
1.7058	0.000027
1.7060	0.000027
1.7062	0.000027
1.7064	0.000027
1.7066	0.000027
1.7068	0.000027
1.7070	0.000027
1.7072	0.000026
1.7074	0.000026
1.7076	0.000026
1.7078	0.000026
1.7080	0.000026
1.7082	0.000026
1.7084	0.000026
1.7086	0.000026
1.7088	0.000026
1.7090	0.000026
1.7092	0.000026
1.7094	0.000026
1.7096	0.000026
1.7098	0.000026
1.7100	0.000026
1.7102	0.000026
1.7104	0.000026
1.7106	0.000026
1.7108	0.000026
1.7110	0.000026
1.7112	0.000026
1.7114	0.000025
1.7116	0.000025
1.7118	0.000025
1.7120	0.000025
1.7122	0.000025
1.7124	0.000025
1.7126	0.000025
1.7128	0.000025
1.7130	0.000025
1.7132	0.000025
1.7134	0.000025
1.7136	0.000025
1.7138	0.000025
1.7140	0.000025
1.7142	0.000025
1.7144	0.000025
1.7146	0.000025
1.7148	0.000025
1.7150	0.000025
1.7152	0.000025
1.7154	0.000025
1.7156	0.000024
1.7158	0.000024
1.7160	0.000024
1.7162	0.000024
1.7164	0.000024
1.7166	0.000024
1.7168	0.000024
1.7170	0.000024
1.7172	0.000024
1.7174	0.000024
1.7176	0.000024
1.7178	0.000024
1.7180	0.000024
1.7182	0.000024
1.7184	0.000024
1.7186	0.000024
1.7188	0.000024
1.7190	0.000024
1.7192	0.000024
1.7194	0.000024
1.7196	0.000024
1.7198	0.000024
1.7200	0.000023
1.7202	0.000023
1.7204	0.000023
1.7206	0.000023
1.7208	0.000023
1.7210	0.000023
1.7212	0.000023
1.7214	0.000023
1.7216	0.000023
1.7218	0.000023
1.7220	0.000023
1.7222	0.000023
1.7224	0.000023
1.7226	0.000023
1.7228	0.000023
1.7230	0.000023
1.7232	0.000023
1.7234	0.000023
1.7236	0.000023
1.7238	0.000023
1.7240	0.000023
1.7242	0.000023
1.7244	0.000023
1.7246	0.000022
1.7248	0.000022
1.7250	0.000022
1.7252	0.000022
1.7254	0.000022
1.7256	0.000022
1.7258	0.000022
1.7260	0.000022
1.7262	0.000022
1.7264	0.000022
1.7266	0.000022
1.7268	0.000022
1.7270	0.000022
1.7272	0.000022
1.7274	0.000022
1.7276	0.000022
1.7278	0.000022
1.7280	0.000022
1.7282	0.000022
1.7284	0.000022
1.7286	0.000022
1.7288	0.000022
1.7290	0.000022
1.7292	0.000022
1.7294	0.000021
1.7296	0.000021
1.7298	0.000021
1.7300	0.000021
1.7302	0.000021
1.7304	0.000021
1.7306	0.000021
1.7308	0.000021
1.7310	0.000021
1.7312	0.000021
1.7314	0.000021
1.7316	0.000021
1.7318	0.000021
1.7320	0.000021
1.7322	0.000021
1.7324	0.000021
1.7326	0.000021
1.7328	0.000021
1.7330	0.000021
1.7332	0.000021
1.7334	0.000021
1.7336	0.000021
1.7338	0.000021
1.7340	0.000021
1.7342	0.000021
1.7344	0.000020
1.7346	0.000020
1.7348	0.000020
1.7350	0.000020
1.7352	0.000020
1.7354	0.000020
1.7356	0.000020
1.7358	0.000020
1.7360	0.000020
1.7362	0.000020
1.7364	0.000020
1.7366	0.000020
1.7368	0.000020
1.7370	0.000020
1.7372	0.000020
1.7374	0.000020
1.7376	0.000020
1.7378	0.000020
1.7380	0.000020
1.7382	0.000020
1.7384	0.000020
1.7386	0.000020
1.7388	0.000020
1.7390	0.000020
1.7392	0.000020
1.7394	0.000020
1.7396	0.000020
1.7398	0.000019
1.7400	0.000019
1.7402	0.000019
1.7404	0.000019
1.7406	0.000019
1.7408	0.000019
1.7410	0.000019
1.7412	0.000019
1.7414	0.000019
1.7416	0.000019
1.7418	0.000019
1.7420	0.000019
1.7422	0.000019
1.7424	0.000019
1.7426	0.000019
1.7428	0.000019
1.7430	0.000019
1.7432	0.000019
1.7434	0.000019
1.7436	0.000019
1.7438	0.000019
1.7440	0.000019
1.7442	0.000019
1.7444	0.000019
1.7446	0.000019
1.7448	0.000019
1.7450	0.000019
1.7452	0.000018
1.7454	0.000018
1.7456	0.000018
1.7458	0.000018
1.7460	0.000018
1.7462	0.000018
1.7464	0.000018
1.7466	0.000018
1.7468	0.000018
1.7470	0.000018
1.7472	0.000018
1.7474	0.000018
1.7476	0.000018
1.7478	0.000018
1.7480	0.000018
1.7482	0.000018
1.7484	0.000018
1.7486	0.000018
1.7488	0.000018
1.7490	0.000018
1.7492	0.000018
1.7494	0.000018
1.7496	0.000018
1.7498	0.000018
1.7500	0.000018
1.7502	0.000018
1.7504	0.000018
1.7506	0.000018
1.7508	0.000018
1.7510	0.000017
1.7512	0.000017
1.7514	0.000017
1.7516	0.000017
1.7518	0.000017
1.7520	0.000017
1.7522	0.000017
1.7524	0.000017
1.7526	0.000017
1.7528	0.000017
1.7530	0.000017
1.7532	0.000017
1.7534	0.000017
1.7536	0.000017
1.7538	0.000017
1.7540	0.000017
1.7542	0.000017
1.7544	0.000017
1.7546	0.000017
1.7548	0.000017
1.7550	0.000017
1.7552	0.000017
1.7554	0.000017
1.7556	0.000017
1.7558	0.000017
1.7560	0.000017
1.7562	0.000017
1.7564	0.000017
1.7566	0.000017
1.7568	0.000017
1.7570	0.000016
1.7572	0.000016
1.7574	0.000016
1.7576	0.000016
1.7578	0.000016
1.7580	0.000016
1.7582	0.000016
1.7584	0.000016
1.7586	0.000016
1.7588	0.000016
1.7590	0.000016
1.7592	0.000016
1.7594	0.000016
1.7596	0.000016
1.7598	0.000016
1.7600	0.000016
1.7602	0.000016
1.7604	0.000016
1.7606	0.000016
1.7608	0.000016
1.7610	0.000016
1.7612	0.000016
1.7614	0.000016
1.7616	0.000016
1.7618	0.000016
1.7620	0.000016
1.7622	0.000016
1.7624	0.000016
1.7626	0.000016
1.7628	0.000016
1.7630	0.000016
1.7632	0.000016
1.7634	0.000015
1.7636	0.000015
1.7638	0.000015
1.7640	0.000015
1.7642	0.000015
1.7644	0.000015
1.7646	0.000015
1.7648	0.000015
1.7650	0.000015
1.7652	0.000015
1.7654	0.000015
1.7656	0.000015
1.7658	0.000015
1.7660	0.000015
1.7662	0.000015
1.7664	0.000015
1.7666	0.000015
1.7668	0.000015
1.7670	0.000015
1.7672	0.000015
1.7674	0.000015
1.7676	0.000015
1.7678	0.000015
1.7680	0.000015
1.7682	0.000015
1.7684	0.000015
1.7686	0.000015
1.7688	0.000015
1.7690	0.000015
1.7692	0.000015
1.7694	0.000015
1.7696	0.000015
1.7698	0.000015
1.7700	0.000015
1.7702	0.000014
1.7704	0.000014
1.7706	0.000014
1.7708	0.000014
1.7710	0.000014
1.7712	0.000014
1.7714	0.000014
1.7716	0.000014
1.7718	0.000014
1.7720	0.000014
1.7722	0.000014
1.7724	0.000014
1.7726	0.000014
1.7728	0.000014
1.7730	0.000014
1.7732	0.000014
1.7734	0.000014
1.7736	0.000014
1.7738	0.000014
1.7740	0.000014
1.7742	0.000014
1.7744	0.000014
1.7746	0.000014
1.7748	0.000014
1.7750	0.000014
1.7752	0.000014
1.7754	0.000014
1.7756	0.000014
1.7758	0.000014
1.7760	0.000014
1.7762	0.000014
1.7764	0.000014
1.7766	0.000014
1.7768	0.000014
1.7770	0.000014
1.7772	0.000014
1.7774	0.000013
1.7776	0.000013
1.7778	0.000013
1.7780	0.000013
1.7782	0.000013
1.7784	0.000013
1.7786	0.000013
1.7788	0.000013
1.7790	0.000013
1.7792	0.000013
1.7794	0.000013
1.7796	0.000013
1.7798	0.000013
1.7800	0.000013
1.7802	0.000013
1.7804	0.000013
1.7806	0.000013
1.7808	0.000013
1.7810	0.000013
1.7812	0.000013
1.7814	0.000013
1.7816	0.000013
1.7818	0.000013
1.7820	0.000013
1.7822	0.000013
1.7824	0.000013
1.7826	0.000013
1.7828	0.000013
1.7830	0.000013
1.7832	0.000013
1.7834	0.000013
1.7836	0.000013
1.7838	0.000013
1.7840	0.000013
1.7842	0.000013
1.7844	0.000013
1.7846	0.000013
1.7848	0.000013
1.7850	0.000012
1.7852	0.000012
1.7854	0.000012
1.7856	0.000012
1.7858	0.000012
1.7860	0.000012
1.7862	0.000012
1.7864	0.000012
1.7866	0.000012
1.7868	0.000012
1.7870	0.000012
1.7872	0.000012
1.7874	0.000012
1.7876	0.000012
1.7878	0.000012
1.7880	0.000012
1.7882	0.000012
1.7884	0.000012
1.7886	0.000012
1.7888	0.000012
1.7890	0.000012
1.7892	0.000012
1.7894	0.000012
1.7896	0.000012
1.7898	0.000012
1.7900	0.000012
1.7902	0.000012
1.7904	0.000012
1.7906	0.000012
1.7908	0.000012
1.7910	0.000012
1.7912	0.000012
1.7914	0.000012
1.7916	0.000012
1.7918	0.000012
1.7920	0.000012
1.7922	0.000012
1.7924	0.000012
1.7926	0.000012
1.7928	0.000012
1.7930	0.000012
1.7932	0.000011
1.7934	0.000011
1.7936	0.000011
1.7938	0.000011
1.7940	0.000011
1.7942	0.000011
1.7944	0.000011
1.7946	0.000011
1.7948	0.000011
1.7950	0.000011
1.7952	0.000011
1.7954	0.000011
1.7956	0.000011
1.7958	0.000011
1.7960	0.000011
1.7962	0.000011
1.7964	0.000011
1.7966	0.000011
1.7968	0.000011
1.7970	0.000011
1.7972	0.000011
1.7974	0.000011
1.7976	0.000011
1.7978	0.000011
1.7980	0.000011
1.7982	0.000011
1.7984	0.000011
1.7986	0.000011
1.7988	0.000011
1.7990	0.000011
1.7992	0.000011
1.7994	0.000011
1.7996	0.000011
1.7998	0.000011
1.8000	0.000011
1.8002	0.000011
1.8004	0.000011
1.8006	0.000011
1.8008	0.000011
1.8010	0.000011
1.8012	0.000011
1.8014	0.000011
1.8016	0.000011
1.8018	0.000011
1.8020	0.000010
1.8022	0.000010
1.8024	0.000010
1.8026	0.000010
1.8028	0.000010
1.8030	0.000010
1.8032	0.000010
1.8034	0.000010
1.8036	0.000010
1.8038	0.000010
1.8040	0.000010
1.8042	0.000010
1.8044	0.000010
1.8046	0.000010
1.8048	0.000010
1.8050	0.000010
1.8052	0.000010
1.8054	0.000010
1.8056	0.000010
1.8058	0.000010
1.8060	0.000010
1.8062	0.000010
1.8064	0.000010
1.8066	0.000010
1.8068	0.000010
1.8070	0.000010
1.8072	0.000010
1.8074	0.000010
1.8076	0.000010
1.8078	0.000010
1.8080	0.000010
1.8082	0.000010
1.8084	0.000010
1.8086	0.000010
1.8088	0.000010
1.8090	0.000010
1.8092	0.000010
1.8094	0.000010
1.8096	0.000010
1.8098	0.000010
1.8100	0.000010
1.8102	0.000010
1.8104	0.000010
1.8106	0.000010
1.8108	0.000010
1.8110	0.000010
1.8112	0.000010
1.8114	0.000009
1.8116	0.000009
1.8118	0.000009
1.8120	0.000009
1.8122	0.000009
1.8124	0.000009
1.8126	0.000009
1.8128	0.000009
1.8130	0.000009
1.8132	0.000009
1.8134	0.000009
1.8136	0.000009
1.8138	0.000009
1.8140	0.000009
1.8142	0.000009
1.8144	0.000009
1.8146	0.000009
1.8148	0.000009
1.8150	0.000009
1.8152	0.000009
1.8154	0.000009
1.8156	0.000009
1.8158	0.000009
1.8160	0.000009
1.8162	0.000009
1.8164	0.000009
1.8166	0.000009
1.8168	0.000009
1.8170	0.000009
1.8172	0.000009
1.8174	0.000009
1.8176	0.000009
1.8178	0.000009
1.8180	0.000009
1.8182	0.000009
1.8184	0.000009
1.8186	0.000009
1.8188	0.000009
1.8190	0.000009
1.8192	0.000009
1.8194	0.000009
1.8196	0.000009
1.8198	0.000009
1.8200	0.000009
1.8202	0.000009
1.8204	0.000009
1.8206	0.000009
1.8208	0.000009
1.8210	0.000009
1.8212	0.000009
1.8214	0.000009
1.8216	0.000009
1.8218	0.000008
1.8220	0.000008
1.8222	0.000008
1.8224	0.000008
1.8226	0.000008
1.8228	0.000008
1.8230	0.000008
1.8232	0.000008
1.8234	0.000008
1.8236	0.000008
1.8238	0.000008
1.8240	0.000008
1.8242	0.000008
1.8244	0.000008
1.8246	0.000008
1.8248	0.000008
1.8250	0.000008
1.8252	0.000008
1.8254	0.000008
1.8256	0.000008
1.8258	0.000008
1.8260	0.000008
1.8262	0.000008
1.8264	0.000008
1.8266	0.000008
1.8268	0.000008
1.8270	0.000008
1.8272	0.000008
1.8274	0.000008
1.8276	0.000008
1.8278	0.000008
1.8280	0.000008
1.8282	0.000008
1.8284	0.000008
1.8286	0.000008
1.8288	0.000008
1.8290	0.000008
1.8292	0.000008
1.8294	0.000008
1.8296	0.000008
1.8298	0.000008
1.8300	0.000008
1.8302	0.000008
1.8304	0.000008
1.8306	0.000008
1.8308	0.000008
1.8310	0.000008
1.8312	0.000008
1.8314	0.000008
1.8316	0.000008
1.8318	0.000008
1.8320	0.000008
1.8322	0.000008
1.8324	0.000008
1.8326	0.000008
1.8328	0.000008
1.8330	0.000007
1.8332	0.000007
1.8334	0.000007
1.8336	0.000007
1.8338	0.000007
1.8340	0.000007
1.8342	0.000007
1.8344	0.000007
1.8346	0.000007
1.8348	0.000007
1.8350	0.000007
1.8352	0.000007
1.8354	0.000007
1.8356	0.000007
1.8358	0.000007
1.8360	0.000007
1.8362	0.000007
1.8364	0.000007
1.8366	0.000007
1.8368	0.000007
1.8370	0.000007
1.8372	0.000007
1.8374	0.000007
1.8376	0.000007
1.8378	0.000007
1.8380	0.000007
1.8382	0.000007
1.8384	0.000007
1.8386	0.000007
1.8388	0.000007
1.8390	0.000007
1.8392	0.000007
1.8394	0.000007
1.8396	0.000007
1.8398	0.000007
1.8400	0.000007
1.8402	0.000007
1.8404	0.000007
1.8406	0.000007
1.8408	0.000007
1.8410	0.000007
1.8412	0.000007
1.8414	0.000007
1.8416	0.000007
1.8418	0.000007
1.8420	0.000007
1.8422	0.000007
1.8424	0.000007
1.8426	0.000007
1.8428	0.000007
1.8430	0.000007
1.8432	0.000007
1.8434	0.000007
1.8436	0.000007
1.8438	0.000007
1.8440	0.000007
1.8442	0.000007
1.8444	0.000007
1.8446	0.000007
1.8448	0.000007
1.8450	0.000007
1.8452	0.000007
1.8454	0.000007
1.8456	0.000006
1.8458	0.000006
1.8460	0.000006
1.8462	0.000006
1.8464	0.000006
1.8466	0.000006
1.8468	0.000006
1.8470	0.000006
1.8472	0.000006
1.8474	0.000006
1.8476	0.000006
1.8478	0.000006
1.8480	0.000006
1.8482	0.000006
1.8484	0.000006
1.8486	0.000006
1.8488	0.000006
1.8490	0.000006
1.8492	0.000006
1.8494	0.000006
1.8496	0.000006
1.8498	0.000006
1.8500	0.000006
1.8502	0.000006
1.8504	0.000006
1.8506	0.000006
1.8508	0.000006
1.8510	0.000006
1.8512	0.000006
1.8514	0.000006
1.8516	0.000006
1.8518	0.000006
1.8520	0.000006
1.8522	0.000006
1.8524	0.000006
1.8526	0.000006
1.8528	0.000006
1.8530	0.000006
1.8532	0.000006
1.8534	0.000006
1.8536	0.000006
1.8538	0.000006
1.8540	0.000006
1.8542	0.000006
1.8544	0.000006
1.8546	0.000006
1.8548	0.000006
1.8550	0.000006
1.8552	0.000006
1.8554	0.000006
1.8556	0.000006
1.8558	0.000006
1.8560	0.000006
1.8562	0.000006
1.8564	0.000006
1.8566	0.000006
1.8568	0.000006
1.8570	0.000006
1.8572	0.000006
1.8574	0.000006
1.8576	0.000006
1.8578	0.000006
1.8580	0.000006
1.8582	0.000006
1.8584	0.000006
1.8586	0.000006
1.8588	0.000006
1.8590	0.000006
1.8592	0.000006
1.8594	0.000006
1.8596	0.000005
1.8598	0.000005
1.8600	0.000005
1.8602	0.000005
1.8604	0.000005
1.8606	0.000005
1.8608	0.000005
1.8610	0.000005
1.8612	0.000005
1.8614	0.000005
1.8616	0.000005
1.8618	0.000005
1.8620	0.000005
1.8622	0.000005
1.8624	0.000005
1.8626	0.000005
1.8628	0.000005
1.8630	0.000005
1.8632	0.000005
1.8634	0.000005
1.8636	0.000005
1.8638	0.000005
1.8640	0.000005
1.8642	0.000005
1.8644	0.000005
1.8646	0.000005
1.8648	0.000005
1.8650	0.000005
1.8652	0.000005
1.8654	0.000005
1.8656	0.000005
1.8658	0.000005
1.8660	0.000005
1.8662	0.000005
1.8664	0.000005
1.8666	0.000005
1.8668	0.000005
1.8670	0.000005
1.8672	0.000005
1.8674	0.000005
1.8676	0.000005
1.8678	0.000005
1.8680	0.000005
1.8682	0.000005
1.8684	0.000005
1.8686	0.000005
1.8688	0.000005
1.8690	0.000005
1.8692	0.000005
1.8694	0.000005
1.8696	0.000005
1.8698	0.000005
1.8700	0.000005
1.8702	0.000005
1.8704	0.000005
1.8706	0.000005
1.8708	0.000005
1.8710	0.000005
1.8712	0.000005
1.8714	0.000005
1.8716	0.000005
1.8718	0.000005
1.8720	0.000005
1.8722	0.000005
1.8724	0.000005
1.8726	0.000005
1.8728	0.000005
1.8730	0.000005
1.8732	0.000005
1.8734	0.000005
1.8736	0.000005
1.8738	0.000005
1.8740	0.000005
1.8742	0.000005
1.8744	0.000005
1.8746	0.000005
1.8748	0.000005
1.8750	0.000005
1.8752	0.000005
1.8754	0.000004
1.8756	0.000004
1.8758	0.000004
1.8760	0.000004
1.8762	0.000004
1.8764	0.000004
1.8766	0.000004
1.8768	0.000004
1.8770	0.000004
1.8772	0.000004
1.8774	0.000004
1.8776	0.000004
1.8778	0.000004
1.8780	0.000004
1.8782	0.000004
1.8784	0.000004
1.8786	0.000004
1.8788	0.000004
1.8790	0.000004
1.8792	0.000004
1.8794	0.000004
1.8796	0.000004
1.8798	0.000004
1.8800	0.000004
1.8802	0.000004
1.8804	0.000004
1.8806	0.000004
1.8808	0.000004
1.8810	0.000004
1.8812	0.000004
1.8814	0.000004
1.8816	0.000004
1.8818	0.000004
1.8820	0.000004
1.8822	0.000004
1.8824	0.000004
1.8826	0.000004
1.8828	0.000004
1.8830	0.000004
1.8832	0.000004
1.8834	0.000004
1.8836	0.000004
1.8838	0.000004
1.8840	0.000004
1.8842	0.000004
1.8844	0.000004
1.8846	0.000004
1.8848	0.000004
1.8850	0.000004
1.8852	0.000004
1.8854	0.000004
1.8856	0.000004
1.8858	0.000004
1.8860	0.000004
1.8862	0.000004
1.8864	0.000004
1.8866	0.000004
1.8868	0.000004
1.8870	0.000004
1.8872	0.000004
1.8874	0.000004
1.8876	0.000004
1.8878	0.000004
1.8880	0.000004
1.8882	0.000004
1.8884	0.000004
1.8886	0.000004
1.8888	0.000004
1.8890	0.000004
1.8892	0.000004
1.8894	0.000004
1.8896	0.000004
1.8898	0.000004
1.8900	0.000004
1.8902	0.000004
1.8904	0.000004
1.8906	0.000004
1.8908	0.000004
1.8910	0.000004
1.8912	0.000004
1.8914	0.000004
1.8916	0.000004
1.8918	0.000004
1.8920	0.000004
1.8922	0.000004
1.8924	0.000004
1.8926	0.000004
1.8928	0.000004
1.8930	0.000004
1.8932	0.000004
1.8934	0.000004
1.8936	0.000004
1.8938	0.000003
1.8940	0.000003
1.8942	0.000003
1.8944	0.000003
1.8946	0.000003
1.8948	0.000003
1.8950	0.000003
1.8952	0.000003
1.8954	0.000003
1.8956	0.000003
1.8958	0.000003
1.8960	0.000003
1.8962	0.000003
1.8964	0.000003
1.8966	0.000003
1.8968	0.000003
1.8970	0.000003
1.8972	0.000003
1.8974	0.000003
1.8976	0.000003
1.8978	0.000003
1.8980	0.000003
1.8982	0.000003
1.8984	0.000003
1.8986	0.000003
1.8988	0.000003
1.8990	0.000003
1.8992	0.000003
1.8994	0.000003
1.8996	0.000003
1.8998	0.000003
1.9000	0.000003
1.9002	0.000003
1.9004	0.000003
1.9006	0.000003
1.9008	0.000003
1.9010	0.000003
1.9012	0.000003
1.9014	0.000003
1.9016	0.000003
1.9018	0.000003
1.9020	0.000003
1.9022	0.000003
1.9024	0.000003
1.9026	0.000003
1.9028	0.000003
1.9030	0.000003
1.9032	0.000003
1.9034	0.000003
1.9036	0.000003
1.9038	0.000003
1.9040	0.000003
1.9042	0.000003
1.9044	0.000003
1.9046	0.000003
1.9048	0.000003
1.9050	0.000003
1.9052	0.000003
1.9054	0.000003
1.9056	0.000003
1.9058	0.000003
1.9060	0.000003
1.9062	0.000003
1.9064	0.000003
1.9066	0.000003
1.9068	0.000003
1.9070	0.000003
1.9072	0.000003
1.9074	0.000003
1.9076	0.000003
1.9078	0.000003
1.9080	0.000003
1.9082	0.000003
1.9084	0.000003
1.9086	0.000003
1.9088	0.000003
1.9090	0.000003
1.9092	0.000003
1.9094	0.000003
1.9096	0.000003
1.9098	0.000003
1.9100	0.000003
1.9102	0.000003
1.9104	0.000003
1.9106	0.000003
1.9108	0.000003
1.9110	0.000003
1.9112	0.000003
1.9114	0.000003
1.9116	0.000003
1.9118	0.000003
1.9120	0.000003
1.9122	0.000003
1.9124	0.000003
1.9126	0.000003
1.9128	0.000003
1.9130	0.000003
1.9132	0.000003
1.9134	0.000003
1.9136	0.000003
1.9138	0.000003
1.9140	0.000003
1.9142	0.000003
1.9144	0.000003
1.9146	0.000003
1.9148	0.000003
1.9150	0.000003
1.9152	0.000003
1.9154	0.000003
1.9156	0.000002
1.9158	0.000002
1.9160	0.000002
1.9162	0.000002
1.9164	0.000002
1.9166	0.000002
1.9168	0.000002
1.9170	0.000002
1.9172	0.000002
1.9174	0.000002
1.9176	0.000002
1.9178	0.000002
1.9180	0.000002
1.9182	0.000002
1.9184	0.000002
1.9186	0.000002
1.9188	0.000002
1.9190	0.000002
1.9192	0.000002
1.9194	0.000002
1.9196	0.000002
1.9198	0.000002
1.9200	0.000002
1.9202	0.000002
1.9204	0.000002
1.9206	0.000002
1.9208	0.000002
1.9210	0.000002
1.9212	0.000002
1.9214	0.000002
1.9216	0.000002
1.9218	0.000002
1.9220	0.000002
1.9222	0.000002
1.9224	0.000002
1.9226	0.000002
1.9228	0.000002
1.9230	0.000002
1.9232	0.000002
1.9234	0.000002
1.9236	0.000002
1.9238	0.000002
1.9240	0.000002
1.9242	0.000002
1.9244	0.000002
1.9246	0.000002
1.9248	0.000002
1.9250	0.000002
1.9252	0.000002
1.9254	0.000002
1.9256	0.000002
1.9258	0.000002
1.9260	0.000002
1.9262	0.000002
1.9264	0.000002
1.9266	0.000002
1.9268	0.000002
1.9270	0.000002
1.9272	0.000002
1.9274	0.000002
1.9276	0.000002
1.9278	0.000002
1.9280	0.000002
1.9282	0.000002
1.9284	0.000002
1.9286	0.000002
1.9288	0.000002
1.9290	0.000002
1.9292	0.000002
1.9294	0.000002
1.9296	0.000002
1.9298	0.000002
1.9300	0.000002
1.9302	0.000002
1.9304	0.000002
1.9306	0.000002
1.9308	0.000002
1.9310	0.000002
1.9312	0.000002
1.9314	0.000002
1.9316	0.000002
1.9318	0.000002
1.9320	0.000002
1.9322	0.000002
1.9324	0.000002
1.9326	0.000002
1.9328	0.000002
1.9330	0.000002
1.9332	0.000002
1.9334	0.000002
1.9336	0.000002
1.9338	0.000002
1.9340	0.000002
1.9342	0.000002
1.9344	0.000002
1.9346	0.000002
1.9348	0.000002
1.9350	0.000002
1.9352	0.000002
1.9354	0.000002
1.9356	0.000002
1.9358	0.000002
1.9360	0.000002
1.9362	0.000002
1.9364	0.000002
1.9366	0.000002
1.9368	0.000002
1.9370	0.000002
1.9372	0.000002
1.9374	0.000002
1.9376	0.000002
1.9378	0.000002
1.9380	0.000002
1.9382	0.000002
1.9384	0.000002
1.9386	0.000002
1.9388	0.000002
1.9390	0.000002
1.9392	0.000002
1.9394	0.000002
1.9396	0.000002
1.9398	0.000002
1.9400	0.000002
1.9402	0.000002
1.9404	0.000002
1.9406	0.000002
1.9408	0.000002
1.9410	0.000002
1.9412	0.000002
1.9414	0.000002
1.9416	0.000002
1.9418	0.000002
1.9420	0.000002
1.9422	0.000002
1.9424	0.000001
1.9426	0.000001
1.9428	0.000001
1.9430	0.000001
1.9432	0.000001
1.9434	0.000001
1.9436	0.000001
1.9438	0.000001
1.9440	0.000001
1.9442	0.000001
1.9444	0.000001
1.9446	0.000001
1.9448	0.000001
1.9450	0.000001
1.9452	0.000001
1.9454	0.000001
1.9456	0.000001
1.9458	0.000001
1.9460	0.000001
1.9462	0.000001
1.9464	0.000001
1.9466	0.000001
1.9468	0.000001
1.9470	0.000001
1.9472	0.000001
1.9474	0.000001
1.9476	0.000001
1.9478	0.000001
1.9480	0.000001
1.9482	0.000001
1.9484	0.000001
1.9486	0.000001
1.9488	0.000001
1.9490	0.000001
1.9492	0.000001
1.9494	0.000001
1.9496	0.000001
1.9498	0.000001
1.9500	0.000001
1.9502	0.000001
1.9504	0.000001
1.9506	0.000001
1.9508	0.000001
1.9510	0.000001
1.9512	0.000001
1.9514	0.000001
1.9516	0.000001
1.9518	0.000001
1.9520	0.000001
1.9522	0.000001
1.9524	0.000001
1.9526	0.000001
1.9528	0.000001
1.9530	0.000001
1.9532	0.000001
1.9534	0.000001
1.9536	0.000001
1.9538	0.000001
1.9540	0.000001
1.9542	0.000001
1.9544	0.000001
1.9546	0.000001
1.9548	0.000001
1.9550	0.000001
1.9552	0.000001
1.9554	0.000001
1.9556	0.000001
1.9558	0.000001
1.9560	0.000001
1.9562	0.000001
1.9564	0.000001
1.9566	0.000001
1.9568	0.000001
1.9570	0.000001
1.9572	0.000001
1.9574	0.000001
1.9576	0.000001
1.9578	0.000001
1.9580	0.000001
1.9582	0.000001
1.9584	0.000001
1.9586	0.000001
1.9588	0.000001
1.9590	0.000001
1.9592	0.000001
1.9594	0.000001
1.9596	0.000001
1.9598	0.000001
1.9600	0.000001
1.9602	0.000001
1.9604	0.000001
1.9606	0.000001
1.9608	0.000001
1.9610	0.000001
1.9612	0.000001
1.9614	0.000001
1.9616	0.000001
1.9618	0.000001
1.9620	0.000001
1.9622	0.000001
1.9624	0.000001
1.9626	0.000001
1.9628	0.000001
1.9630	0.000001
1.9632	0.000001
1.9634	0.000001
1.9636	0.000001
1.9638	0.000001
1.9640	0.000001
1.9642	0.000001
1.9644	0.000001
1.9646	0.000001
1.9648	0.000001
1.9650	0.000001
1.9652	0.000001
1.9654	0.000001
1.9656	0.000001
1.9658	0.000001
1.9660	0.000001
1.9662	0.000001
1.9664	0.000001
1.9666	0.000001
1.9668	0.000001
1.9670	0.000001
1.9672	0.000001
1.9674	0.000001
1.9676	0.000001
1.9678	0.000001
1.9680	0.000001
1.9682	0.000001
1.9684	0.000001
1.9686	0.000001
1.9688	0.000001
1.9690	0.000001
1.9692	0.000001
1.9694	0.000001
1.9696	0.000001
1.9698	0.000001
1.9700	0.000001
1.9702	0.000001
1.9704	0.000001
1.9706	0.000001
1.9708	0.000001
1.9710	0.000001
1.9712	0.000001
1.9714	0.000001
1.9716	0.000001
1.9718	0.000001
1.9720	0.000001
1.9722	0.000001
1.9724	0.000001
1.9726	0.000001
1.9728	0.000001
1.9730	0.000001
1.9732	0.000001
1.9734	0.000001
1.9736	0.000001
1.9738	0.000001
1.9740	0.000001
1.9742	0.000001
1.9744	0.000001
1.9746	0.000001
1.9748	0.000001
1.9750	0.000001
1.9752	0.000001
1.9754	0.000001
1.9756	0.000001
1.9758	0.000001
1.9760	0.000001
1.9762	0.000001
1.9764	0.000001
1.9766	0.000001
1.9768	0.000001
1.9770	0.000001
1.9772	0.000001
1.9774	0.000000
1.9776	0.000000
1.9778	0.000000
1.9780	0.000000
1.9782	0.000000
1.9784	0.000000
1.9786	0.000000
1.9788	0.000000
1.9790	0.000000
1.9792	0.000000
1.9794	0.000000
1.9796	0.000000
1.9798	0.000000
1.9800	0.000000
1.9802	0.000000
1.9804	0.000000
1.9806	0.000000
1.9808	0.000000
1.9810	0.000000
1.9812	0.000000
1.9814	0.000000
1.9816	0.000000
1.9818	0.000000
1.9820	0.000000
1.9822	0.000000
1.9824	0.000000
1.9826	0.000000
1.9828	0.000000
1.9830	0.000000
1.9832	0.000000
1.9834	0.000000
1.9836	0.000000
1.9838	0.000000
1.9840	0.000000
1.9842	0.000000
1.9844	0.000000
1.9846	0.000000
1.9848	0.000000
1.9850	0.000000
1.9852	0.000000
1.9854	0.000000
1.9856	0.000000
1.9858	0.000000
1.9860	0.000000
1.9862	0.000000
1.9864	0.000000
1.9866	0.000000
1.9868	0.000000
1.9870	0.000000
1.9872	0.000000
1.9874	0.000000
1.9876	0.000000
1.9878	0.000000
1.9880	0.000000
1.9882	0.000000
1.9884	0.000000
1.9886	0.000000
1.9888	0.000000
1.9890	0.000000
1.9892	0.000000
1.9894	0.000000
1.9896	0.000000
1.9898	0.000000
1.9900	0.000000
1.9902	0.000000
1.9904	0.000000
1.9906	0.000000
1.9908	0.000000
1.9910	0.000000
1.9912	0.000000
1.9914	0.000000
1.9916	0.000000
1.9918	0.000000
1.9920	0.000000
1.9922	0.000000
1.9924	0.000000
1.9926	0.000000
1.9928	0.000000
1.9930	0.000000
1.9932	0.000000
1.9934	0.000000
1.9936	0.000000
1.9938	0.000000
1.9940	0.000000
1.9942	0.000000
1.9944	0.000000
1.9946	0.000000
1.9948	0.000000
1.9950	0.000000
1.9952	0.000000
1.9954	0.000000
1.9956	0.000000
1.9958	0.000000
1.9960	0.000000
1.9962	0.000000
1.9964	0.000000
1.9966	0.000000
1.9968	0.000000
1.9970	0.000000
1.9972	0.000000
1.9974	0.000000
1.9976	0.000000
1.9978	0.000000
1.9980	0.000000
1.9982	0.000000
1.9984	0.000000
1.9986	0.000000
1.9988	0.000000
1.9990	0.000000
1.9992	0.000000
1.9994	0.000000
1.9996	0.000000
1.9998	0.000000
2.0000	0.000000
