-2.0000	0.000000
-1.9998	0.000000
-1.9996	0.000000
-1.9994	0.000000
-1.9992	0.000000
-1.9990	0.000000
-1.9988	0.000000
-1.9986	0.000000
-1.9984	0.000000
-1.9982	0.000000
-1.9980	0.000000
-1.9978	0.000000
-1.9976	0.000000
-1.9974	0.000000
-1.9972	0.000000
-1.9970	0.000000
-1.9968	0.000000
-1.9966	0.000000
-1.9964	0.000000
-1.9962	0.000000
-1.9960	0.000000
-1.9958	0.000000
-1.9956	0.000000
-1.9954	0.000000
-1.9952	0.000000
-1.9950	0.000000
-1.9948	0.000000
-1.9946	0.000000
-1.9944	0.000000
-1.9942	0.000000
-1.9940	0.000000
-1.9938	0.000001
-1.9936	0.000001
-1.9934	0.000001
-1.9932	0.000001
-1.9930	0.000001
-1.9928	0.000001
-1.9926	0.000001
-1.9924	0.000001
-1.9922	0.000001
-1.9920	0.000001
-1.9918	0.000001
-1.9916	0.000001
-1.9914	0.000001
-1.9912	0.000001
-1.9910	0.000001
-1.9908	0.000001
-1.9906	0.000001
-1.9904	0.000001
-1.9902	0.000001
-1.9900	0.000001
-1.9898	0.000001
-1.9896	0.000001
-1.9894	0.000001
-1.9892	0.000001
-1.9890	0.000001
-1.9888	0.000001
-1.9886	0.000001
-1.9884	0.000001
-1.9882	0.000001
-1.9880	0.000001
-1.9878	0.000001
-1.9876	0.000001
-1.9874	0.000001
-1.9872	0.000001
-1.9870	0.000001
-1.9868	0.000001
-1.9866	0.000001
-1.9864	0.000001
-1.9862	0.000001
-1.9860	0.000001
-1.9858	0.000001
-1.9856	0.000001
-1.9854	0.000001
-1.9852	0.000001
-1.9850	0.000001
-1.9848	0.000001
-1.9846	0.000001
-1.9844	0.000001
-1.9842	0.000001
-1.9840	0.000001
-1.9838	0.000001
-1.9836	0.000001
-1.9834	0.000001
-1.9832	0.000001
-1.9830	0.000001
-1.9828	0.000001
-1.9826	0.000001
-1.9824	0.000001
-1.9822	0.000002
-1.9820	0.000002
-1.9818	0.000002
-1.9816	0.000002
-1.9814	0.000002
-1.9812	0.000002
-1.9810	0.000002
-1.9808	0.000002
-1.9806	0.000002
-1.9804	0.000002
-1.9802	0.000002
-1.9800	0.000002
-1.9798	0.000002
-1.9796	0.000002
-1.9794	0.000002
-1.9792	0.000002
-1.9790	0.000002
-1.9788	0.000002
-1.9786	0.000002
-1.9784	0.000002
-1.9782	0.000002
-1.9780	0.000002
-1.9778	0.000002
-1.9776	0.000002
-1.9774	0.000002
-1.9772	0.000002
-1.9770	0.000002
-1.9768	0.000002
-1.9766	0.000002
-1.9764	0.000002
-1.9762	0.000002
-1.9760	0.000002
-1.9758	0.000002
-1.9756	0.000002
-1.9754	0.000002
-1.9752	0.000002
-1.9750	0.000002
-1.9748	0.000002
-1.9746	0.000002
-1.9744	0.000002
-1.9742	0.000002
-1.9740	0.000002
-1.9738	0.000002
-1.9736	0.000002
-1.9734	0.000002
-1.9732	0.000002
-1.9730	0.000002
-1.9728	0.000002
-1.9726	0.000002
-1.9724	0.000002
-1.9722	0.000002
-1.9720	0.000002
-1.9718	0.000002
-1.9716	0.000002
-1.9714	0.000003
-1.9712	0.000003
-1.9710	0.000003
-1.9708	0.000003
-1.9706	0.000003
-1.9704	0.000003
-1.9702	0.000003
-1.9700	0.000003
-1.9698	0.000003
-1.9696	0.000003
-1.9694	0.000003
-1.9692	0.000003
-1.9690	0.000003
-1.9688	0.000003
-1.9686	0.000003
-1.9684	0.000003
-1.9682	0.000003
-1.9680	0.000003
-1.9678	0.000003
-1.9676	0.000003
-1.9674	0.000003
-1.9672	0.000003
-1.9670	0.000003
-1.9668	0.000003
-1.9666	0.000003
-1.9664	0.000003
-1.9662	0.000003
-1.9660	0.000003
-1.9658	0.000003
-1.9656	0.000003
-1.9654	0.000003
-1.9652	0.000003
-1.9650	0.000003
-1.9648	0.000003
-1.9646	0.000003
-1.9644	0.000003
-1.9642	0.000003
-1.9640	0.000003
-1.9638	0.000003
-1.9636	0.000003
-1.9634	0.000003
-1.9632	0.000003
-1.9630	0.000003
-1.9628	0.000003
-1.9626	0.000003
-1.9624	0.000003
-1.9622	0.000003
-1.9620	0.000003
-1.9618	0.000003
-1.9616	0.000003
-1.9614	0.000004
-1.9612	0.000004
-1.9610	0.000004
-1.9608	0.000004
-1.9606	0.000004
-1.9604	0.000004
-1.9602	0.000004
-1.9600	0.000004
-1.9598	0.000004
-1.9596	0.000004
-1.9594	0.000004
-1.9592	0.000004
-1.9590	0.000004
-1.9588	0.000004
-1.9586	0.000004
-1.9584	0.000004
-1.9582	0.000004
-1.9580	0.000004
-1.9578	0.000004
-1.9576	0.000004
-1.9574	0.000004
-1.9572	0.000004
-1.9570	0.000004
-1.9568	0.000004
-1.9566	0.000004
-1.9564	0.000004
-1.9562	0.000004
-1.9560	0.000004
-1.9558	0.000004
-1.9556	0.000004
-1.9554	0.000004
-1.9552	0.000004
-1.9550	0.000004
-1.9548	0.000004
-1.9546	0.000004
-1.9544	0.000004
-1.9542	0.000004
-1.9540	0.000004
-1.9538	0.000004
-1.9536	0.000004
-1.9534	0.000004
-1.9532	0.000004
-1.9530	0.000004
-1.9528	0.000004
-1.9526	0.000004
-1.9524	0.000004
-1.9522	0.000005
-1.9520	0.000005
-1.9518	0.000005
-1.9516	0.000005
-1.9514	0.000005
-1.9512	0.000005
-1.9510	0.000005
-1.9508	0.000005
-1.9506	0.000005
-1.9504	0.000005
-1.9502	0.000005
-1.9500	0.000005
-1.9498	0.000005
-1.9496	0.000005
-1.9494	0.000005
-1.9492	0.000005
-1.9490	0.000005
-1.9488	0.000005
-1.9486	0.000005
-1.9484	0.000005
-1.9482	0.000005
-1.9480	0.000005
-1.9478	0.000005
-1.9476	0.000005
-1.9474	0.000005
-1.9472	0.000005
-1.9470	0.000005
-1.9468	0.000005
-1.9466	0.000005
-1.9464	0.000005
-1.9462	0.000005
-1.9460	0.000005
-1.9458	0.000005
-1.9456	0.000005
-1.9454	0.000005
-1.9452	0.000005
-1.9450	0.000005
-1.9448	0.000005
-1.9446	0.000005
-1.9444	0.000005
-1.9442	0.000005
-1.9440	0.000005
-1.9438	0.000005
-1.9436	0.000005
-1.9434	0.000006
-1.9432	0.000006
-1.9430	0.000006
-1.9428	0.000006
-1.9426	0.000006
-1.9424	0.000006
-1.9422	0.000006
-1.9420	0.000006
-1.9418	0.000006
-1.9416	0.000006
-1.9414	0.000006
-1.9412	0.000006
-1.9410	0.000006
-1.9408	0.000006
-1.9406	0.000006
-1.9404	0.000006
-1.9402	0.000006
-1.9400	0.000006
-1.9398	0.000006
-1.9396	0.000006
-1.9394	0.000006
-1.9392	0.000006
-1.9390	0.000006
-1.9388	0.000006
-1.9386	0.000006
-1.9384	0.000006
-1.9382	0.000006
-1.9380	0.000006
-1.9378	0.000006
-1.9376	0.000006
-1.9374	0.000006
-1.9372	0.000006
-1.9370	0.000006
-1.9368	0.000006
-1.9366	0.000006
-1.9364	0.000006
-1.9362	0.000006
-1.9360	0.000006
-1.9358	0.000006
-1.9356	0.000006
-1.9354	0.000006
-1.9352	0.000007
-1.9350	0.000007
-1.9348	0.000007
-1.9346	0.000007
-1.9344	0.000007
-1.9342	0.000007
-1.9340	0.000007
-1.9338	0.000007
-1.9336	0.000007
-1.9334	0.000007
-1.9332	0.000007
-1.9330	0.000007
-1.9328	0.000007
-1.9326	0.000007
-1.9324	0.000007
-1.9322	0.000007
-1.9320	0.000007
-1.9318	0.000007
-1.9316	0.000007
-1.9314	0.000007
-1.9312	0.000007
-1.9310	0.000007
-1.9308	0.000007
-1.9306	0.000007
-1.9304	0.000007
-1.9302	0.000007
-1.9300	0.000007
-1.9298	0.000007
-1.9296	0.000007
-1.9294	0.000007
-1.9292	0.000007
-1.9290	0.000007
-1.9288	0.000007
-1.9286	0.000007
-1.9284	0.000007
-1.9282	0.000007
-1.9280	0.000007
-1.9278	0.000007
-1.9276	0.000007
-1.9274	0.000008
-1.9272	0.000008
-1.9270	0.000008
-1.9268	0.000008
-1.9266	0.000008
-1.9264	0.000008
-1.9262	0.000008
-1.9260	0.000008
-1.9258	0.000008
-1.9256	0.000008
-1.9254	0.000008
-1.9252	0.000008
-1.9250	0.000008
-1.9248	0.000008
-1.9246	0.000008
-1.9244	0.000008
-1.9242	0.000008
-1.9240	0.000008
-1.9238	0.000008
-1.9236	0.000008
-1.9234	0.000008
-1.9232	0.000008
-1.9230	0.000008
-1.9228	0.000008
-1.9226	0.000008
-1.9224	0.000008
-1.9222	0.000008
-1.9220	0.000008
-1.9218	0.000008
-1.9216	0.000008
-1.9214	0.000008
-1.9212	0.000008
-1.9210	0.000008
-1.9208	0.000008
-1.9206	0.000008
-1.9204	0.000008
-1.9202	0.000008
-1.9200	0.000009
-1.9198	0.000009
-1.9196	0.000009
-1.9194	0.000009
-1.9192	0.000009
-1.9190	0.000009
-1.9188	0.000009
-1.9186	0.000009
-1.9184	0.000009
-1.9182	0.000009
-1.9180	0.000009
-1.9178	0.000009
-1.9176	0.000009
-1.9174	0.000009
-1.9172	0.000009
-1.9170	0.000009
-1.9168	0.000009
-1.9166	0.000009
-1.9164	0.000009
-1.9162	0.000009
-1.9160	0.000009
-1.9158	0.000009
-1.9156	0.000009
-1.9154	0.000009
-1.9152	0.000009
-1.9150	0.000009
-1.9148	0.000009
-1.9146	0.000009
-1.9144	0.000009
-1.9142	0.000009
-1.9140	0.000009
-1.9138	0.000009
-1.9136	0.000009
-1.9134	0.000009
-1.9132	0.000009
-1.9130	0.000010
-1.9128	0.000010
-1.9126	0.000010
-1.9124	0.000010
-1.9122	0.000010
-1.9120	0.000010
-1.9118	0.000010
-1.9116	0.000010
-1.9114	0.000010
-1.9112	0.000010
-1.9110	0.000010
-1.9108	0.000010
-1.9106	0.000010
-1.9104	0.000010
-1.9102	0.000010
-1.9100	0.000010
-1.9098	0.000010
-1.9096	0.000010
-1.9094	0.000010
-1.9092	0.000010
-1.9090	0.000010
-1.9088	0.000010
-1.9086	0.000010
-1.9084	0.000010
-1.9082	0.000010
-1.9080	0.000010
-1.9078	0.000010
-1.9076	0.000010
-1.9074	0.000010
-1.9072	0.000010
-1.9070	0.000010
-1.9068	0.000010
-1.9066	0.000010
-1.9064	0.000011
-1.9062	0.000011
-1.9060	0.000011
-1.9058	0.000011
-1.9056	0.000011
-1.9054	0.000011
-1.9052	0.000011
-1.9050	0.000011
-1.9048	0.000011
-1.9046	0.000011
-1.9044	0.000011
-1.9042	0.000011
-1.9040	0.000011
-1.9038	0.000011
-1.9036	0.000011
-1.9034	0.000011
-1.9032	0.000011
-1.9030	0.000011
-1.9028	0.000011
-1.9026	0.000011
-1.9024	0.000011
-1.9022	0.000011
-1.9020	0.000011
-1.9018	0.000011
-1.9016	0.000011
-1.9014	0.000011
-1.9012	0.000011
-1.9010	0.000011
-1.9008	0.000011
-1.9006	0.000011
-1.9004	0.000011
-1.9002	0.000011
-1.9000	0.000012
-1.8998	0.000012
-1.8996	0.000012
-1.8994	0.000012
-1.8992	0.000012
-1.8990	0.000012
-1.8988	0.000012
-1.8986	0.000012
-1.8984	0.000012
-1.8982	0.000012
-1.8980	0.000012
-1.8978	0.000012
-1.8976	0.000012
-1.8974	0.000012
-1.8972	0.000012
-1.8970	0.000012
-1.8968	0.000012
-1.8966	0.000012
-1.8964	0.000012
-1.8962	0.000012
-1.8960	0.000012
-1.8958	0.000012
-1.8956	0.000012
-1.8954	0.000012
-1.8952	0.000012
-1.8950	0.000012
-1.8948	0.000012
-1.8946	0.000012
-1.8944	0.000012
-1.8942	0.000012
-1.8940	0.000012
-1.8938	0.000013
-1.8936	0.000013
-1.8934	0.000013
-1.8932	0.000013
-1.8930	0.000013
-1.8928	0.000013
-1.8926	0.000013
-1.8924	0.000013
-1.8922	0.000013
-1.8920	0.000013
-1.8918	0.000013
-1.8916	0.000013
-1.8914	0.000013
-1.8912	0.000013
-1.8910	0.000013
-1.8908	0.000013
-1.8906	0.000013
-1.8904	0.000013
-1.8902	0.000013
-1.8900	0.000013
-1.8898	0.000013
-1.8896	0.000013
-1.8894	0.000013
-1.8892	0.000013
-1.8890	0.000013
-1.8888	0.000013
-1.8886	0.000013
-1.8884	0.000013
-1.8882	0.000013
-1.8880	0.000014
-1.8878	0.000014
-1.8876	0.000014
-1.8874	0.000014
-1.8872	0.000014
-1.8870	0.000014
-1.8868	0.000014
-1.8866	0.000014
-1.8864	0.000014
-1.8862	0.000014
-1.8860	0.000014
-1.8858	0.000014
-1.8856	0.000014
-1.8854	0.000014
-1.8852	0.000014
-1.8850	0.000014
-1.8848	0.000014
-1.8846	0.000014
-1.8844	0.000014
-1.8842	0.000014
-1.8840	0.000014
-1.8838	0.000014
-1.8836	0.000014
-1.8834	0.000014
-1.8832	0.000014
-1.8830	0.000014
-1.8828	0.000014
-1.8826	0.000014
-1.8824	0.000015
-1.8822	0.000015
-1.8820	0.000015
-1.8818	0.000015
-1.8816	0.000015
-1.8814	0.000015
-1.8812	0.000015
-1.8810	0.000015
-1.8808	0.000015
-1.8806	0.000015
-1.8804	0.000015
-1.8802	0.000015
-1.8800	0.000015
-1.8798	0.000015
-1.8796	0.000015
-1.8794	0.000015
-1.8792	0.000015
-1.8790	0.000015
-1.8788	0.000015
-1.8786	0.000015
-1.8784	0.000015
-1.8782	0.000015
-1.8780	0.000015
-1.8778	0.000015
-1.8776	0.000015
-1.8774	0.000015
-1.8772	0.000015
-1.8770	0.000016
-1.8768	0.000016
-1.8766	0.000016
-1.8764	0.000016
-1.8762	0.000016
-1.8760	0.000016
-1.8758	0.000016
-1.8756	0.000016
-1.8754	0.000016
-1.8752	0.000016
-1.8750	0.000016
-1.8748	0.000016
-1.8746	0.000016
-1.8744	0.000016
-1.8742	0.000016
-1.8740	0.000016
-1.8738	0.000016
-1.8736	0.000016
-1.8734	0.000016
-1.8732	0.000016
-1.8730	0.000016
-1.8728	0.000016
-1.8726	0.000016
-1.8724	0.000016
-1.8722	0.000016
-1.8720	0.000016
-1.8718	0.000017
-1.8716	0.000017
-1.8714	0.000017
-1.8712	0.000017
-1.8710	0.000017
-1.8708	0.000017
-1.8706	0.000017
-1.8704	0.000017
-1.8702	0.000017
-1.8700	0.000017
-1.8698	0.000017
-1.8696	0.000017
-1.8694	0.000017
-1.8692	0.000017
-1.8690	0.000017
-1.8688	0.000017
-1.8686	0.000017
-1.8684	0.000017
-1.8682	0.000017
-1.8680	0.000017
-1.8678	0.000017
-1.8676	0.000017
-1.8674	0.000017
-1.8672	0.000017
-1.8670	0.000017
-1.8668	0.000017
-1.8666	0.000018
-1.8664	0.000018
-1.8662	0.000018
-1.8660	0.000018
-1.8658	0.000018
-1.8656	0.000018
-1.8654	0.000018
-1.8652	0.000018
-1.8650	0.000018
-1.8648	0.000018
-1.8646	0.000018
-1.8644	0.000018
-1.8642	0.000018
-1.8640	0.000018
-1.8638	0.000018
-1.8636	0.000018
-1.8634	0.000018
-1.8632	0.000018
-1.8630	0.000018
-1.8628	0.000018
-1.8626	0.000018
-1.8624	0.000018
-1.8622	0.000018
-1.8620	0.000018
-1.8618	0.000019
-1.8616	0.000019
-1.8614	0.000019
-1.8612	0.000019
-1.8610	0.000019
-1.8608	0.000019
-1.8606	0.000019
-1.8604	0.000019
-1.8602	0.000019
-1.8600	0.000019
-1.8598	0.000019
-1.8596	0.000019
-1.8594	0.000019
-1.8592	0.000019
-1.8590	0.000019
-1.8588	0.000019
-1.8586	0.000019
-1.8584	0.000019
-1.8582	0.000019
-1.8580	0.000019
-1.8578	0.000019
-1.8576	0.000019
-1.8574	0.000019
-1.8572	0.000019
-1.8570	0.000020
-1.8568	0.000020
-1.8566	0.000020
-1.8564	0.000020
-1.8562	0.000020
-1.8560	0.000020
-1.8558	0.000020
-1.8556	0.000020
-1.8554	0.000020
-1.8552	0.000020
-1.8550	0.000020
-1.8548	0.000020
-1.8546	0.000020
-1.8544	0.000020
-1.8542	0.000020
-1.8540	0.000020
-1.8538	0.000020
-1.8536	0.000020
-1.8534	0.000020
-1.8532	0.000020
-1.8530	0.000020
-1.8528	0.000020
-1.8526	0.000021
-1.8524	0.000021
-1.8522	0.000021
-1.8520	0.000021
-1.8518	0.000021
-1.8516	0.000021
-1.8514	0.000021
-1.8512	0.000021
-1.8510	0.000021
-1.8508	0.000021
-1.8506	0.000021
-1.8504	0.000021
-1.8502	0.000021
-1.8500	0.000021
-1.8498	0.000021
-1.8496	0.000021
-1.8494	0.000021
-1.8492	0.000021
-1.8490	0.000021
-1.8488	0.000021
-1.8486	0.000021
-1.8484	0.000021
-1.8482	0.000022
-1.8480	0.000022
-1.8478	0.000022
-1.8476	0.000022
-1.8474	0.000022
-1.8472	0.000022
-1.8470	0.000022
-1.8468	0.000022
-1.8466	0.000022
-1.8464	0.000022
-1.8462	0.000022
-1.8460	0.000022
-1.8458	0.000022
-1.8456	0.000022
-1.8454	0.000022
-1.8452	0.000022
-1.8450	0.000022
-1.8448	0.000022
-1.8446	0.000022
-1.8444	0.000022
-1.8442	0.000022
-1.8440	0.000022
-1.8438	0.000023
-1.8436	0.000023
-1.8434	0.000023
-1.8432	0.000023
-1.8430	0.000023
-1.8428	0.000023
-1.8426	0.000023
-1.8424	0.000023
-1.8422	0.000023
-1.8420	0.000023
-1.8418	0.000023
-1.8416	0.000023
-1.8414	0.000023
-1.8412	0.000023
-1.8410	0.000023
-1.8408	0.000023
-1.8406	0.000023
-1.8404	0.000023
-1.8402	0.000023
-1.8400	0.000023
-1.8398	0.000023
-1.8396	0.000024
-1.8394	0.000024
-1.8392	0.000024
-1.8390	0.000024
-1.8388	0.000024
-1.8386	0.000024
-1.8384	0.000024
-1.8382	0.000024
-1.8380	0.000024
-1.8378	0.000024
-1.8376	0.000024
-1.8374	0.000024
-1.8372	0.000024
-1.8370	0.000024
-1.8368	0.000024
-1.8366	0.000024
-1.8364	0.000024
-1.8362	0.000024
-1.8360	0.000024
-1.8358	0.000024
-1.8356	0.000025
-1.8354	0.000025
-1.8352	0.000025
-1.8350	0.000025
-1.8348	0.000025
-1.8346	0.000025
-1.8344	0.000025
-1.8342	0.000025
-1.8340	0.000025
-1.8338	0.000025
-1.8336	0.000025
-1.8334	0.000025
-1.8332	0.000025
-1.8330	0.000025
-1.8328	0.000025
-1.8326	0.000025
-1.8324	0.000025
-1.8322	0.000025
-1.8320	0.000025
-1.8318	0.000025
-1.8316	0.000026
-1.8314	0.000026
-1.8312	0.000026
-1.8310	0.000026
-1.8308	0.000026
-1.8306	0.000026
-1.8304	0.000026
-1.8302	0.000026
-1.8300	0.000026
-1.8298	0.000026
-1.8296	0.000026
-1.8294	0.000026
-1.8292	0.000026
-1.8290	0.000026
-1.8288	0.000026
-1.8286	0.000026
-1.8284	0.000026
-1.8282	0.000026
-1.8280	0.000026
-1.8278	0.000027
-1.8276	0.000027
-1.8274	0.000027
-1.8272	0.000027
-1.8270	0.000027
-1.8268	0.000027
-1.8266	0.000027
-1.8264	0.000027
-1.8262	0.000027
-1.8260	0.000027
-1.8258	0.000027
-1.8256	0.000027
-1.8254	0.000027
-1.8252	0.000027
-1.8250	0.000027
-1.8248	0.000027
-1.8246	0.000027
-1.8244	0.000027
-1.8242	0.000028
-1.8240	0.000028
-1.8238	0.000028
-1.8236	0.000028
-1.8234	0.000028
-1.8232	0.000028
-1.8230	0.000028
-1.8228	0.000028
-1.8226	0.000028
-1.8224	0.000028
-1.8222	0.000028
-1.8220	0.000028
-1.8218	0.000028
-1.8216	0.000028
-1.8214	0.000028
-1.8212	0.000028
-1.8210	0.000028
-1.8208	0.000028
-1.8206	0.000028
-1.8204	0.000029
-1.8202	0.000029
-1.8200	0.000029
-1.8198	0.000029
-1.8196	0.000029
-1.8194	0.000029
-1.8192	0.000029
-1.8190	0.000029
-1.8188	0.000029
-1.8186	0.000029
-1.8184	0.000029
-1.8182	0.000029
-1.8180	0.000029
-1.8178	0.000029
-1.8176	0.000029
-1.8174	0.000029
-1.8172	0.000029
-1.8170	0.000030
-1.8168	0.000030
-1.8166	0.000030
-1.8164	0.000030
-1.8162	0.000030
-1.8160	0.000030
-1.8158	0.000030
-1.8156	0.000030
-1.8154	0.000030
-1.8152	0.000030
-1.8150	0.000030
-1.8148	0.000030
-1.8146	0.000030
-1.8144	0.000030
-1.8142	0.000030
-1.8140	0.000030
-1.8138	0.000030
-1.8136	0.000030
-1.8134	0.000031
-1.8132	0.000031
-1.8130	0.000031
-1.8128	0.000031
-1.8126	0.000031
-1.8124	0.000031
-1.8122	0.000031
-1.8120	0.000031
-1.8118	0.000031
-1.8116	0.000031
-1.8114	0.000031
-1.8112	0.000031
-1.8110	0.000031
-1.8108	0.000031
-1.8106	0.000031
-1.8104	0.000031
-1.8102	0.000032
-1.8100	0.000032
-1.8098	0.000032
-1.8096	0.000032
-1.8094	0.000032
-1.8092	0.000032
-1.8090	0.000032
-1.8088	0.000032
-1.8086	0.000032
-1.8084	0.000032
-1.8082	0.000032
-1.8080	0.000032
-1.8078	0.000032
-1.8076	0.000032
-1.8074	0.000032
-1.8072	0.000032
-1.8070	0.000032
-1.8068	0.000033
-1.8066	0.000033
-1.8064	0.000033
-1.8062	0.000033
-1.8060	0.000033
-1.8058	0.000033
-1.8056	0.000033
-1.8054	0.000033
-1.8052	0.000033
-1.8050	0.000033
-1.8048	0.000033
-1.8046	0.000033
-1.8044	0.000033
-1.8042	0.000033
-1.8040	0.000033
-1.8038	0.000033
-1.8036	0.000034
-1.8034	0.000034
-1.8032	0.000034
-1.8030	0.000034
-1.8028	0.000034
-1.8026	0.000034
-1.8024	0.000034
-1.8022	0.000034
-1.8020	0.000034
-1.8018	0.000034
-1.8016	0.000034
-1.8014	0.000034
-1.8012	0.000034
-1.8010	0.000034
-1.8008	0.000034
-1.8006	0.000034
-1.8004	0.000035
-1.8002	0.000035
-1.8000	0.000035
-1.7998	0.000035
-1.7996	0.000035
-1.7994	0.000035
-1.7992	0.000035
-1.7990	0.000035
-1.7988	0.000035
-1.7986	0.000035
-1.7984	0.000035
-1.7982	0.000035
-1.7980	0.000035
-1.7978	0.000035
-1.7976	0.000035
-1.7974	0.000036
-1.7972	0.000036
-1.7970	0.000036
-1.7968	0.000036
-1.7966	0.000036
-1.7964	0.000036
-1.7962	0.000036
-1.7960	0.000036
-1.7958	0.000036
-1.7956	0.000036
-1.7954	0.000036
-1.7952	0.000036
-1.7950	0.000036
-1.7948	0.000036
-1.7946	0.000036
-1.7944	0.000037
-1.7942	0.000037
-1.7940	0.000037
-1.7938	0.000037
-1.7936	0.000037
-1.7934	0.000037
-1.7932	0.000037
-1.7930	0.000037
-1.7928	0.000037
-1.7926	0.000037
-1.7924	0.000037
-1.7922	0.000037
-1.7920	0.000037
-1.7918	0.000037
-1.7916	0.000037
-1.7914	0.000038
-1.7912	0.000038
-1.7910	0.000038
-1.7908	0.000038
-1.7906	0.000038
-1.7904	0.000038
-1.7902	0.000038
-1.7900	0.000038
-1.7898	0.000038
-1.7896	0.000038
-1.7894	0.000038
-1.7892	0.000038
-1.7890	0.000038
-1.7888	0.000038
-1.7886	0.000039
-1.7884	0.000039
-1.7882	0.000039
-1.7880	0.000039
-1.7878	0.000039
-1.7876	0.000039
-1.7874	0.000039
-1.7872	0.000039
-1.7870	0.000039
-1.7868	0.000039
-1.7866	0.000039
-1.7864	0.000039
-1.7862	0.000039
-1.7860	0.000039
-1.7858	0.000039
-1.7856	0.000040
-1.7854	0.000040
-1.7852	0.000040
-1.7850	0.000040
-1.7848	0.000040
-1.7846	0.000040
-1.7844	0.000040
-1.7842	0.000040
-1.7840	0.000040
-1.7838	0.000040
-1.7836	0.000040
-1.7834	0.000040
-1.7832	0.000040
-1.7830	0.000041
-1.7828	0.000041
-1.7826	0.000041
-1.7824	0.000041
-1.7822	0.000041
-1.7820	0.000041
-1.7818	0.000041
-1.7816	0.000041
-1.7814	0.000041
-1.7812	0.000041
-1.7810	0.000041
-1.7808	0.000041
-1.7806	0.000041
-1.7804	0.000041
-1.7802	0.000042
-1.7800	0.000042
-1.7798	0.000042
-1.7796	0.000042
-1.7794	0.000042
-1.7792	0.000042
-1.7790	0.000042
-1.7788	0.000042
-1.7786	0.000042
-1.7784	0.000042
-1.7782	0.000042
-1.7780	0.000042
-1.7778	0.000042
-1.7776	0.000043
-1.7774	0.000043
-1.7772	0.000043
-1.7770	0.000043
-1.7768	0.000043
-1.7766	0.000043
-1.7764	0.000043
-1.7762	0.000043
-1.7760	0.000043
-1.7758	0.000043
-1.7756	0.000043
-1.7754	0.000043
-1.7752	0.000043
-1.7750	0.000043
-1.7748	0.000044
-1.7746	0.000044
-1.7744	0.000044
-1.7742	0.000044
-1.7740	0.000044
-1.7738	0.000044
-1.7736	0.000044
-1.7734	0.000044
-1.7732	0.000044
-1.7730	0.000044
-1.7728	0.000044
-1.7726	0.000044
-1.7724	0.000045
-1.7722	0.000045
-1.7720	0.000045
-1.7718	0.000045
-1.7716	0.000045
-1.7714	0.000045
-1.7712	0.000045
-1.7710	0.000045
-1.7708	0.000045
-1.7706	0.000045
-1.7704	0.000045
-1.7702	0.000045
-1.7700	0.000045
-1.7698	0.000046
-1.7696	0.000046
-1.7694	0.000046
-1.7692	0.000046
-1.7690	0.000046
-1.7688	0.000046
-1.7686	0.000046
-1.7684	0.000046
-1.7682	0.000046
-1.7680	0.000046
-1.7678	0.000046
-1.7676	0.000046
-1.7674	0.000047
-1.7672	0.000047
-1.7670	0.000047
-1.7668	0.000047
-1.7666	0.000047
-1.7664	0.000047
-1.7662	0.000047
-1.7660	0.000047
-1.7658	0.000047
-1.7656	0.000047
-1.7654	0.000047
-1.7652	0.000047
-1.7650	0.000047
-1.7648	0.000048
-1.7646	0.000048
-1.7644	0.000048
-1.7642	0.000048
-1.7640	0.000048
-1.7638	0.000048
-1.7636	0.000048
-1.7634	0.000048
-1.7632	0.000048
-1.7630	0.000048
-1.7628	0.000048
-1.7626	0.000048
-1.7624	0.000049
-1.7622	0.000049
-1.7620	0.000049
-1.7618	0.000049
-1.7616	0.000049
-1.7614	0.000049
-1.7612	0.000049
-1.7610	0.000049
-1.7608	0.000049
-1.7606	0.000049
-1.7604	0.000049
-1.7602	0.000050
-1.7600	0.000050
-1.7598	0.000050
-1.7596	0.000050
-1.7594	0.000050
-1.7592	0.000050
-1.7590	0.000050
-1.7588	0.000050
-1.7586	0.000050
-1.7584	0.000050
-1.7582	0.000050
-1.7580	0.000050
-1.7578	0.000051
-1.7576	0.000051
-1.7574	0.000051
-1.7572	0.000051
-1.7570	0.000051
-1.7568	0.000051
-1.7566	0.000051
-1.7564	0.000051
-1.7562	0.000051
-1.7560	0.000051
-1.7558	0.000051
-1.7556	0.000052
-1.7554	0.000052
-1.7552	0.000052
-1.7550	0.000052
-1.7548	0.000052
-1.7546	0.000052
-1.7544	0.000052
-1.7542	0.000052
-1.7540	0.000052
-1.7538	0.000052
-1.7536	0.000052
-1.7534	0.000052
-1.7532	0.000053
-1.7530	0.000053
-1.7528	0.000053
-1.7526	0.000053
-1.7524	0.000053
-1.7522	0.000053
-1.7520	0.000053
-1.7518	0.000053
-1.7516	0.000053
-1.7514	0.000053
-1.7512	0.000053
-1.7510	0.000054
-1.7508	0.000054
-1.7506	0.000054
-1.7504	0.000054
-1.7502	0.000054
-1.7500	0.000054
-1.7498	0.000054
-1.7496	0.000054
-1.7494	0.000054
-1.7492	0.000054
-1.7490	0.000055
-1.7488	0.000055
-1.7486	0.000055
-1.7484	0.000055
-1.7482	0.000055
-1.7480	0.000055
-1.7478	0.000055
-1.7476	0.000055
-1.7474	0.000055
-1.7472	0.000055
-1.7470	0.000055
-1.7468	0.000056
-1.7466	0.000056
-1.7464	0.000056
-1.7462	0.000056
-1.7460	0.000056
-1.7458	0.000056
-1.7456	0.000056
-1.7454	0.000056
-1.7452	0.000056
-1.7450	0.000056
-1.7448	0.000056
-1.7446	0.000057
-1.7444	0.000057
-1.7442	0.000057
-1.7440	0.000057
-1.7438	0.000057
-1.7436	0.000057
-1.7434	0.000057
-1.7432	0.000057
-1.7430	0.000057
-1.7428	0.000057
-1.7426	0.000058
-1.7424	0.000058
-1.7422	0.000058
-1.7420	0.000058
-1.7418	0.000058
-1.7416	0.000058
-1.7414	0.000058
-1.7412	0.000058
-1.7410	0.000058
-1.7408	0.000058
-1.7406	0.000059
-1.7404	0.000059
-1.7402	0.000059
-1.7400	0.000059
-1.7398	0.000059
-1.7396	0.000059
-1.7394	0.000059
-1.7392	0.000059
-1.7390	0.000059
-1.7388	0.000059
-1.7386	0.000060
-1.7384	0.000060
-1.7382	0.000060
-1.7380	0.000060
-1.7378	0.000060
-1.7376	0.000060
-1.7374	0.000060
-1.7372	0.000060
-1.7370	0.000060
-1.7368	0.000060
-1.7366	0.000061
-1.7364	0.000061
-1.7362	0.000061
-1.7360	0.000061
-1.7358	0.000061
-1.7356	0.000061
-1.7354	0.000061
-1.7352	0.000061
-1.7350	0.000061
-1.7348	0.000061
-1.7346	0.000062
-1.7344	0.000062
-1.7342	0.000062
-1.7340	0.000062
-1.7338	0.000062
-1.7336	0.000062
-1.7334	0.000062
-1.7332	0.000062
-1.7330	0.000062
-1.7328	0.000062
-1.7326	0.000063
-1.7324	0.000063
-1.7322	0.000063
-1.7320	0.000063
-1.7318	0.000063
-1.7316	0.000063
-1.7314	0.000063
-1.7312	0.000063
-1.7310	0.000063
-1.7308	0.000064
-1.7306	0.000064
-1.7304	0.000064
-1.7302	0.000064
-1.7300	0.000064
-1.7298	0.000064
-1.7296	0.000064
-1.7294	0.000064
-1.7292	0.000064
-1.7290	0.000064
-1.7288	0.000065
-1.7286	0.000065
-1.7284	0.000065
-1.7282	0.000065
-1.7280	0.000065
-1.7278	0.000065
-1.7276	0.000065
-1.7274	0.000065
-1.7272	0.000065
-1.7270	0.000066
-1.7268	0.000066
-1.7266	0.000066
-1.7264	0.000066
-1.7262	0.000066
-1.7260	0.000066
-1.7258	0.000066
-1.7256	0.000066
-1.7254	0.000066
-1.7252	0.000067
-1.7250	0.000067
-1.7248	0.000067
-1.7246	0.000067
-1.7244	0.000067
-1.7242	0.000067
-1.7240	0.000067
-1.7238	0.000067
-1.7236	0.000067
-1.7234	0.000068
-1.7232	0.000068
-1.7230	0.000068
-1.7228	0.000068
-1.7226	0.000068
-1.7224	0.000068
-1.7222	0.000068
-1.7220	0.000068
-1.7218	0.000068
-1.7216	0.000069
-1.7214	0.000069
-1.7212	0.000069
-1.7210	0.000069
-1.7208	0.000069
-1.7206	0.000069
-1.7204	0.000069
-1.7202	0.000069
-1.7200	0.000069
-1.7198	0.000070
-1.7196	0.000070
-1.7194	0.000070
-1.7192	0.000070
-1.7190	0.000070
-1.7188	0.000070
-1.7186	0.000070
-1.7184	0.000070
-1.7182	0.000071
-1.7180	0.000071
-1.7178	0.000071
-1.7176	0.000071
-1.7174	0.000071
-1.7172	0.000071
-1.7170	0.000071
-1.7168	0.000071
-1.7166	0.000071
-1.7164	0.000072
-1.7162	0.000072
-1.7160	0.000072
-1.7158	0.000072
-1.7156	0.000072
-1.7154	0.000072
-1.7152	0.000072
-1.7150	0.000072
-1.7148	0.000073
-1.7146	0.000073
-1.7144	0.000073
-1.7142	0.000073
-1.7140	0.000073
-1.7138	0.000073
-1.7136	0.000073
-1.7134	0.000073
-1.7132	0.000073
-1.7130	0.000074
-1.7128	0.000074
-1.7126	0.000074
-1.7124	0.000074
-1.7122	0.000074
-1.7120	0.000074
-1.7118	0.000074
-1.7116	0.000074
-1.7114	0.000075
-1.7112	0.000075
-1.7110	0.000075
-1.7108	0.000075
-1.7106	0.000075
-1.7104	0.000075
-1.7102	0.000075
-1.7100	0.000075
-1.7098	0.000076
-1.7096	0.000076
-1.7094	0.000076
-1.7092	0.000076
-1.7090	0.000076
-1.7088	0.000076
-1.7086	0.000076
-1.7084	0.000076
-1.7082	0.000077
-1.7080	0.000077
-1.7078	0.000077
-1.7076	0.000077
-1.7074	0.000077
-1.7072	0.000077
-1.7070	0.000077
-1.7068	0.000077
-1.7066	0.000078
-1.7064	0.000078
-1.7062	0.000078
-1.7060	0.000078
-1.7058	0.000078
-1.7056	0.000078
-1.7054	0.000078
-1.7052	0.000078
-1.7050	0.000079
-1.7048	0.000079
-1.7046	0.000079
-1.7044	0.000079
-1.7042	0.000079
-1.7040	0.000079
-1.7038	0.000079
-1.7036	0.000079
-1.7034	0.000080
-1.7032	0.000080
-1.7030	0.000080
-1.7028	0.000080
-1.7026	0.000080
-1.7024	0.000080
-1.7022	0.000080
-1.7020	0.000081
-1.7018	0.000081
-1.7016	0.000081
-1.7014	0.000081
-1.7012	0.000081
-1.7010	0.000081
-1.7008	0.000081
-1.7006	0.000081
-1.7004	0.000082
-1.7002	0.000082
-1.7000	0.000082
-1.6998	0.000082
-1.6996	0.000082
-1.6994	0.000082
-1.6992	0.000082
-1.6990	0.000083
-1.6988	0.000083
-1.6986	0.000083
-1.6984	0.000083
-1.6982	0.000083
-1.6980	0.000083
-1.6978	0.000083
-1.6976	0.000083
-1.6974	0.000084
-1.6972	0.000084
-1.6970	0.000084
-1.6968	0.000084
-1.6966	0.000084
-1.6964	0.000084
-1.6962	0.000084
-1.6960	0.000085
-1.6958	0.000085
-1.6956	0.000085
-1.6954	0.000085
-1.6952	0.000085
-1.6950	0.000085
-1.6948	0.000085
-1.6946	0.000086
-1.6944	0.000086
-1.6942	0.000086
-1.6940	0.000086
-1.6938	0.000086
-1.6936	0.000086
-1.6934	0.000086
-1.6932	0.000086
-1.6930	0.000087
-1.6928	0.000087
-1.6926	0.000087
-1.6924	0.000087
-1.6922	0.000087
-1.6920	0.000087
-1.6918	0.000087
-1.6916	0.000088
-1.6914	0.000088
-1.6912	0.000088
-1.6910	0.000088
-1.6908	0.000088
-1.6906	0.000088
-1.6904	0.000088
-1.6902	0.000089
-1.6900	0.000089
-1.6898	0.000089
-1.6896	0.000089
-1.6894	0.000089
-1.6892	0.000089
-1.6890	0.000089
-1.6888	0.000090
-1.6886	0.000090
-1.6884	0.000090
-1.6882	0.000090
-1.6880	0.000090
-1.6878	0.000090
-1.6876	0.000090
-1.6874	0.000091
-1.6872	0.000091
-1.6870	0.000091
-1.6868	0.000091
-1.6866	0.000091
-1.6864	0.000091
-1.6862	0.000092
-1.6860	0.000092
-1.6858	0.000092
-1.6856	0.000092
-1.6854	0.000092
-1.6852	0.000092
-1.6850	0.000092
-1.6848	0.000093
-1.6846	0.000093
-1.6844	0.000093
-1.6842	0.000093
-1.6840	0.000093
-1.6838	0.000093
-1.6836	0.000093
-1.6834	0.000094
-1.6832	0.000094
-1.6830	0.000094
-1.6828	0.000094
-1.6826	0.000094
-1.6824	0.000094
-1.6822	0.000095
-1.6820	0.000095
-1.6818	0.000095
-1.6816	0.000095
-1.6814	0.000095
-1.6812	0.000095
-1.6810	0.000095
-1.6808	0.000096
-1.6806	0.000096
-1.6804	0.000096
-1.6802	0.000096
-1.6800	0.000096
-1.6798	0.000096
-1.6796	0.000097
-1.6794	0.000097
-1.6792	0.000097
-1.6790	0.000097
-1.6788	0.000097
-1.6786	0.000097
-1.6784	0.000097
-1.6782	0.000098
-1.6780	0.000098
-1.6778	0.000098
-1.6776	0.000098
-1.6774	0.000098
-1.6772	0.000098
-1.6770	0.000099
-1.6768	0.000099
-1.6766	0.000099
-1.6764	0.000099
-1.6762	0.000099
-1.6760	0.000099
-1.6758	0.000099
-1.6756	0.000100
-1.6754	0.000100
-1.6752	0.000100
-1.6750	0.000100
-1.6748	0.000100
-1.6746	0.000100
-1.6744	0.000101
-1.6742	0.000101
-1.6740	0.000101
-1.6738	0.000101
-1.6736	0.000101
-1.6734	0.000101
-1.6732	0.000102
-1.6730	0.000102
-1.6728	0.000102
-1.6726	0.000102
-1.6724	0.000102
-1.6722	0.000102
-1.6720	0.000103
-1.6718	0.000103
-1.6716	0.000103
-1.6714	0.000103
-1.6712	0.000103
-1.6710	0.000103
-1.6708	0.000104
-1.6706	0.000104
-1.6704	0.000104
-1.6702	0.000104
-1.6700	0.000104
-1.6698	0.000104
-1.6696	0.000105
-1.6694	0.000105
-1.6692	0.000105
-1.6690	0.000105
-1.6688	0.000105
-1.6686	0.000105
-1.6684	0.000106
-1.6682	0.000106
-1.6680	0.000106
-1.6678	0.000106
-1.6676	0.000106
-1.6674	0.000106
-1.6672	0.000107
-1.6670	0.000107
-1.6668	0.000107
-1.6666	0.000107
-1.6664	0.000107
-1.6662	0.000107
-1.6660	0.000108
-1.6658	0.000108
-1.6656	0.000108
-1.6654	0.000108
-1.6652	0.000108
-1.6650	0.000108
-1.6648	0.000109
-1.6646	0.000109
-1.6644	0.000109
-1.6642	0.000109
-1.6640	0.000109
-1.6638	0.000110
-1.6636	0.000110
-1.6634	0.000110
-1.6632	0.000110
-1.6630	0.000110
-1.6628	0.000110
-1.6626	0.000111
-1.6624	0.000111
-1.6622	0.000111
-1.6620	0.000111
-1.6618	0.000111
-1.6616	0.000111
-1.6614	0.000112
-1.6612	0.000112
-1.6610	0.000112
-1.6608	0.000112
-1.6606	0.000112
-1.6604	0.000113
-1.6602	0.000113
-1.6600	0.000113
-1.6598	0.000113
-1.6596	0.000113
-1.6594	0.000113
-1.6592	0.000114
-1.6590	0.000114
-1.6588	0.000114
-1.6586	0.000114
-1.6584	0.000114
-1.6582	0.000115
-1.6580	0.000115
-1.6578	0.000115
-1.6576	0.000115
-1.6574	0.000115
-1.6572	0.000115
-1.6570	0.000116
-1.6568	0.000116
-1.6566	0.000116
-1.6564	0.000116
-1.6562	0.000116
-1.6560	0.000117
-1.6558	0.000117
-1.6556	0.000117
-1.6554	0.000117
-1.6552	0.000117
-1.6550	0.000117
-1.6548	0.000118
-1.6546	0.000118
-1.6544	0.000118
-1.6542	0.000118
-1.6540	0.000118
-1.6538	0.000119
-1.6536	0.000119
-1.6534	0.000119
-1.6532	0.000119
-1.6530	0.000119
-1.6528	0.000120
-1.6526	0.000120
-1.6524	0.000120
-1.6522	0.000120
-1.6520	0.000120
-1.6518	0.000120
-1.6516	0.000121
-1.6514	0.000121
-1.6512	0.000121
-1.6510	0.000121
-1.6508	0.000121
-1.6506	0.000122
-1.6504	0.000122
-1.6502	0.000122
-1.6500	0.000122
-1.6498	0.000122
-1.6496	0.000123
-1.6494	0.000123
-1.6492	0.000123
-1.6490	0.000123
-1.6488	0.000123
-1.6486	0.000124
-1.6484	0.000124
-1.6482	0.000124
-1.6480	0.000124
-1.6478	0.000124
-1.6476	0.000125
-1.6474	0.000125
-1.6472	0.000125
-1.6470	0.000125
-1.6468	0.000125
-1.6466	0.000126
-1.6464	0.000126
-1.6462	0.000126
-1.6460	0.000126
-1.6458	0.000126
-1.6456	0.000127
-1.6454	0.000127
-1.6452	0.000127
-1.6450	0.000127
-1.6448	0.000127
-1.6446	0.000128
-1.6444	0.000128
-1.6442	0.000128
-1.6440	0.000128
-1.6438	0.000128
-1.6436	0.000129
-1.6434	0.000129
-1.6432	0.000129
-1.6430	0.000129
-1.6428	0.000129
-1.6426	0.000130
-1.6424	0.000130
-1.6422	0.000130
-1.6420	0.000130
-1.6418	0.000130
-1.6416	0.000131
-1.6414	0.000131
-1.6412	0.000131
-1.6410	0.000131
-1.6408	0.000131
-1.6406	0.000132
-1.6404	0.000132
-1.6402	0.000132
-1.6400	0.000132
-1.6398	0.000133
-1.6396	0.000133
-1.6394	0.000133
-1.6392	0.000133
-1.6390	0.000133
-1.6388	0.000134
-1.6386	0.000134
-1.6384	0.000134
-1.6382	0.000134
-1.6380	0.000134
-1.6378	0.000135
-1.6376	0.000135
-1.6374	0.000135
-1.6372	0.000135
-1.6370	0.000135
-1.6368	0.000136
-1.6366	0.000136
-1.6364	0.000136
-1.6362	0.000136
-1.6360	0.000137
-1.6358	0.000137
-1.6356	0.000137
-1.6354	0.000137
-1.6352	0.000137
-1.6350	0.000138
-1.6348	0.000138
-1.6346	0.000138
-1.6344	0.000138
-1.6342	0.000139
-1.6340	0.000139
-1.6338	0.000139
-1.6336	0.000139
-1.6334	0.000139
-1.6332	0.000140
-1.6330	0.000140
-1.6328	0.000140
-1.6326	0.000140
-1.6324	0.000141
-1.6322	0.000141
-1.6320	0.000141
-1.6318	0.000141
-1.6316	0.000141
-1.6314	0.000142
-1.6312	0.000142
-1.6310	0.000142
-1.6308	0.000142
-1.6306	0.000143
-1.6304	0.000143
-1.6302	0.000143
-1.6300	0.000143
-1.6298	0.000143
-1.6296	0.000144
-1.6294	0.000144
-1.6292	0.000144
-1.6290	0.000144
-1.6288	0.000145
-1.6286	0.000145
-1.6284	0.000145
-1.6282	0.000145
-1.6280	0.000146
-1.6278	0.000146
-1.6276	0.000146
-1.6274	0.000146
-1.6272	0.000146
-1.6270	0.000147
-1.6268	0.000147
-1.6266	0.000147
-1.6264	0.000147
-1.6262	0.000148
-1.6260	0.000148
-1.6258	0.000148
-1.6256	0.000148
-1.6254	0.000149
-1.6252	0.000149
-1.6250	0.000149
-1.6248	0.000149
-1.6246	0.000149
-1.6244	0.000150
-1.6242	0.000150
-1.6240	0.000150
-1.6238	0.000150
-1.6236	0.000151
-1.6234	0.000151
-1.6232	0.000151
-1.6230	0.000151
-1.6228	0.000152
-1.6226	0.000152
-1.6224	0.000152
-1.6222	0.000152
-1.6220	0.000153
-1.6218	0.000153
-1.6216	0.000153
-1.6214	0.000153
-1.6212	0.000154
-1.6210	0.000154
-1.6208	0.000154
-1.6206	0.000154
-1.6204	0.000155
-1.6202	0.000155
-1.6200	0.000155
-1.6198	0.000155
-1.6196	0.000156
-1.6194	0.000156
-1.6192	0.000156
-1.6190	0.000156
-1.6188	0.000157
-1.6186	0.000157
-1.6184	0.000157
-1.6182	0.000157
-1.6180	0.000158
-1.6178	0.000158
-1.6176	0.000158
-1.6174	0.000158
-1.6172	0.000159
-1.6170	0.000159
-1.6168	0.000159
-1.6166	0.000159
-1.6164	0.000160
-1.6162	0.000160
-1.6160	0.000160
-1.6158	0.000160
-1.6156	0.000161
-1.6154	0.000161
-1.6152	0.000161
-1.6150	0.000161
-1.6148	0.000162
-1.6146	0.000162
-1.6144	0.000162
-1.6142	0.000162
-1.6140	0.000163
-1.6138	0.000163
-1.6136	0.000163
-1.6134	0.000163
-1.6132	0.000164
-1.6130	0.000164
-1.6128	0.000164
-1.6126	0.000164
-1.6124	0.000165
-1.6122	0.000165
-1.6120	0.000165
-1.6118	0.000165
-1.6116	0.000166
-1.6114	0.000166
-1.6112	0.000166
-1.6110	0.000166
-1.6108	0.000167
-1.6106	0.000167
-1.6104	0.000167
-1.6102	0.000168
-1.6100	0.000168
-1.6098	0.000168
-1.6096	0.000168
-1.6094	0.000169
-1.6092	0.000169
-1.6090	0.000169
-1.6088	0.000169
-1.6086	0.000170
-1.6084	0.000170
-1.6082	0.000170
-1.6080	0.000170
-1.6078	0.000171
-1.6076	0.000171
-1.6074	0.000171
-1.6072	0.000172
-1.6070	0.000172
-1.6068	0.000172
-1.6066	0.000172
-1.6064	0.000173
-1.6062	0.000173
-1.6060	0.000173
-1.6058	0.000173
-1.6056	0.000174
-1.6054	0.000174
-1.6052	0.000174
-1.6050	0.000175
-1.6048	0.000175
-1.6046	0.000175
-1.6044	0.000175
-1.6042	0.000176
-1.6040	0.000176
-1.6038	0.000176
-1.6036	0.000177
-1.6034	0.000177
-1.6032	0.000177
-1.6030	0.000177
-1.6028	0.000178
-1.6026	0.000178
-1.6024	0.000178
-1.6022	0.000179
-1.6020	0.000179
-1.6018	0.000179
-1.6016	0.000179
-1.6014	0.000180
-1.6012	0.000180
-1.6010	0.000180
-1.6008	0.000180
-1.6006	0.000181
-1.6004	0.000181
-1.6002	0.000181
-1.6000	0.000182
-1.5998	0.000182
-1.5996	0.000182
-1.5994	0.000183
-1.5992	0.000183
-1.5990	0.000183
-1.5988	0.000183
-1.5986	0.000184
-1.5984	0.000184
-1.5982	0.000184
-1.5980	0.000185
-1.5978	0.000185
-1.5976	0.000185
-1.5974	0.000185
-1.5972	0.000186
-1.5970	0.000186
-1.5968	0.000186
-1.5966	0.000187
-1.5964	0.000187
-1.5962	0.000187
-1.5960	0.000187
-1.5958	0.000188
-1.5956	0.000188
-1.5954	0.000188
-1.5952	0.000189
-1.5950	0.000189
-1.5948	0.000189
-1.5946	0.000190
-1.5944	0.000190
-1.5942	0.000190
-1.5940	0.000190
-1.5938	0.000191
-1.5936	0.000191
-1.5934	0.000191
-1.5932	0.000192
-1.5930	0.000192
-1.5928	0.000192
-1.5926	0.000193
-1.5924	0.000193
-1.5922	0.000193
-1.5920	0.000194
-1.5918	0.000194
-1.5916	0.000194
-1.5914	0.000194
-1.5912	0.000195
-1.5910	0.000195
-1.5908	0.000195
-1.5906	0.000196
-1.5904	0.000196
-1.5902	0.000196
-1.5900	0.000197
-1.5898	0.000197
-1.5896	0.000197
-1.5894	0.000198
-1.5892	0.000198
-1.5890	0.000198
-1.5888	0.000199
-1.5886	0.000199
-1.5884	0.000199
-1.5882	0.000199
-1.5880	0.000200
-1.5878	0.000200
-1.5876	0.000200
-1.5874	0.000201
-1.5872	0.000201
-1.5870	0.000201
-1.5868	0.000202
-1.5866	0.000202
-1.5864	0.000202
-1.5862	0.000203
-1.5860	0.000203
-1.5858	0.000203
-1.5856	0.000204
-1.5854	0.000204
-1.5852	0.000204
-1.5850	0.000205
-1.5848	0.000205
-1.5846	0.000205
-1.5844	0.000206
-1.5842	0.000206
-1.5840	0.000206
-1.5838	0.000207
-1.5836	0.000207
-1.5834	0.000207
-1.5832	0.000208
-1.5830	0.000208
-1.5828	0.000208
-1.5826	0.000209
-1.5824	0.000209
-1.5822	0.000209
-1.5820	0.000210
-1.5818	0.000210
-1.5816	0.000210
-1.5814	0.000211
-1.5812	0.000211
-1.5810	0.000211
-1.5808	0.000212
-1.5806	0.000212
-1.5804	0.000212
-1.5802	0.000213
-1.5800	0.000213
-1.5798	0.000213
-1.5796	0.000214
-1.5794	0.000214
-1.5792	0.000214
-1.5790	0.000215
-1.5788	0.000215
-1.5786	0.000215
-1.5784	0.000216
-1.5782	0.000216
-1.5780	0.000216
-1.5778	0.000217
-1.5776	0.000217
-1.5774	0.000217
-1.5772	0.000218
-1.5770	0.000218
-1.5768	0.000218
-1.5766	0.000219
-1.5764	0.000219
-1.5762	0.000219
-1.5760	0.000220
-1.5758	0.000220
-1.5756	0.000221
-1.5754	0.000221
-1.5752	0.000221
-1.5750	0.000222
-1.5748	0.000222
-1.5746	0.000222
-1.5744	0.000223
-1.5742	0.000223
-1.5740	0.000223
-1.5738	0.000224
-1.5736	0.000224
-1.5734	0.000224
-1.5732	0.000225
-1.5730	0.000225
-1.5728	0.000225
-1.5726	0.000226
-1.5724	0.000226
-1.5722	0.000227
-1.5720	0.000227
-1.5718	0.000227
-1.5716	0.000228
-1.5714	0.000228
-1.5712	0.000228
-1.5710	0.000229
-1.5708	0.000229
-1.5706	0.000229
-1.5704	0.000230
-1.5702	0.000230
-1.5700	0.000231
-1.5698	0.000231
-1.5696	0.000231
-1.5694	0.000232
-1.5692	0.000232
-1.5690	0.000232
-1.5688	0.000233
-1.5686	0.000233
-1.5684	0.000234
-1.5682	0.000234
-1.5680	0.000234
-1.5678	0.000235
-1.5676	0.000235
-1.5674	0.000235
-1.5672	0.000236
-1.5670	0.000236
-1.5668	0.000237
-1.5666	0.000237
-1.5664	0.000237
-1.5662	0.000238
-1.5660	0.000238
-1.5658	0.000238
-1.5656	0.000239
-1.5654	0.000239
-1.5652	0.000240
-1.5650	0.000240
-1.5648	0.000240
-1.5646	0.000241
-1.5644	0.000241
-1.5642	0.000242
-1.5640	0.000242
-1.5638	0.000242
-1.5636	0.000243
-1.5634	0.000243
-1.5632	0.000243
-1.5630	0.000244
-1.5628	0.000244
-1.5626	0.000245
-1.5624	0.000245
-1.5622	0.000245
-1.5620	0.000246
-1.5618	0.000246
-1.5616	0.000247
-1.5614	0.000247
-1.5612	0.000247
-1.5610	0.000248
-1.5608	0.000248
-1.5606	0.000249
-1.5604	0.000249
-1.5602	0.000249
-1.5600	0.000250
-1.5598	0.000250
-1.5596	0.000251
-1.5594	0.000251
-1.5592	0.000251
-1.5590	0.000252
-1.5588	0.000252
-1.5586	0.000253
-1.5584	0.000253
-1.5582	0.000253
-1.5580	0.000254
-1.5578	0.000254
-1.5576	0.000255
-1.5574	0.000255
-1.5572	0.000255
-1.5570	0.000256
-1.5568	0.000256
-1.5566	0.000257
-1.5564	0.000257
-1.5562	0.000258
-1.5560	0.000258
-1.5558	0.000258
-1.5556	0.000259
-1.5554	0.000259
-1.5552	0.000260
-1.5550	0.000260
-1.5548	0.000260
-1.5546	0.000261
-1.5544	0.000261
-1.5542	0.000262
-1.5540	0.000262
-1.5538	0.000263
-1.5536	0.000263
-1.5534	0.000263
-1.5532	0.000264
-1.5530	0.000264
-1.5528	0.000265
-1.5526	0.000265
-1.5524	0.000266
-1.5522	0.000266
-1.5520	0.000266
-1.5518	0.000267
-1.5516	0.000267
-1.5514	0.000268
-1.5512	0.000268
-1.5510	0.000269
-1.5508	0.000269
-1.5506	0.000269
-1.5504	0.000270
-1.5502	0.000270
-1.5500	0.000271
-1.5498	0.000271
-1.5496	0.000272
-1.5494	0.000272
-1.5492	0.000272
-1.5490	0.000273
-1.5488	0.000273
-1.5486	0.000274
-1.5484	0.000274
-1.5482	0.000275
-1.5480	0.000275
-1.5478	0.000276
-1.5476	0.000276
-1.5474	0.000276
-1.5472	0.000277
-1.5470	0.000277
-1.5468	0.000278
-1.5466	0.000278
-1.5464	0.000279
-1.5462	0.000279
-1.5460	0.000280
-1.5458	0.000280
-1.5456	0.000280
-1.5454	0.000281
-1.5452	0.000281
-1.5450	0.000282
-1.5448	0.000282
-1.5446	0.000283
-1.5444	0.000283
-1.5442	0.000284
-1.5440	0.000284
-1.5438	0.000285
-1.5436	0.000285
-1.5434	0.000285
-1.5432	0.000286
-1.5430	0.000286
-1.5428	0.000287
-1.5426	0.000287
-1.5424	0.000288
-1.5422	0.000288
-1.5420	0.000289
-1.5418	0.000289
-1.5416	0.000290
-1.5414	0.000290
-1.5412	0.000291
-1.5410	0.000291
-1.5408	0.000292
-1.5406	0.000292
-1.5404	0.000292
-1.5402	0.000293
-1.5400	0.000293
-1.5398	0.000294
-1.5396	0.000294
-1.5394	0.000295
-1.5392	0.000295
-1.5390	0.000296
-1.5388	0.000296
-1.5386	0.000297
-1.5384	0.000297
-1.5382	0.000298
-1.5380	0.000298
-1.5378	0.000299
-1.5376	0.000299
-1.5374	0.000300
-1.5372	0.000300
-1.5370	0.000301
-1.5368	0.000301
-1.5366	0.000302
-1.5364	0.000302
-1.5362	0.000303
-1.5360	0.000303
-1.5358	0.000304
-1.5356	0.000304
-1.5354	0.000305
-1.5352	0.000305
-1.5350	0.000306
-1.5348	0.000306
-1.5346	0.000307
-1.5344	0.000307
-1.5342	0.000308
-1.5340	0.000308
-1.5338	0.000309
-1.5336	0.000309
-1.5334	0.000310
-1.5332	0.000310
-1.5330	0.000311
-1.5328	0.000311
-1.5326	0.000312
-1.5324	0.000312
-1.5322	0.000313
-1.5320	0.000313
-1.5318	0.000314
-1.5316	0.000314
-1.5314	0.000315
-1.5312	0.000315
-1.5310	0.000316
-1.5308	0.000316
-1.5306	0.000317
-1.5304	0.000317
-1.5302	0.000318
-1.5300	0.000318
-1.5298	0.000319
-1.5296	0.000319
-1.5294	0.000320
-1.5292	0.000320
-1.5290	0.000321
-1.5288	0.000321
-1.5286	0.000322
-1.5284	0.000322
-1.5282	0.000323
-1.5280	0.000323
-1.5278	0.000324
-1.5276	0.000325
-1.5274	0.000325
-1.5272	0.000326
-1.5270	0.000326
-1.5268	0.000327
-1.5266	0.000327
-1.5264	0.000328
-1.5262	0.000328
-1.5260	0.000329
-1.5258	0.000329
-1.5256	0.000330
-1.5254	0.000330
-1.5252	0.000331
-1.5250	0.000331
-1.5248	0.000332
-1.5246	0.000333
-1.5244	0.000333
-1.5242	0.000334
-1.5240	0.000334
-1.5238	0.000335
-1.5236	0.000335
-1.5234	0.000336
-1.5232	0.000336
-1.5230	0.000337
-1.5228	0.000337
-1.5226	0.000338
-1.5224	0.000339
-1.5222	0.000339
-1.5220	0.000340
-1.5218	0.000340
-1.5216	0.000341
-1.5214	0.000341
-1.5212	0.000342
-1.5210	0.000342
-1.5208	0.000343
-1.5206	0.000344
-1.5204	0.000344
-1.5202	0.000345
-1.5200	0.000345
-1.5198	0.000346
-1.5196	0.000346
-1.5194	0.000347
-1.5192	0.000348
-1.5190	0.000348
-1.5188	0.000349
-1.5186	0.000349
-1.5184	0.000350
-1.5182	0.000350
-1.5180	0.000351
-1.5178	0.000352
-1.5176	0.000352
-1.5174	0.000353
-1.5172	0.000353
-1.5170	0.000354
-1.5168	0.000354
-1.5166	0.000355
-1.5164	0.000356
-1.5162	0.000356
-1.5160	0.000357
-1.5158	0.000357
-1.5156	0.000358
-1.5154	0.000359
-1.5152	0.000359
-1.5150	0.000360
-1.5148	0.000360
-1.5146	0.000361
-1.5144	0.000362
-1.5142	0.000362
-1.5140	0.000363
-1.5138	0.000363
-1.5136	0.000364
-1.5134	0.000365
-1.5132	0.000365
-1.5130	0.000366
-1.5128	0.000366
-1.5126	0.000367
-1.5124	0.000368
-1.5122	0.000368
-1.5120	0.000369
-1.5118	0.000369
-1.5116	0.000370
-1.5114	0.000371
-1.5112	0.000371
-1.5110	0.000372
-1.5108	0.000372
-1.5106	0.000373
-1.5104	0.000374
-1.5102	0.000374
-1.5100	0.000375
-1.5098	0.000375
-1.5096	0.000376
-1.5094	0.000377
-1.5092	0.000377
-1.5090	0.000378
-1.5088	0.000379
-1.5086	0.000379
-1.5084	0.000380
-1.5082	0.000380
-1.5080	0.000381
-1.5078	0.000382
-1.5076	0.000382
-1.5074	0.000383
-1.5072	0.000384
-1.5070	0.000384
-1.5068	0.000385
-1.5066	0.000386
-1.5064	0.000386
-1.5062	0.000387
-1.5060	0.000387
-1.5058	0.000388
-1.5056	0.000389
-1.5054	0.000389
-1.5052	0.000390
-1.5050	0.000391
-1.5048	0.000391
-1.5046	0.000392
-1.5044	0.000393
-1.5042	0.000393
-1.5040	0.000394
-1.5038	0.000395
-1.5036	0.000395
-1.5034	0.000396
-1.5032	0.000396
-1.5030	0.000397
-1.5028	0.000398
-1.5026	0.000398
-1.5024	0.000399
-1.5022	0.000400
-1.5020	0.000400
-1.5018	0.000401
-1.5016	0.000402
-1.5014	0.000402
-1.5012	0.000403
-1.5010	0.000404
-1.5008	0.000404
-1.5006	0.000405
-1.5004	0.000406
-1.5002	0.000406
-1.5000	0.000407
-1.4998	0.000408
-1.4996	0.000409
-1.4994	0.000409
-1.4992	0.000410
-1.4990	0.000411
-1.4988	0.000411
-1.4986	0.000412
-1.4984	0.000413
-1.4982	0.000413
-1.4980	0.000414
-1.4978	0.000415
-1.4976	0.000415
-1.4974	0.000416
-1.4972	0.000417
-1.4970	0.000417
-1.4968	0.000418
-1.4966	0.000419
-1.4964	0.000420
-1.4962	0.000420
-1.4960	0.000421
-1.4958	0.000422
-1.4956	0.000422
-1.4954	0.000423
-1.4952	0.000424
-1.4950	0.000424
-1.4948	0.000425
-1.4946	0.000426
-1.4944	0.000427
-1.4942	0.000427
-1.4940	0.000428
-1.4938	0.000429
-1.4936	0.000429
-1.4934	0.000430
-1.4932	0.000431
-1.4930	0.000432
-1.4928	0.000432
-1.4926	0.000433
-1.4924	0.000434
-1.4922	0.000434
-1.4920	0.000435
-1.4918	0.000436
-1.4916	0.000437
-1.4914	0.000437
-1.4912	0.000438
-1.4910	0.000439
-1.4908	0.000440
-1.4906	0.000440
-1.4904	0.000441
-1.4902	0.000442
-1.4900	0.000443
-1.4898	0.000443
-1.4896	0.000444
-1.4894	0.000445
-1.4892	0.000446
-1.4890	0.000446
-1.4888	0.000447
-1.4886	0.000448
-1.4884	0.000448
-1.4882	0.000449
-1.4880	0.000450
-1.4878	0.000451
-1.4876	0.000452
-1.4874	0.000452
-1.4872	0.000453
-1.4870	0.000454
-1.4868	0.000455
-1.4866	0.000455
-1.4864	0.000456
-1.4862	0.000457
-1.4860	0.000458
-1.4858	0.000458
-1.4856	0.000459
-1.4854	0.000460
-1.4852	0.000461
-1.4850	0.000461
-1.4848	0.000462
-1.4846	0.000463
-1.4844	0.000464
-1.4842	0.000465
-1.4840	0.000465
-1.4838	0.000466
-1.4836	0.000467
-1.4834	0.000468
-1.4832	0.000469
-1.4830	0.000469
-1.4828	0.000470
-1.4826	0.000471
-1.4824	0.000472
-1.4822	0.000472
-1.4820	0.000473
-1.4818	0.000474
-1.4816	0.000475
-1.4814	0.000476
-1.4812	0.000476
-1.4810	0.000477
-1.4808	0.000478
-1.4806	0.000479
-1.4804	0.000480
-1.4802	0.000480
-1.4800	0.000481
-1.4798	0.000482
-1.4796	0.000483
-1.4794	0.000484
-1.4792	0.000485
-1.4790	0.000485
-1.4788	0.000486
-1.4786	0.000487
-1.4784	0.000488
-1.4782	0.000489
-1.4780	0.000490
-1.4778	0.000490
-1.4776	0.000491
-1.4774	0.000492
-1.4772	0.000493
-1.4770	0.000494
-1.4768	0.000494
-1.4766	0.000495
-1.4764	0.000496
-1.4762	0.000497
-1.4760	0.000498
-1.4758	0.000499
-1.4756	0.000500
-1.4754	0.000500
-1.4752	0.000501
-1.4750	0.000502
-1.4748	0.000503
-1.4746	0.000504
-1.4744	0.000505
-1.4742	0.000506
-1.4740	0.000506
-1.4738	0.000507
-1.4736	0.000508
-1.4734	0.000509
-1.4732	0.000510
-1.4730	0.000511
-1.4728	0.000512
-1.4726	0.000512
-1.4724	0.000513
-1.4722	0.000514
-1.4720	0.000515
-1.4718	0.000516
-1.4716	0.000517
-1.4714	0.000518
-1.4712	0.000519
-1.4710	0.000519
-1.4708	0.000520
-1.4706	0.000521
-1.4704	0.000522
-1.4702	0.000523
-1.4700	0.000524
-1.4698	0.000525
-1.4696	0.000526
-1.4694	0.000527
-1.4692	0.000527
-1.4690	0.000528
-1.4688	0.000529
-1.4686	0.000530
-1.4684	0.000531
-1.4682	0.000532
-1.4680	0.000533
-1.4678	0.000534
-1.4676	0.000535
-1.4674	0.000536
-1.4672	0.000537
-1.4670	0.000537
-1.4668	0.000538
-1.4666	0.000539
-1.4664	0.000540
-1.4662	0.000541
-1.4660	0.000542
-1.4658	0.000543
-1.4656	0.000544
-1.4654	0.000545
-1.4652	0.000546
-1.4650	0.000547
-1.4648	0.000548
-1.4646	0.000549
-1.4644	0.000550
-1.4642	0.000550
-1.4640	0.000551
-1.4638	0.000552
-1.4636	0.000553
-1.4634	0.000554
-1.4632	0.000555
-1.4630	0.000556
-1.4628	0.000557
-1.4626	0.000558
-1.4624	0.000559
-1.4622	0.000560
-1.4620	0.000561
-1.4618	0.000562
-1.4616	0.000563
-1.4614	0.000564
-1.4612	0.000565
-1.4610	0.000566
-1.4608	0.000567
-1.4606	0.000568
-1.4604	0.000569
-1.4602	0.000570
-1.4600	0.000571
-1.4598	0.000572
-1.4596	0.000573
-1.4594	0.000574
-1.4592	0.000575
-1.4590	0.000576
-1.4588	0.000577
-1.4586	0.000578
-1.4584	0.000579
-1.4582	0.000580
-1.4580	0.000581
-1.4578	0.000582
-1.4576	0.000583
-1.4574	0.000584
-1.4572	0.000585
-1.4570	0.000586
-1.4568	0.000587
-1.4566	0.000588
-1.4564	0.000589
-1.4562	0.000590
-1.4560	0.000591
-1.4558	0.000592
-1.4556	0.000593
-1.4554	0.000594
-1.4552	0.000595
-1.4550	0.000596
-1.4548	0.000597
-1.4546	0.000598
-1.4544	0.000599
-1.4542	0.000600
-1.4540	0.000601
-1.4538	0.000602
-1.4536	0.000603
-1.4534	0.000604
-1.4532	0.000605
-1.4530	0.000606
-1.4528	0.000607
-1.4526	0.000608
-1.4524	0.000609
-1.4522	0.000610
-1.4520	0.000611
-1.4518	0.000613
-1.4516	0.000614
-1.4514	0.000615
-1.4512	0.000616
-1.4510	0.000617
-1.4508	0.000618
-1.4506	0.000619
-1.4504	0.000620
-1.4502	0.000621
-1.4500	0.000622
-1.4498	0.000623
-1.4496	0.000624
-1.4494	0.000625
-1.4492	0.000626
-1.4490	0.000628
-1.4488	0.000629
-1.4486	0.000630
-1.4484	0.000631
-1.4482	0.000632
-1.4480	0.000633
-1.4478	0.000634
-1.4476	0.000635
-1.4474	0.000636
-1.4472	0.000637
-1.4470	0.000639
-1.4468	0.000640
-1.4466	0.000641
-1.4464	0.000642
-1.4462	0.000643
-1.4460	0.000644
-1.4458	0.000645
-1.4456	0.000646
-1.4454	0.000648
-1.4452	0.000649
-1.4450	0.000650
-1.4448	0.000651
-1.4446	0.000652
-1.4444	0.000653
-1.4442	0.000654
-1.4440	0.000656
-1.4438	0.000657
-1.4436	0.000658
-1.4434	0.000659
-1.4432	0.000660
-1.4430	0.000661
-1.4428	0.000662
-1.4426	0.000664
-1.4424	0.000665
-1.4422	0.000666
-1.4420	0.000667
-1.4418	0.000668
-1.4416	0.000669
-1.4414	0.000671
-1.4412	0.000672
-1.4410	0.000673
-1.4408	0.000674
-1.4406	0.000675
-1.4404	0.000677
-1.4402	0.000678
-1.4400	0.000679
-1.4398	0.000680
-1.4396	0.000681
-1.4394	0.000683
-1.4392	0.000684
-1.4390	0.000685
-1.4388	0.000686
-1.4386	0.000687
-1.4384	0.000689
-1.4382	0.000690
-1.4380	0.000691
-1.4378	0.000692
-1.4376	0.000693
-1.4374	0.000695
-1.4372	0.000696
-1.4370	0.000697
-1.4368	0.000698
-1.4366	0.000700
-1.4364	0.000701
-1.4362	0.000702
-1.4360	0.000703
-1.4358	0.000704
-1.4356	0.000706
-1.4354	0.000707
-1.4352	0.000708
-1.4350	0.000709
-1.4348	0.000711
-1.4346	0.000712
-1.4344	0.000713
-1.4342	0.000715
-1.4340	0.000716
-1.4338	0.000717
-1.4336	0.000718
-1.4334	0.000720
-1.4332	0.000721
-1.4330	0.000722
-1.4328	0.000723
-1.4326	0.000725
-1.4324	0.000726
-1.4322	0.000727
-1.4320	0.000729
-1.4318	0.000730
-1.4316	0.000731
-1.4314	0.000732
-1.4312	0.000734
-1.4310	0.000735
-1.4308	0.000736
-1.4306	0.000738
-1.4304	0.000739
-1.4302	0.000740
-1.4300	0.000742
-1.4298	0.000743
-1.4296	0.000744
-1.4294	0.000746
-1.4292	0.000747
-1.4290	0.000748
-1.4288	0.000750
-1.4286	0.000751
-1.4284	0.000752
-1.4282	0.000754
-1.4280	0.000755
-1.4278	0.000756
-1.4276	0.000758
-1.4274	0.000759
-1.4272	0.000760
-1.4270	0.000762
-1.4268	0.000763
-1.4266	0.000764
-1.4264	0.000766
-1.4262	0.000767
-1.4260	0.000768
-1.4258	0.000770
-1.4256	0.000771
-1.4254	0.000773
-1.4252	0.000774
-1.4250	0.000775
-1.4248	0.000777
-1.4246	0.000778
-1.4244	0.000780
-1.4242	0.000781
-1.4240	0.000782
-1.4238	0.000784
-1.4236	0.000785
-1.4234	0.000787
-1.4232	0.000788
-1.4230	0.000789
-1.4228	0.000791
-1.4226	0.000792
-1.4224	0.000794
-1.4222	0.000795
-1.4220	0.000796
-1.4218	0.000798
-1.4216	0.000799
-1.4214	0.000801
-1.4212	0.000802
-1.4210	0.000804
-1.4208	0.000805
-1.4206	0.000807
-1.4204	0.000808
-1.4202	0.000809
-1.4200	0.000811
-1.4198	0.000812
-1.4196	0.000814
-1.4194	0.000815
-1.4192	0.000817
-1.4190	0.000818
-1.4188	0.000820
-1.4186	0.000821
-1.4184	0.000823
-1.4182	0.000824
-1.4180	0.000826
-1.4178	0.000827
-1.4176	0.000829
-1.4174	0.000830
-1.4172	0.000832
-1.4170	0.000833
-1.4168	0.000835
-1.4166	0.000836
-1.4164	0.000838
-1.4162	0.000839
-1.4160	0.000841
-1.4158	0.000842
-1.4156	0.000844
-1.4154	0.000845
-1.4152	0.000847
-1.4150	0.000848
-1.4148	0.000850
-1.4146	0.000851
-1.4144	0.000853
-1.4142	0.000854
-1.4140	0.000856
-1.4138	0.000858
-1.4136	0.000859
-1.4134	0.000861
-1.4132	0.000862
-1.4130	0.000864
-1.4128	0.000865
-1.4126	0.000867
-1.4124	0.000869
-1.4122	0.000870
-1.4120	0.000872
-1.4118	0.000873
-1.4116	0.000875
-1.4114	0.000876
-1.4112	0.000878
-1.4110	0.000880
-1.4108	0.000881
-1.4106	0.000883
-1.4104	0.000884
-1.4102	0.000886
-1.4100	0.000888
-1.4098	0.000889
-1.4096	0.000891
-1.4094	0.000893
-1.4092	0.000894
-1.4090	0.000896
-1.4088	0.000897
-1.4086	0.000899
-1.4084	0.000901
-1.4082	0.000902
-1.4080	0.000904
-1.4078	0.000906
-1.4076	0.000907
-1.4074	0.000909
-1.4072	0.000911
-1.4070	0.000912
-1.4068	0.000914
-1.4066	0.000916
-1.4064	0.000917
-1.4062	0.000919
-1.4060	0.000921
-1.4058	0.000922
-1.4056	0.000924
-1.4054	0.000926
-1.4052	0.000927
-1.4050	0.000929
-1.4048	0.000931
-1.4046	0.000933
-1.4044	0.000934
-1.4042	0.000936
-1.4040	0.000938
-1.4038	0.000939
-1.4036	0.000941
-1.4034	0.000943
-1.4032	0.000945
-1.4030	0.000946
-1.4028	0.000948
-1.4026	0.000950
-1.4024	0.000952
-1.4022	0.000953
-1.4020	0.000955
-1.4018	0.000957
-1.4016	0.000959
-1.4014	0.000960
-1.4012	0.000962
-1.4010	0.000964
-1.4008	0.000966
-1.4006	0.000968
-1.4004	0.000969
-1.4002	0.000971
-1.4000	0.000973
-1.3998	0.000975
-1.3996	0.000977
-1.3994	0.000978
-1.3992	0.000980
-1.3990	0.000982
-1.3988	0.000984
-1.3986	0.000986
-1.3984	0.000987
-1.3982	0.000989
-1.3980	0.000991
-1.3978	0.000993
-1.3976	0.000995
-1.3974	0.000997
-1.3972	0.000998
-1.3970	0.001000
-1.3968	0.001002
-1.3966	0.001004
-1.3964	0.001006
-1.3962	0.001008
-1.3960	0.001010
-1.3958	0.001011
-1.3956	0.001013
-1.3954	0.001015
-1.3952	0.001017
-1.3950	0.001019
-1.3948	0.001021
-1.3946	0.001023
-1.3944	0.001025
-1.3942	0.001027
-1.3940	0.001029
-1.3938	0.001030
-1.3936	0.001032
-1.3934	0.001034
-1.3932	0.001036
-1.3930	0.001038
-1.3928	0.001040
-1.3926	0.001042
-1.3924	0.001044
-1.3922	0.001046
-1.3920	0.001048
-1.3918	0.001050
-1.3916	0.001052
-1.3914	0.001054
-1.3912	0.001056
-1.3910	0.001058
-1.3908	0.001060
-1.3906	0.001062
-1.3904	0.001064
-1.3902	0.001066
-1.3900	0.001068
-1.3898	0.001070
-1.3896	0.001072
-1.3894	0.001074
-1.3892	0.001076
-1.3890	0.001078
-1.3888	0.001080
-1.3886	0.001082
-1.3884	0.001084
-1.3882	0.001086
-1.3880	0.001088
-1.3878	0.001090
-1.3876	0.001092
-1.3874	0.001094
-1.3872	0.001096
-1.3870	0.001098
-1.3868	0.001100
-1.3866	0.001102
-1.3864	0.001104
-1.3862	0.001106
-1.3860	0.001109
-1.3858	0.001111
-1.3856	0.001113
-1.3854	0.001115
-1.3852	0.001117
-1.3850	0.001119
-1.3848	0.001121
-1.3846	0.001123
-1.3844	0.001125
-1.3842	0.001128
-1.3840	0.001130
-1.3838	0.001132
-1.3836	0.001134
-1.3834	0.001136
-1.3832	0.001138
-1.3830	0.001140
-1.3828	0.001143
-1.3826	0.001145
-1.3824	0.001147
-1.3822	0.001149
-1.3820	0.001151
-1.3818	0.001153
-1.3816	0.001156
-1.3814	0.001158
-1.3812	0.001160
-1.3810	0.001162
-1.3808	0.001164
-1.3806	0.001167
-1.3804	0.001169
-1.3802	0.001171
-1.3800	0.001173
-1.3798	0.001176
-1.3796	0.001178
-1.3794	0.001180
-1.3792	0.001182
-1.3790	0.001184
-1.3788	0.001187
-1.3786	0.001189
-1.3784	0.001191
-1.3782	0.001194
-1.3780	0.001196
-1.3778	0.001198
-1.3776	0.001200
-1.3774	0.001203
-1.3772	0.001205
-1.3770	0.001207
-1.3768	0.001210
-1.3766	0.001212
-1.3764	0.001214
-1.3762	0.001217
-1.3760	0.001219
-1.3758	0.001221
-1.3756	0.001224
-1.3754	0.001226
-1.3752	0.001228
-1.3750	0.001231
-1.3748	0.001233
-1.3746	0.001235
-1.3744	0.001238
-1.3742	0.001240
-1.3740	0.001242
-1.3738	0.001245
-1.3736	0.001247
-1.3734	0.001250
-1.3732	0.001252
-1.3730	0.001254
-1.3728	0.001257
-1.3726	0.001259
-1.3724	0.001262
-1.3722	0.001264
-1.3720	0.001267
-1.3718	0.001269
-1.3716	0.001271
-1.3714	0.001274
-1.3712	0.001276
-1.3710	0.001279
-1.3708	0.001281
-1.3706	0.001284
-1.3704	0.001286
-1.3702	0.001289
-1.3700	0.001291
-1.3698	0.001294
-1.3696	0.001296
-1.3694	0.001299
-1.3692	0.001301
-1.3690	0.001304
-1.3688	0.001306
-1.3686	0.001309
-1.3684	0.001311
-1.3682	0.001314
-1.3680	0.001316
-1.3678	0.001319
-1.3676	0.001322
-1.3674	0.001324
-1.3672	0.001327
-1.3670	0.001329
-1.3668	0.001332
-1.3666	0.001334
-1.3664	0.001337
-1.3662	0.001340
-1.3660	0.001342
-1.3658	0.001345
-1.3656	0.001347
-1.3654	0.001350
-1.3652	0.001353
-1.3650	0.001355
-1.3648	0.001358
-1.3646	0.001361
-1.3644	0.001363
-1.3642	0.001366
-1.3640	0.001369
-1.3638	0.001371
-1.3636	0.001374
-1.3634	0.001377
-1.3632	0.001379
-1.3630	0.001382
-1.3628	0.001385
-1.3626	0.001387
-1.3624	0.001390
-1.3622	0.001393
-1.3620	0.001396
-1.3618	0.001398
-1.3616	0.001401
-1.3614	0.001404
-1.3612	0.001407
-1.3610	0.001409
-1.3608	0.001412
-1.3606	0.001415
-1.3604	0.001418
-1.3602	0.001420
-1.3600	0.001423
-1.3598	0.001426
-1.3596	0.001429
-1.3594	0.001432
-1.3592	0.001434
-1.3590	0.001437
-1.3588	0.001440
-1.3586	0.001443
-1.3584	0.001446
-1.3582	0.001449
-1.3580	0.001451
-1.3578	0.001454
-1.3576	0.001457
-1.3574	0.001460
-1.3572	0.001463
-1.3570	0.001466
-1.3568	0.001469
-1.3566	0.001472
-1.3564	0.001475
-1.3562	0.001477
-1.3560	0.001480
-1.3558	0.001483
-1.3556	0.001486
-1.3554	0.001489
-1.3552	0.001492
-1.3550	0.001495
-1.3548	0.001498
-1.3546	0.001501
-1.3544	0.001504
-1.3542	0.001507
-1.3540	0.001510
-1.3538	0.001513
-1.3536	0.001516
-1.3534	0.001519
-1.3532	0.001522
-1.3530	0.001525
-1.3528	0.001528
-1.3526	0.001531
-1.3524	0.001534
-1.3522	0.001537
-1.3520	0.001540
-1.3518	0.001543
-1.3516	0.001546
-1.3514	0.001549
-1.3512	0.001553
-1.3510	0.001556
-1.3508	0.001559
-1.3506	0.001562
-1.3504	0.001565
-1.3502	0.001568
-1.3500	0.001571
-1.3498	0.001574
-1.3496	0.001578
-1.3494	0.001581
-1.3492	0.001584
-1.3490	0.001587
-1.3488	0.001590
-1.3486	0.001593
-1.3484	0.001597
-1.3482	0.001600
-1.3480	0.001603
-1.3478	0.001606
-1.3476	0.001609
-1.3474	0.001613
-1.3472	0.001616
-1.3470	0.001619
-1.3468	0.001622
-1.3466	0.001626
-1.3464	0.001629
-1.3462	0.001632
-1.3460	0.001635
-1.3458	0.001639
-1.3456	0.001642
-1.3454	0.001645
-1.3452	0.001649
-1.3450	0.001652
-1.3448	0.001655
-1.3446	0.001659
-1.3444	0.001662
-1.3442	0.001665
-1.3440	0.001669
-1.3438	0.001672
-1.3436	0.001676
-1.3434	0.001679
-1.3432	0.001682
-1.3430	0.001686
-1.3428	0.001689
-1.3426	0.001693
-1.3424	0.001696
-1.3422	0.001699
-1.3420	0.001703
-1.3418	0.001706
-1.3416	0.001710
-1.3414	0.001713
-1.3412	0.001717
-1.3410	0.001720
-1.3408	0.001724
-1.3406	0.001727
-1.3404	0.001731
-1.3402	0.001734
-1.3400	0.001738
-1.3398	0.001741
-1.3396	0.001745
-1.3394	0.001748
-1.3392	0.001752
-1.3390	0.001756
-1.3388	0.001759
-1.3386	0.001763
-1.3384	0.001766
-1.3382	0.001770
-1.3380	0.001774
-1.3378	0.001777
-1.3376	0.001781
-1.3374	0.001784
-1.3372	0.001788
-1.3370	0.001792
-1.3368	0.001795
-1.3366	0.001799
-1.3364	0.001803
-1.3362	0.001806
-1.3360	0.001810
-1.3358	0.001814
-1.3356	0.001818
-1.3354	0.001821
-1.3352	0.001825
-1.3350	0.001829
-1.3348	0.001833
-1.3346	0.001836
-1.3344	0.001840
-1.3342	0.001844
-1.3340	0.001848
-1.3338	0.001852
-1.3336	0.001855
-1.3334	0.001859
-1.3332	0.001863
-1.3330	0.001867
-1.3328	0.001871
-1.3326	0.001875
-1.3324	0.001878
-1.3322	0.001882
-1.3320	0.001886
-1.3318	0.001890
-1.3316	0.001894
-1.3314	0.001898
-1.3312	0.001902
-1.3310	0.001906
-1.3308	0.001910
-1.3306	0.001914
-1.3304	0.001918
-1.3302	0.001922
-1.3300	0.001926
-1.3298	0.001930
-1.3296	0.001934
-1.3294	0.001938
-1.3292	0.001942
-1.3290	0.001946
-1.3288	0.001950
-1.3286	0.001954
-1.3284	0.001958
-1.3282	0.001962
-1.3280	0.001966
-1.3278	0.001970
-1.3276	0.001974
-1.3274	0.001978
-1.3272	0.001982
-1.3270	0.001987
-1.3268	0.001991
-1.3266	0.001995
-1.3264	0.001999
-1.3262	0.002003
-1.3260	0.002007
-1.3258	0.002012
-1.3256	0.002016
-1.3254	0.002020
-1.3252	0.002024
-1.3250	0.002028
-1.3248	0.002033
-1.3246	0.002037
-1.3244	0.002041
-1.3242	0.002046
-1.3240	0.002050
-1.3238	0.002054
-1.3236	0.002058
-1.3234	0.002063
-1.3232	0.002067
-1.3230	0.002071
-1.3228	0.002076
-1.3226	0.002080
-1.3224	0.002085
-1.3222	0.002089
-1.3220	0.002093
-1.3218	0.002098
-1.3216	0.002102
-1.3214	0.002107
-1.3212	0.002111
-1.3210	0.002116
-1.3208	0.002120
-1.3206	0.002124
-1.3204	0.002129
-1.3202	0.002133
-1.3200	0.002138
-1.3198	0.002142
-1.3196	0.002147
-1.3194	0.002152
-1.3192	0.002156
-1.3190	0.002161
-1.3188	0.002165
-1.3186	0.002170
-1.3184	0.002174
-1.3182	0.002179
-1.3180	0.002184
-1.3178	0.002188
-1.3176	0.002193
-1.3174	0.002198
-1.3172	0.002202
-1.3170	0.002207
-1.3168	0.002212
-1.3166	0.002216
-1.3164	0.002221
-1.3162	0.002226
-1.3160	0.002231
-1.3158	0.002235
-1.3156	0.002240
-1.3154	0.002245
-1.3152	0.002250
-1.3150	0.002255
-1.3148	0.002259
-1.3146	0.002264
-1.3144	0.002269
-1.3142	0.002274
-1.3140	0.002279
-1.3138	0.002284
-1.3136	0.002289
-1.3134	0.002294
-1.3132	0.002298
-1.3130	0.002303
-1.3128	0.002308
-1.3126	0.002313
-1.3124	0.002318
-1.3122	0.002323
-1.3120	0.002328
-1.3118	0.002333
-1.3116	0.002338
-1.3114	0.002343
-1.3112	0.002348
-1.3110	0.002353
-1.3108	0.002358
-1.3106	0.002364
-1.3104	0.002369
-1.3102	0.002374
-1.3100	0.002379
-1.3098	0.002384
-1.3096	0.002389
-1.3094	0.002394
-1.3092	0.002400
-1.3090	0.002405
-1.3088	0.002410
-1.3086	0.002415
-1.3084	0.002420
-1.3082	0.002426
-1.3080	0.002431
-1.3078	0.002436
-1.3076	0.002441
-1.3074	0.002447
-1.3072	0.002452
-1.3070	0.002457
-1.3068	0.002463
-1.3066	0.002468
-1.3064	0.002474
-1.3062	0.002479
-1.3060	0.002484
-1.3058	0.002490
-1.3056	0.002495
-1.3054	0.002501
-1.3052	0.002506
-1.3050	0.002512
-1.3048	0.002517
-1.3046	0.002523
-1.3044	0.002528
-1.3042	0.002534
-1.3040	0.002539
-1.3038	0.002545
-1.3036	0.002550
-1.3034	0.002556
-1.3032	0.002561
-1.3030	0.002567
-1.3028	0.002573
-1.3026	0.002578
-1.3024	0.002584
-1.3022	0.002590
-1.3020	0.002595
-1.3018	0.002601
-1.3016	0.002607
-1.3014	0.002613
-1.3012	0.002618
-1.3010	0.002624
-1.3008	0.002630
-1.3006	0.002636
-1.3004	0.002641
-1.3002	0.002647
-1.3000	0.002653
-1.2998	0.002659
-1.2996	0.002665
-1.2994	0.002671
-1.2992	0.002677
-1.2990	0.002683
-1.2988	0.002689
-1.2986	0.002694
-1.2984	0.002700
-1.2982	0.002706
-1.2980	0.002712
-1.2978	0.002718
-1.2976	0.002724
-1.2974	0.002731
-1.2972	0.002737
-1.2970	0.002743
-1.2968	0.002749
-1.2966	0.002755
-1.2964	0.002761
-1.2962	0.002767
-1.2960	0.002773
-1.2958	0.002780
-1.2956	0.002786
-1.2954	0.002792
-1.2952	0.002798
-1.2950	0.002804
-1.2948	0.002811
-1.2946	0.002817
-1.2944	0.002823
-1.2942	0.002830
-1.2940	0.002836
-1.2938	0.002842
-1.2936	0.002849
-1.2934	0.002855
-1.2932	0.002861
-1.2930	0.002868
-1.2928	0.002874
-1.2926	0.002881
-1.2924	0.002887
-1.2922	0.002894
-1.2920	0.002900
-1.2918	0.002907
-1.2916	0.002913
-1.2914	0.002920
-1.2912	0.002926
-1.2910	0.002933
-1.2908	0.002940
-1.2906	0.002946
-1.2904	0.002953
-1.2902	0.002960
-1.2900	0.002966
-1.2898	0.002973
-1.2896	0.002980
-1.2894	0.002986
-1.2892	0.002993
-1.2890	0.003000
-1.2888	0.003007
-1.2886	0.003014
-1.2884	0.003020
-1.2882	0.003027
-1.2880	0.003034
-1.2878	0.003041
-1.2876	0.003048
-1.2874	0.003055
-1.2872	0.003062
-1.2870	0.003069
-1.2868	0.003076
-1.2866	0.003083
-1.2864	0.003090
-1.2862	0.003097
-1.2860	0.003104
-1.2858	0.003111
-1.2856	0.003118
-1.2854	0.003125
-1.2852	0.003132
-1.2850	0.003140
-1.2848	0.003147
-1.2846	0.003154
-1.2844	0.003161
-1.2842	0.003168
-1.2840	0.003176
-1.2838	0.003183
-1.2836	0.003190
-1.2834	0.003198
-1.2832	0.003205
-1.2830	0.003212
-1.2828	0.003220
-1.2826	0.003227
-1.2824	0.003234
-1.2822	0.003242
-1.2820	0.003249
-1.2818	0.003257
-1.2816	0.003264
-1.2814	0.003272
-1.2812	0.003279
-1.2810	0.003287
-1.2808	0.003295
-1.2806	0.003302
-1.2804	0.003310
-1.2802	0.003318
-1.2800	0.003325
-1.2798	0.003333
-1.2796	0.003341
-1.2794	0.003348
-1.2792	0.003356
-1.2790	0.003364
-1.2788	0.003372
-1.2786	0.003380
-1.2784	0.003387
-1.2782	0.003395
-1.2780	0.003403
-1.2778	0.003411
-1.2776	0.003419
-1.2774	0.003427
-1.2772	0.003435
-1.2770	0.003443
-1.2768	0.003451
-1.2766	0.003459
-1.2764	0.003467
-1.2762	0.003475
-1.2760	0.003483
-1.2758	0.003492
-1.2756	0.003500
-1.2754	0.003508
-1.2752	0.003516
-1.2750	0.003524
-1.2748	0.003533
-1.2746	0.003541
-1.2744	0.003549
-1.2742	0.003558
-1.2740	0.003566
-1.2738	0.003574
-1.2736	0.003583
-1.2734	0.003591
-1.2732	0.003600
-1.2730	0.003608
-1.2728	0.003617
-1.2726	0.003625
-1.2724	0.003634
-1.2722	0.003642
-1.2720	0.003651
-1.2718	0.003660
-1.2716	0.003668
-1.2714	0.003677
-1.2712	0.003686
-1.2710	0.003694
-1.2708	0.003703
-1.2706	0.003712
-1.2704	0.003721
-1.2702	0.003729
-1.2700	0.003738
-1.2698	0.003747
-1.2696	0.003756
-1.2694	0.003765
-1.2692	0.003774
-1.2690	0.003783
-1.2688	0.003792
-1.2686	0.003801
-1.2684	0.003810
-1.2682	0.003819
-1.2680	0.003828
-1.2678	0.003837
-1.2676	0.003847
-1.2674	0.003856
-1.2672	0.003865
-1.2670	0.003874
-1.2668	0.003883
-1.2666	0.003893
-1.2664	0.003902
-1.2662	0.003911
-1.2660	0.003921
-1.2658	0.003930
-1.2656	0.003940
-1.2654	0.003949
-1.2652	0.003959
-1.2650	0.003968
-1.2648	0.003978
-1.2646	0.003987
-1.2644	0.003997
-1.2642	0.004007
-1.2640	0.004016
-1.2638	0.004026
-1.2636	0.004036
-1.2634	0.004045
-1.2632	0.004055
-1.2630	0.004065
-1.2628	0.004075
-1.2626	0.004085
-1.2624	0.004095
-1.2622	0.004105
-1.2620	0.004114
-1.2618	0.004124
-1.2616	0.004134
-1.2614	0.004145
-1.2612	0.004155
-1.2610	0.004165
-1.2608	0.004175
-1.2606	0.004185
-1.2604	0.004195
-1.2602	0.004205
-1.2600	0.004216
-1.2598	0.004226
-1.2596	0.004236
-1.2594	0.004247
-1.2592	0.004257
-1.2590	0.004267
-1.2588	0.004278
-1.2586	0.004288
-1.2584	0.004299
-1.2582	0.004309
-1.2580	0.004320
-1.2578	0.004330
-1.2576	0.004341
-1.2574	0.004352
-1.2572	0.004362
-1.2570	0.004373
-1.2568	0.004384
-1.2566	0.004395
-1.2564	0.004406
-1.2562	0.004416
-1.2560	0.004427
-1.2558	0.004438
-1.2556	0.004449
-1.2554	0.004460
-1.2552	0.004471
-1.2550	0.004482
-1.2548	0.004493
-1.2546	0.004504
-1.2544	0.004516
-1.2542	0.004527
-1.2540	0.004538
-1.2538	0.004549
-1.2536	0.004561
-1.2534	0.004572
-1.2532	0.004583
-1.2530	0.004595
-1.2528	0.004606
-1.2526	0.004618
-1.2524	0.004629
-1.2522	0.004641
-1.2520	0.004652
-1.2518	0.004664
-1.2516	0.004675
-1.2514	0.004687
-1.2512	0.004699
-1.2510	0.004711
-1.2508	0.004722
-1.2506	0.004734
-1.2504	0.004746
-1.2502	0.004758
-1.2500	0.004770
-1.2498	0.004782
-1.2496	0.004794
-1.2494	0.004806
-1.2492	0.004818
-1.2490	0.004830
-1.2488	0.004842
-1.2486	0.004854
-1.2484	0.004867
-1.2482	0.004879
-1.2480	0.004891
-1.2478	0.004904
-1.2476	0.004916
-1.2474	0.004928
-1.2472	0.004941
-1.2470	0.004953
-1.2468	0.004966
-1.2466	0.004978
-1.2464	0.004991
-1.2462	0.005004
-1.2460	0.005016
-1.2458	0.005029
-1.2456	0.005042
-1.2454	0.005055
-1.2452	0.005068
-1.2450	0.005081
-1.2448	0.005093
-1.2446	0.005106
-1.2444	0.005119
-1.2442	0.005133
-1.2440	0.005146
-1.2438	0.005159
-1.2436	0.005172
-1.2434	0.005185
-1.2432	0.005198
-1.2430	0.005212
-1.2428	0.005225
-1.2426	0.005238
-1.2424	0.005252
-1.2422	0.005265
-1.2420	0.005279
-1.2418	0.005292
-1.2416	0.005306
-1.2414	0.005320
-1.2412	0.005333
-1.2410	0.005347
-1.2408	0.005361
-1.2406	0.005375
-1.2404	0.005389
-1.2402	0.005403
-1.2400	0.005417
-1.2398	0.005431
-1.2396	0.005445
-1.2394	0.005459
-1.2392	0.005473
-1.2390	0.005487
-1.2388	0.005501
-1.2386	0.005515
-1.2384	0.005530
-1.2382	0.005544
-1.2380	0.005559
-1.2378	0.005573
-1.2376	0.005588
-1.2374	0.005602
-1.2372	0.005617
-1.2370	0.005631
-1.2368	0.005646
-1.2366	0.005661
-1.2364	0.005676
-1.2362	0.005690
-1.2360	0.005705
-1.2358	0.005720
-1.2356	0.005735
-1.2354	0.005750
-1.2352	0.005765
-1.2350	0.005780
-1.2348	0.005796
-1.2346	0.005811
-1.2344	0.005826
-1.2342	0.005841
-1.2340	0.005857
-1.2338	0.005872
-1.2336	0.005888
-1.2334	0.005903
-1.2332	0.005919
-1.2330	0.005934
-1.2328	0.005950
-1.2326	0.005966
-1.2324	0.005982
-1.2322	0.005997
-1.2320	0.006013
-1.2318	0.006029
-1.2316	0.006045
-1.2314	0.006061
-1.2312	0.006077
-1.2310	0.006094
-1.2308	0.006110
-1.2306	0.006126
-1.2304	0.006142
-1.2302	0.006159
-1.2300	0.006175
-1.2298	0.006192
-1.2296	0.006208
-1.2294	0.006225
-1.2292	0.006241
-1.2290	0.006258
-1.2288	0.006275
-1.2286	0.006292
-1.2284	0.006308
-1.2282	0.006325
-1.2280	0.006342
-1.2278	0.006359
-1.2276	0.006376
-1.2274	0.006393
-1.2272	0.006411
-1.2270	0.006428
-1.2268	0.006445
-1.2266	0.006463
-1.2264	0.006480
-1.2262	0.006498
-1.2260	0.006515
-1.2258	0.006533
-1.2256	0.006550
-1.2254	0.006568
-1.2252	0.006586
-1.2250	0.006604
-1.2248	0.006622
-1.2246	0.006640
-1.2244	0.006658
-1.2242	0.006676
-1.2240	0.006694
-1.2238	0.006712
-1.2236	0.006730
-1.2234	0.006749
-1.2232	0.006767
-1.2230	0.006786
-1.2228	0.006804
-1.2226	0.006823
-1.2224	0.006841
-1.2222	0.006860
-1.2220	0.006879
-1.2218	0.006898
-1.2216	0.006916
-1.2214	0.006935
-1.2212	0.006954
-1.2210	0.006974
-1.2208	0.006993
-1.2206	0.007012
-1.2204	0.007031
-1.2202	0.007051
-1.2200	0.007070
-1.2198	0.007090
-1.2196	0.007109
-1.2194	0.007129
-1.2192	0.007148
-1.2190	0.007168
-1.2188	0.007188
-1.2186	0.007208
-1.2184	0.007228
-1.2182	0.007248
-1.2180	0.007268
-1.2178	0.007288
-1.2176	0.007308
-1.2174	0.007329
-1.2172	0.007349
-1.2170	0.007370
-1.2168	0.007390
-1.2166	0.007411
-1.2164	0.007431
-1.2162	0.007452
-1.2160	0.007473
-1.2158	0.007494
-1.2156	0.007515
-1.2154	0.007536
-1.2152	0.007557
-1.2150	0.007578
-1.2148	0.007599
-1.2146	0.007621
-1.2144	0.007642
-1.2142	0.007664
-1.2140	0.007685
-1.2138	0.007707
-1.2136	0.007729
-1.2134	0.007750
-1.2132	0.007772
-1.2130	0.007794
-1.2128	0.007816
-1.2126	0.007838
-1.2124	0.007860
-1.2122	0.007883
-1.2120	0.007905
-1.2118	0.007927
-1.2116	0.007950
-1.2114	0.007973
-1.2112	0.007995
-1.2110	0.008018
-1.2108	0.008041
-1.2106	0.008064
-1.2104	0.008087
-1.2102	0.008110
-1.2100	0.008133
-1.2098	0.008156
-1.2096	0.008179
-1.2094	0.008203
-1.2092	0.008226
-1.2090	0.008250
-1.2088	0.008273
-1.2086	0.008297
-1.2084	0.008321
-1.2082	0.008345
-1.2080	0.008369
-1.2078	0.008393
-1.2076	0.008417
-1.2074	0.008441
-1.2072	0.008466
-1.2070	0.008490
-1.2068	0.008515
-1.2066	0.008539
-1.2064	0.008564
-1.2062	0.008589
-1.2060	0.008614
-1.2058	0.008638
-1.2056	0.008664
-1.2054	0.008689
-1.2052	0.008714
-1.2050	0.008739
-1.2048	0.008765
-1.2046	0.008790
-1.2044	0.008816
-1.2042	0.008841
-1.2040	0.008867
-1.2038	0.008893
-1.2036	0.008919
-1.2034	0.008945
-1.2032	0.008971
-1.2030	0.008998
-1.2028	0.009024
-1.2026	0.009050
-1.2024	0.009077
-1.2022	0.009104
-1.2020	0.009130
-1.2018	0.009157
-1.2016	0.009184
-1.2014	0.009211
-1.2012	0.009239
-1.2010	0.009266
-1.2008	0.009293
-1.2006	0.009321
-1.2004	0.009348
-1.2002	0.009376
-1.2000	0.009404
-1.1998	0.009431
-1.1996	0.009459
-1.1994	0.009488
-1.1992	0.009516
-1.1990	0.009544
-1.1988	0.009572
-1.1986	0.009601
-1.1984	0.009630
-1.1982	0.009658
-1.1980	0.009687
-1.1978	0.009716
-1.1976	0.009745
-1.1974	0.009774
-1.1972	0.009803
-1.1970	0.009833
-1.1968	0.009862
-1.1966	0.009892
-1.1964	0.009922
-1.1962	0.009951
-1.1960	0.009981
-1.1958	0.010011
-1.1956	0.010042
-1.1954	0.010072
-1.1952	0.010102
-1.1950	0.010133
-1.1948	0.010163
-1.1946	0.010194
-1.1944	0.010225
-1.1942	0.010256
-1.1940	0.010287
-1.1938	0.010318
-1.1936	0.010350
-1.1934	0.010381
-1.1932	0.010413
-1.1930	0.010444
-1.1928	0.010476
-1.1926	0.010508
-1.1924	0.010540
-1.1922	0.010572
-1.1920	0.010605
-1.1918	0.010637
-1.1916	0.010670
-1.1914	0.010702
-1.1912	0.010735
-1.1910	0.010768
-1.1908	0.010801
-1.1906	0.010834
-1.1904	0.010868
-1.1902	0.010901
-1.1900	0.010935
-1.1898	0.010968
-1.1896	0.011002
-1.1894	0.011036
-1.1892	0.011070
-1.1890	0.011105
-1.1888	0.011139
-1.1886	0.011174
-1.1884	0.011208
-1.1882	0.011243
-1.1880	0.011278
-1.1878	0.011313
-1.1876	0.011348
-1.1874	0.011384
-1.1872	0.011419
-1.1870	0.011455
-1.1868	0.011490
-1.1866	0.011526
-1.1864	0.011562
-1.1862	0.011599
-1.1860	0.011635
-1.1858	0.011671
-1.1856	0.011708
-1.1854	0.011745
-1.1852	0.011782
-1.1850	0.011819
-1.1848	0.011856
-1.1846	0.011893
-1.1844	0.011931
-1.1842	0.011968
-1.1840	0.012006
-1.1838	0.012044
-1.1836	0.012082
-1.1834	0.012121
-1.1832	0.012159
-1.1830	0.012198
-1.1828	0.012236
-1.1826	0.012275
-1.1824	0.012314
-1.1822	0.012353
-1.1820	0.012393
-1.1818	0.012432
-1.1816	0.012472
-1.1814	0.012512
-1.1812	0.012552
-1.1810	0.012592
-1.1808	0.012632
-1.1806	0.012673
-1.1804	0.012714
-1.1802	0.012754
-1.1800	0.012795
-1.1798	0.012836
-1.1796	0.012878
-1.1794	0.012919
-1.1792	0.012961
-1.1790	0.013003
-1.1788	0.013045
-1.1786	0.013087
-1.1784	0.013129
-1.1782	0.013172
-1.1780	0.013215
-1.1778	0.013257
-1.1776	0.013300
-1.1774	0.013344
-1.1772	0.013387
-1.1770	0.013431
-1.1768	0.013475
-1.1766	0.013518
-1.1764	0.013563
-1.1762	0.013607
-1.1760	0.013651
-1.1758	0.013696
-1.1756	0.013741
-1.1754	0.013786
-1.1752	0.013831
-1.1750	0.013877
-1.1748	0.013922
-1.1746	0.013968
-1.1744	0.014014
-1.1742	0.014060
-1.1740	0.014107
-1.1738	0.014153
-1.1736	0.014200
-1.1734	0.014247
-1.1732	0.014294
-1.1730	0.014342
-1.1728	0.014389
-1.1726	0.014437
-1.1724	0.014485
-1.1722	0.014533
-1.1720	0.014582
-1.1718	0.014630
-1.1716	0.014679
-1.1714	0.014728
-1.1712	0.014778
-1.1710	0.014827
-1.1708	0.014877
-1.1706	0.014927
-1.1704	0.014977
-1.1702	0.015027
-1.1700	0.015077
-1.1698	0.015128
-1.1696	0.015179
-1.1694	0.015230
-1.1692	0.015282
-1.1690	0.015333
-1.1688	0.015385
-1.1686	0.015437
-1.1684	0.015489
-1.1682	0.015542
-1.1680	0.015595
-1.1678	0.015648
-1.1676	0.015701
-1.1674	0.015754
-1.1672	0.015808
-1.1670	0.015862
-1.1668	0.015916
-1.1666	0.015970
-1.1664	0.016025
-1.1662	0.016080
-1.1660	0.016135
-1.1658	0.016190
-1.1656	0.016246
-1.1654	0.016302
-1.1652	0.016358
-1.1650	0.016414
-1.1648	0.016470
-1.1646	0.016527
-1.1644	0.016584
-1.1642	0.016642
-1.1640	0.016699
-1.1638	0.016757
-1.1636	0.016815
-1.1634	0.016873
-1.1632	0.016932
-1.1630	0.016991
-1.1628	0.017050
-1.1626	0.017109
-1.1624	0.017169
-1.1622	0.017229
-1.1620	0.017289
-1.1618	0.017349
-1.1616	0.017410
-1.1614	0.017471
-1.1612	0.017532
-1.1610	0.017594
-1.1608	0.017656
-1.1606	0.017718
-1.1604	0.017780
-1.1602	0.017843
-1.1600	0.017906
-1.1598	0.017969
-1.1596	0.018033
-1.1594	0.018096
-1.1592	0.018160
-1.1590	0.018225
-1.1588	0.018289
-1.1586	0.018354
-1.1584	0.018420
-1.1582	0.018485
-1.1580	0.018551
-1.1578	0.018617
-1.1576	0.018684
-1.1574	0.018751
-1.1572	0.018818
-1.1570	0.018885
-1.1568	0.018953
-1.1566	0.019021
-1.1564	0.019089
-1.1562	0.019158
-1.1560	0.019227
-1.1558	0.019296
-1.1556	0.019366
-1.1554	0.019435
-1.1552	0.019506
-1.1550	0.019576
-1.1548	0.019647
-1.1546	0.019718
-1.1544	0.019790
-1.1542	0.019862
-1.1540	0.019934
-1.1538	0.020007
-1.1536	0.020080
-1.1534	0.020153
-1.1532	0.020226
-1.1530	0.020300
-1.1528	0.020375
-1.1526	0.020449
-1.1524	0.020524
-1.1522	0.020600
-1.1520	0.020675
-1.1518	0.020751
-1.1516	0.020828
-1.1514	0.020905
-1.1512	0.020982
-1.1510	0.021059
-1.1508	0.021137
-1.1506	0.021215
-1.1504	0.021294
-1.1502	0.021373
-1.1500	0.021452
-1.1498	0.021532
-1.1496	0.021612
-1.1494	0.021693
-1.1492	0.021774
-1.1490	0.021855
-1.1488	0.021937
-1.1486	0.022019
-1.1484	0.022101
-1.1482	0.022184
-1.1480	0.022268
-1.1478	0.022351
-1.1476	0.022435
-1.1474	0.022520
-1.1472	0.022605
-1.1470	0.022690
-1.1468	0.022776
-1.1466	0.022862
-1.1464	0.022949
-1.1462	0.023036
-1.1460	0.023123
-1.1458	0.023211
-1.1456	0.023299
-1.1454	0.023388
-1.1452	0.023477
-1.1450	0.023567
-1.1448	0.023657
-1.1446	0.023748
-1.1444	0.023839
-1.1442	0.023930
-1.1440	0.024022
-1.1438	0.024114
-1.1436	0.024207
-1.1434	0.024300
-1.1432	0.024394
-1.1430	0.024488
-1.1428	0.024583
-1.1426	0.024678
-1.1424	0.024773
-1.1422	0.024869
-1.1420	0.024966
-1.1418	0.025063
-1.1416	0.025160
-1.1414	0.025258
-1.1412	0.025357
-1.1410	0.025456
-1.1408	0.025555
-1.1406	0.025655
-1.1404	0.025756
-1.1402	0.025857
-1.1400	0.025959
-1.1398	0.026061
-1.1396	0.026163
-1.1394	0.026266
-1.1392	0.026370
-1.1390	0.026474
-1.1388	0.026579
-1.1386	0.026684
-1.1384	0.026790
-1.1382	0.026896
-1.1380	0.027003
-1.1378	0.027110
-1.1376	0.027218
-1.1374	0.027327
-1.1372	0.027436
-1.1370	0.027546
-1.1368	0.027656
-1.1366	0.027767
-1.1364	0.027878
-1.1362	0.027990
-1.1360	0.028102
-1.1358	0.028215
-1.1356	0.028329
-1.1354	0.028443
-1.1352	0.028558
-1.1350	0.028674
-1.1348	0.028790
-1.1346	0.028907
-1.1344	0.029024
-1.1342	0.029142
-1.1340	0.029261
-1.1338	0.029380
-1.1336	0.029500
-1.1334	0.029620
-1.1332	0.029741
-1.1330	0.029863
-1.1328	0.029985
-1.1326	0.030108
-1.1324	0.030232
-1.1322	0.030356
-1.1320	0.030481
-1.1318	0.030607
-1.1316	0.030733
-1.1314	0.030860
-1.1312	0.030988
-1.1310	0.031117
-1.1308	0.031246
-1.1306	0.031376
-1.1304	0.031506
-1.1302	0.031637
-1.1300	0.031769
-1.1298	0.031902
-1.1296	0.032035
-1.1294	0.032169
-1.1292	0.032304
-1.1290	0.032440
-1.1288	0.032576
-1.1286	0.032713
-1.1284	0.032851
-1.1282	0.032989
-1.1280	0.033129
-1.1278	0.033269
-1.1276	0.033410
-1.1274	0.033551
-1.1272	0.033694
-1.1270	0.033837
-1.1268	0.033981
-1.1266	0.034126
-1.1264	0.034271
-1.1262	0.034417
-1.1260	0.034565
-1.1258	0.034713
-1.1256	0.034862
-1.1254	0.035011
-1.1252	0.035162
-1.1250	0.035313
-1.1248	0.035465
-1.1246	0.035618
-1.1244	0.035772
-1.1242	0.035927
-1.1240	0.036083
-1.1238	0.036239
-1.1236	0.036397
-1.1234	0.036555
-1.1232	0.036714
-1.1230	0.036875
-1.1228	0.037036
-1.1226	0.037198
-1.1224	0.037360
-1.1222	0.037524
-1.1220	0.037689
-1.1218	0.037855
-1.1216	0.038021
-1.1214	0.038189
-1.1212	0.038358
-1.1210	0.038527
-1.1208	0.038698
-1.1206	0.038869
-1.1204	0.039042
-1.1202	0.039215
-1.1200	0.039390
-1.1198	0.039565
-1.1196	0.039742
-1.1194	0.039919
-1.1192	0.040098
-1.1190	0.040278
-1.1188	0.040458
-1.1186	0.040640
-1.1184	0.040823
-1.1182	0.041007
-1.1180	0.041192
-1.1178	0.041378
-1.1176	0.041565
-1.1174	0.041753
-1.1172	0.041943
-1.1170	0.042133
-1.1168	0.042325
-1.1166	0.042518
-1.1164	0.042712
-1.1162	0.042907
-1.1160	0.043103
-1.1158	0.043300
-1.1156	0.043499
-1.1154	0.043699
-1.1152	0.043900
-1.1150	0.044102
-1.1148	0.044305
-1.1146	0.044510
-1.1144	0.044716
-1.1142	0.044923
-1.1140	0.045131
-1.1138	0.045341
-1.1136	0.045552
-1.1134	0.045764
-1.1132	0.045978
-1.1130	0.046193
-1.1128	0.046409
-1.1126	0.046626
-1.1124	0.046845
-1.1122	0.047065
-1.1120	0.047287
-1.1118	0.047509
-1.1116	0.047734
-1.1114	0.047959
-1.1112	0.048186
-1.1110	0.048415
-1.1108	0.048645
-1.1106	0.048876
-1.1104	0.049109
-1.1102	0.049343
-1.1100	0.049578
-1.1098	0.049815
-1.1096	0.050054
-1.1094	0.050294
-1.1092	0.050536
-1.1090	0.050779
-1.1088	0.051023
-1.1086	0.051269
-1.1084	0.051517
-1.1082	0.051766
-1.1080	0.052017
-1.1078	0.052270
-1.1076	0.052524
-1.1074	0.052780
-1.1072	0.053037
-1.1070	0.053296
-1.1068	0.053556
-1.1066	0.053819
-1.1064	0.054083
-1.1062	0.054348
-1.1060	0.054616
-1.1058	0.054885
-1.1056	0.055156
-1.1054	0.055428
-1.1052	0.055703
-1.1050	0.055979
-1.1048	0.056257
-1.1046	0.056536
-1.1044	0.056818
-1.1042	0.057101
-1.1040	0.057387
-1.1038	0.057674
-1.1036	0.057963
-1.1034	0.058254
-1.1032	0.058546
-1.1030	0.058841
-1.1028	0.059138
-1.1026	0.059436
-1.1024	0.059737
-1.1022	0.060040
-1.1020	0.060344
-1.1018	0.060651
-1.1016	0.060960
-1.1014	0.061270
-1.1012	0.061583
-1.1010	0.061898
-1.1008	0.062215
-1.1006	0.062534
-1.1004	0.062856
-1.1002	0.063179
-1.1000	0.063505
-1.0998	0.063833
-1.0996	0.064163
-1.0994	0.064495
-1.0992	0.064830
-1.0990	0.065167
-1.0988	0.065506
-1.0986	0.065847
-1.0984	0.066191
-1.0982	0.066537
-1.0980	0.066886
-1.0978	0.067237
-1.0976	0.067590
-1.0974	0.067946
-1.0972	0.068304
-1.0970	0.068665
-1.0968	0.069028
-1.0966	0.069394
-1.0964	0.069762
-1.0962	0.070133
-1.0960	0.070506
-1.0958	0.070882
-1.0956	0.071261
-1.0954	0.071642
-1.0952	0.072026
-1.0950	0.072413
-1.0948	0.072802
-1.0946	0.073194
-1.0944	0.073589
-1.0942	0.073987
-1.0940	0.074387
-1.0938	0.074790
-1.0936	0.075197
-1.0934	0.075606
-1.0932	0.076018
-1.0930	0.076433
-1.0928	0.076851
-1.0926	0.077272
-1.0924	0.077696
-1.0922	0.078123
-1.0920	0.078553
-1.0918	0.078986
-1.0916	0.079422
-1.0914	0.079862
-1.0912	0.080304
-1.0910	0.080750
-1.0908	0.081199
-1.0906	0.081652
-1.0904	0.082107
-1.0902	0.082566
-1.0900	0.083029
-1.0898	0.083494
-1.0896	0.083963
-1.0894	0.084436
-1.0892	0.084912
-1.0890	0.085392
-1.0888	0.085875
-1.0886	0.086362
-1.0884	0.086852
-1.0882	0.087346
-1.0880	0.087844
-1.0878	0.088345
-1.0876	0.088850
-1.0874	0.089359
-1.0872	0.089872
-1.0870	0.090389
-1.0868	0.090909
-1.0866	0.091433
-1.0864	0.091962
-1.0862	0.092494
-1.0860	0.093030
-1.0858	0.093571
-1.0856	0.094115
-1.0854	0.094664
-1.0852	0.095217
-1.0850	0.095774
-1.0848	0.096335
-1.0846	0.096901
-1.0844	0.097471
-1.0842	0.098045
-1.0840	0.098624
-1.0838	0.099207
-1.0836	0.099795
-1.0834	0.100387
-1.0832	0.100984
-1.0830	0.101586
-1.0828	0.102192
-1.0826	0.102803
-1.0824	0.103419
-1.0822	0.104039
-1.0820	0.104664
-1.0818	0.105295
-1.0816	0.105930
-1.0814	0.106570
-1.0812	0.107215
-1.0810	0.107865
-1.0808	0.108521
-1.0806	0.109182
-1.0804	0.109847
-1.0802	0.110519
-1.0800	0.111195
-1.0798	0.111877
-1.0796	0.112564
-1.0794	0.113257
-1.0792	0.113956
-1.0790	0.114660
-1.0788	0.115369
-1.0786	0.116085
-1.0784	0.116806
-1.0782	0.117533
-1.0780	0.118266
-1.0778	0.119005
-1.0776	0.119749
-1.0774	0.120500
-1.0772	0.121257
-1.0770	0.122020
-1.0768	0.122790
-1.0766	0.123565
-1.0764	0.124347
-1.0762	0.125136
-1.0760	0.125931
-1.0758	0.126732
-1.0756	0.127540
-1.0754	0.128355
-1.0752	0.129176
-1.0750	0.130005
-1.0748	0.130840
-1.0746	0.131682
-1.0744	0.132531
-1.0742	0.133387
-1.0740	0.134251
-1.0738	0.135121
-1.0736	0.135999
-1.0734	0.136885
-1.0732	0.137777
-1.0730	0.138678
-1.0728	0.139585
-1.0726	0.140501
-1.0724	0.141424
-1.0722	0.142355
-1.0720	0.143294
-1.0718	0.144241
-1.0716	0.145196
-1.0714	0.146159
-1.0712	0.147131
-1.0710	0.148110
-1.0708	0.149098
-1.0706	0.150095
-1.0704	0.151100
-1.0702	0.152114
-1.0700	0.153136
-1.0698	0.154168
-1.0696	0.155208
-1.0694	0.156257
-1.0692	0.157316
-1.0690	0.158383
-1.0688	0.159460
-1.0686	0.160546
-1.0684	0.161642
-1.0682	0.162747
-1.0680	0.163862
-1.0678	0.164986
-1.0676	0.166121
-1.0674	0.167265
-1.0672	0.168420
-1.0670	0.169585
-1.0668	0.170760
-1.0666	0.171945
-1.0664	0.173141
-1.0662	0.174347
-1.0660	0.175564
-1.0658	0.176792
-1.0656	0.178031
-1.0654	0.179281
-1.0652	0.180541
-1.0650	0.181814
-1.0648	0.183097
-1.0646	0.184392
-1.0644	0.185699
-1.0642	0.187017
-1.0640	0.188347
-1.0638	0.189689
-1.0636	0.191044
-1.0634	0.192410
-1.0632	0.193789
-1.0630	0.195180
-1.0628	0.196584
-1.0626	0.198000
-1.0624	0.199429
-1.0622	0.200872
-1.0620	0.202327
-1.0618	0.203796
-1.0616	0.205277
-1.0614	0.206773
-1.0612	0.208282
-1.0610	0.209805
-1.0608	0.211341
-1.0606	0.212892
-1.0604	0.214457
-1.0602	0.216036
-1.0600	0.217630
-1.0598	0.219238
-1.0596	0.220862
-1.0594	0.222500
-1.0592	0.224153
-1.0590	0.225821
-1.0588	0.227505
-1.0586	0.229204
-1.0584	0.230919
-1.0582	0.232650
-1.0580	0.234396
-1.0578	0.236159
-1.0576	0.237938
-1.0574	0.239734
-1.0572	0.241546
-1.0570	0.243375
-1.0568	0.245221
-1.0566	0.247084
-1.0564	0.248964
-1.0562	0.250862
-1.0560	0.252778
-1.0558	0.254711
-1.0556	0.256662
-1.0554	0.258631
-1.0552	0.260619
-1.0550	0.262625
-1.0548	0.264650
-1.0546	0.266693
-1.0544	0.268756
-1.0542	0.270837
-1.0540	0.272938
-1.0538	0.275059
-1.0536	0.277199
-1.0534	0.279360
-1.0532	0.281540
-1.0530	0.283740
-1.0528	0.285961
-1.0526	0.288203
-1.0524	0.290466
-1.0522	0.292749
-1.0520	0.295054
-1.0518	0.297380
-1.0516	0.299727
-1.0514	0.302097
-1.0512	0.304488
-1.0510	0.306901
-1.0508	0.309337
-1.0506	0.311795
-1.0504	0.314276
-1.0502	0.316780
-1.0500	0.319307
-1.0498	0.321857
-1.0496	0.324430
-1.0494	0.327027
-1.0492	0.329648
-1.0490	0.332293
-1.0488	0.334962
-1.0486	0.337656
-1.0484	0.340374
-1.0482	0.343116
-1.0480	0.345884
-1.0478	0.348677
-1.0476	0.351495
-1.0474	0.354338
-1.0472	0.357207
-1.0470	0.360102
-1.0468	0.363023
-1.0466	0.365970
-1.0464	0.368943
-1.0462	0.371943
-1.0460	0.374969
-1.0458	0.378023
-1.0456	0.381103
-1.0454	0.384210
-1.0452	0.387345
-1.0450	0.390507
-1.0448	0.393696
-1.0446	0.396914
-1.0444	0.400159
-1.0442	0.403432
-1.0440	0.406733
-1.0438	0.410062
-1.0436	0.413420
-1.0434	0.416806
-1.0432	0.420221
-1.0430	0.423665
-1.0428	0.427137
-1.0426	0.430638
-1.0424	0.434168
-1.0422	0.437728
-1.0420	0.441316
-1.0418	0.444933
-1.0416	0.448580
-1.0414	0.452256
-1.0412	0.455962
-1.0410	0.459696
-1.0408	0.463460
-1.0406	0.467254
-1.0404	0.471077
-1.0402	0.474929
-1.0400	0.478811
-1.0398	0.482723
-1.0396	0.486663
-1.0394	0.490633
-1.0392	0.494632
-1.0390	0.498661
-1.0388	0.502718
-1.0386	0.506805
-1.0384	0.510920
-1.0382	0.515064
-1.0380	0.519237
-1.0378	0.523438
-1.0376	0.527668
-1.0374	0.531926
-1.0372	0.536212
-1.0370	0.540526
-1.0368	0.544867
-1.0366	0.549235
-1.0364	0.553631
-1.0362	0.558053
-1.0360	0.562502
-1.0358	0.566977
-1.0356	0.571478
-1.0354	0.576004
-1.0352	0.580556
-1.0350	0.585132
-1.0348	0.589732
-1.0346	0.594357
-1.0344	0.599004
-1.0342	0.603675
-1.0340	0.608368
-1.0338	0.613083
-1.0336	0.617819
-1.0334	0.622576
-1.0332	0.627353
-1.0330	0.632150
-1.0328	0.636965
-1.0326	0.641799
-1.0324	0.646650
-1.0322	0.651518
-1.0320	0.656402
-1.0318	0.661301
-1.0316	0.666215
-1.0314	0.671142
-1.0312	0.676082
-1.0310	0.681034
-1.0308	0.685996
-1.0306	0.690969
-1.0304	0.695951
-1.0302	0.700940
-1.0300	0.705937
-1.0298	0.710939
-1.0296	0.715946
-1.0294	0.720957
-1.0292	0.725970
-1.0290	0.730984
-1.0288	0.735999
-1.0286	0.741012
-1.0284	0.746023
-1.0282	0.751030
-1.0280	0.756032
-1.0278	0.761028
-1.0276	0.766016
-1.0274	0.770995
-1.0272	0.775963
-1.0270	0.780919
-1.0268	0.785861
-1.0266	0.790788
-1.0264	0.795699
-1.0262	0.800591
-1.0260	0.805464
-1.0258	0.810315
-1.0256	0.815143
-1.0254	0.819946
-1.0252	0.824723
-1.0250	0.829472
-1.0248	0.834191
-1.0246	0.838879
-1.0244	0.843534
-1.0242	0.848153
-1.0240	0.852736
-1.0238	0.857280
-1.0236	0.861784
-1.0234	0.866246
-1.0232	0.870665
-1.0230	0.875037
-1.0228	0.879362
-1.0226	0.883638
-1.0224	0.887862
-1.0222	0.892034
-1.0220	0.896151
-1.0218	0.900211
-1.0216	0.904214
-1.0214	0.908156
-1.0212	0.912036
-1.0210	0.915853
-1.0208	0.919604
-1.0206	0.923288
-1.0204	0.926904
-1.0202	0.930449
-1.0200	0.933922
-1.0198	0.937321
-1.0196	0.940645
-1.0194	0.943892
-1.0192	0.947060
-1.0190	0.950149
-1.0188	0.953156
-1.0186	0.956080
-1.0184	0.958919
-1.0182	0.961673
-1.0180	0.964340
-1.0178	0.966919
-1.0176	0.969408
-1.0174	0.971806
-1.0172	0.974112
-1.0170	0.976325
-1.0168	0.978444
-1.0166	0.980468
-1.0164	0.982397
-1.0162	0.984228
-1.0160	0.985962
-1.0158	0.987597
-1.0156	0.989133
-1.0154	0.990570
-1.0152	0.991906
-1.0150	0.993141
-1.0148	0.994274
-1.0146	0.995307
-1.0144	0.996237
-1.0142	0.997064
-1.0140	0.997789
-1.0138	0.998412
-1.0136	0.998932
-1.0134	0.999348
-1.0132	0.999663
-1.0130	0.999874
-1.0128	0.999984
-1.0126	0.999990
-1.0124	0.999896
-1.0122	0.999699
-1.0120	0.999402
-1.0118	0.999004
-1.0116	0.998505
-1.0114	0.997908
-1.0112	0.997211
-1.0110	0.996417
-1.0108	0.995525
-1.0106	0.994536
-1.0104	0.993452
-1.0102	0.992274
-1.0100	0.991001
-1.0098	0.989636
-1.0096	0.988179
-1.0094	0.986632
-1.0092	0.984996
-1.0090	0.983271
-1.0088	0.981459
-1.0086	0.979562
-1.0084	0.977581
-1.0082	0.975516
-1.0080	0.973370
-1.0078	0.971144
-1.0076	0.968839
-1.0074	0.966457
-1.0072	0.963999
-1.0070	0.961467
-1.0068	0.958862
-1.0066	0.956186
-1.0064	0.953441
-1.0062	0.950627
-1.0060	0.947747
-1.0058	0.944802
-1.0056	0.941795
-1.0054	0.938725
-1.0052	0.935596
-1.0050	0.932408
-1.0048	0.929164
-1.0046	0.925866
-1.0044	0.922513
-1.0042	0.919110
-1.0040	0.915656
-1.0038	0.912154
-1.0036	0.908605
-1.0034	0.905011
-1.0032	0.901374
-1.0030	0.897695
-1.0028	0.893975
-1.0026	0.890218
-1.0024	0.886423
-1.0022	0.882592
-1.0020	0.878728
-1.0018	0.874832
-1.0016	0.870904
-1.0014	0.866947
-1.0012	0.862963
-1.0010	0.858952
-1.0008	0.854916
-1.0006	0.850856
-1.0004	0.846775
-1.0002	0.842673
-1.0000	0.838551
-0.9998	0.834411
-0.9996	0.830255
-0.9994	0.826083
-0.9992	0.821897
-0.9990	0.817699
-0.9988	0.813488
-0.9986	0.809267
-0.9984	0.805037
-0.9982	0.800799
-0.9980	0.796554
-0.9978	0.792302
-0.9976	0.788046
-0.9974	0.783787
-0.9972	0.779524
-0.9970	0.775260
-0.9968	0.770995
-0.9966	0.766730
-0.9964	0.762466
-0.9962	0.758204
-0.9960	0.753945
-0.9958	0.749690
-0.9956	0.745439
-0.9954	0.741194
-0.9952	0.736955
-0.9950	0.732722
-0.9948	0.728498
-0.9946	0.724281
-0.9944	0.720074
-0.9942	0.715877
-0.9940	0.711690
-0.9938	0.707513
-0.9936	0.703349
-0.9934	0.699196
-0.9932	0.695057
-0.9930	0.690930
-0.9928	0.686818
-0.9926	0.682719
-0.9924	0.678636
-0.9922	0.674567
-0.9920	0.670515
-0.9918	0.666478
-0.9916	0.662458
-0.9914	0.658455
-0.9912	0.654469
-0.9910	0.650501
-0.9908	0.646551
-0.9906	0.642619
-0.9904	0.638706
-0.9902	0.634811
-0.9900	0.630936
-0.9898	0.627081
-0.9896	0.623245
-0.9894	0.619428
-0.9892	0.615633
-0.9890	0.611857
-0.9888	0.608102
-0.9886	0.604368
-0.9884	0.600655
-0.9882	0.596962
-0.9880	0.593291
-0.9878	0.589642
-0.9876	0.586014
-0.9874	0.582407
-0.9872	0.578823
-0.9870	0.575260
-0.9868	0.571719
-0.9866	0.568200
-0.9864	0.564703
-0.9862	0.561229
-0.9860	0.557776
-0.9858	0.554346
-0.9856	0.550938
-0.9854	0.547552
-0.9852	0.544189
-0.9850	0.540848
-0.9848	0.537529
-0.9846	0.534233
-0.9844	0.530958
-0.9842	0.527707
-0.9840	0.524477
-0.9838	0.521270
-0.9836	0.518085
-0.9834	0.514923
-0.9832	0.511782
-0.9830	0.508664
-0.9828	0.505568
-0.9826	0.502493
-0.9824	0.499441
-0.9822	0.496411
-0.9820	0.493402
-0.9818	0.490416
-0.9816	0.487451
-0.9814	0.484507
-0.9812	0.481586
-0.9810	0.478685
-0.9808	0.475806
-0.9806	0.472949
-0.9804	0.470112
-0.9802	0.467297
-0.9800	0.464503
-0.9798	0.461729
-0.9796	0.458977
-0.9794	0.456245
-0.9792	0.453533
-0.9790	0.450843
-0.9788	0.448172
-0.9786	0.445522
-0.9784	0.442892
-0.9782	0.440282
-0.9780	0.437692
-0.9778	0.435122
-0.9776	0.432571
-0.9774	0.430040
-0.9772	0.427529
-0.9770	0.425037
-0.9768	0.422564
-0.9766	0.420110
-0.9764	0.417675
-0.9762	0.415259
-0.9760	0.412861
-0.9758	0.410482
-0.9756	0.408122
-0.9754	0.405780
-0.9752	0.403456
-0.9750	0.401151
-0.9748	0.398863
-0.9746	0.396593
-0.9744	0.394340
-0.9742	0.392106
-0.9740	0.389888
-0.9738	0.387688
-0.9736	0.385506
-0.9734	0.383340
-0.9732	0.381191
-0.9730	0.379059
-0.9728	0.376943
-0.9726	0.374844
-0.9724	0.372762
-0.9722	0.370696
-0.9720	0.368646
-0.9718	0.366612
-0.9716	0.364594
-0.9714	0.362591
-0.9712	0.360605
-0.9710	0.358633
-0.9708	0.356678
-0.9706	0.354737
-0.9704	0.352812
-0.9702	0.350901
-0.9700	0.349006
-0.9698	0.347125
-0.9696	0.345259
-0.9694	0.343408
-0.9692	0.341571
-0.9690	0.339748
-0.9688	0.337940
-0.9686	0.336145
-0.9684	0.334365
-0.9682	0.332598
-0.9680	0.330845
-0.9678	0.329106
-0.9676	0.327380
-0.9674	0.325667
-0.9672	0.323968
-0.9670	0.322282
-0.9668	0.320609
-0.9666	0.318949
-0.9664	0.317301
-0.9662	0.315667
-0.9660	0.314045
-0.9658	0.312435
-0.9656	0.310838
-0.9654	0.309253
-0.9652	0.307680
-0.9650	0.306120
-0.9648	0.304571
-0.9646	0.303034
-0.9644	0.301509
-0.9642	0.299995
-0.9640	0.298493
-0.9638	0.297003
-0.9636	0.295523
-0.9634	0.294055
-0.9632	0.292599
-0.9630	0.291153
-0.9628	0.289718
-0.9626	0.288294
-0.9624	0.286881
-0.9622	0.285478
-0.9620	0.284087
-0.9618	0.282705
-0.9616	0.281334
-0.9614	0.279973
-0.9612	0.278623
-0.9610	0.277282
-0.9608	0.275952
-0.9606	0.274631
-0.9604	0.273321
-0.9602	0.272020
-0.9600	0.270729
-0.9598	0.269447
-0.9596	0.268175
-0.9594	0.266912
-0.9592	0.265659
-0.9590	0.264415
-0.9588	0.263180
-0.9586	0.261955
-0.9584	0.260738
-0.9582	0.259530
-0.9580	0.258331
-0.9578	0.257141
-0.9576	0.255960
-0.9574	0.254787
-0.9572	0.253623
-0.9570	0.252467
-0.9568	0.251320
-0.9566	0.250181
-0.9564	0.249050
-0.9562	0.247928
-0.9560	0.246813
-0.9558	0.245707
-0.9556	0.244609
-0.9554	0.243518
-0.9552	0.242435
-0.9550	0.241361
-0.9548	0.240293
-0.9546	0.239234
-0.9544	0.238182
-0.9542	0.237138
-0.9540	0.236101
-0.9538	0.235071
-0.9536	0.234049
-0.9534	0.233034
-0.9532	0.232026
-0.9530	0.231025
-0.9528	0.230031
-0.9526	0.229045
-0.9524	0.228065
-0.9522	0.227092
-0.9520	0.226126
-0.9518	0.225167
-0.9516	0.224214
-0.9514	0.223268
-0.9512	0.222329
-0.9510	0.221396
-0.9508	0.220470
-0.9506	0.219550
-0.9504	0.218636
-0.9502	0.217729
-0.9500	0.216828
-0.9498	0.215933
-0.9496	0.215044
-0.9494	0.214162
-0.9492	0.213285
-0.9490	0.212415
-0.9488	0.211550
-0.9486	0.210692
-0.9484	0.209839
-0.9482	0.208992
-0.9480	0.208151
-0.9478	0.207315
-0.9476	0.206485
-0.9474	0.205661
-0.9472	0.204842
-0.9470	0.204029
-0.9468	0.203221
-0.9466	0.202419
-0.9464	0.201622
-0.9462	0.200830
-0.9460	0.200044
-0.9458	0.199263
-0.9456	0.198487
-0.9454	0.197716
-0.9452	0.196950
-0.9450	0.196189
-0.9448	0.195434
-0.9446	0.194683
-0.9444	0.193938
-0.9442	0.193197
-0.9440	0.192461
-0.9438	0.191730
-0.9436	0.191003
-0.9434	0.190282
-0.9432	0.189565
-0.9430	0.188853
-0.9428	0.188145
-0.9426	0.187442
-0.9424	0.186744
-0.9422	0.186050
-0.9420	0.185360
-0.9418	0.184675
-0.9416	0.183995
-0.9414	0.183318
-0.9412	0.182647
-0.9410	0.181979
-0.9408	0.181316
-0.9406	0.180656
-0.9404	0.180002
-0.9402	0.179351
-0.9400	0.178704
-0.9398	0.178062
-0.9396	0.177423
-0.9394	0.176789
-0.9392	0.176158
-0.9390	0.175532
-0.9388	0.174909
-0.9386	0.174290
-0.9384	0.173676
-0.9382	0.173065
-0.9380	0.172458
-0.9378	0.171854
-0.9376	0.171255
-0.9374	0.170659
-0.9372	0.170067
-0.9370	0.169478
-0.9368	0.168893
-0.9366	0.168312
-0.9364	0.167734
-0.9362	0.167160
-0.9360	0.166589
-0.9358	0.166022
-0.9356	0.165459
-0.9354	0.164898
-0.9352	0.164342
-0.9350	0.163788
-0.9348	0.163238
-0.9346	0.162691
-0.9344	0.162148
-0.9342	0.161608
-0.9340	0.161071
-0.9338	0.160537
-0.9336	0.160007
-0.9334	0.159480
-0.9332	0.158956
-0.9330	0.158435
-0.9328	0.157917
-0.9326	0.157402
-0.9324	0.156890
-0.9322	0.156382
-0.9320	0.155876
-0.9318	0.155373
-0.9316	0.154874
-0.9314	0.154377
-0.9312	0.153883
-0.9310	0.153392
-0.9308	0.152904
-0.9306	0.152419
-0.9304	0.151937
-0.9302	0.151458
-0.9300	0.150981
-0.9298	0.150507
-0.9296	0.150036
-0.9294	0.149568
-0.9292	0.149102
-0.9290	0.148639
-0.9288	0.148179
-0.9286	0.147721
-0.9284	0.147266
-0.9282	0.146814
-0.9280	0.146364
-0.9278	0.145917
-0.9276	0.145472
-0.9274	0.145030
-0.9272	0.144590
-0.9270	0.144153
-0.9268	0.143719
-0.9266	0.143287
-0.9264	0.142857
-0.9262	0.142430
-0.9260	0.142005
-0.9258	0.141583
-0.9256	0.141163
-0.9254	0.140745
-0.9252	0.140330
-0.9250	0.139917
-0.9248	0.139506
-0.9246	0.139098
-0.9244	0.138692
-0.9242	0.138288
-0.9240	0.137886
-0.9238	0.137487
-0.9236	0.137090
-0.9234	0.136695
-0.9232	0.136302
-0.9230	0.135912
-0.9228	0.135523
-0.9226	0.135137
-0.9224	0.134753
-0.9222	0.134371
-0.9220	0.133991
-0.9218	0.133613
-0.9216	0.133237
-0.9214	0.132863
-0.9212	0.132492
-0.9210	0.132122
-0.9208	0.131754
-0.9206	0.131389
-0.9204	0.131025
-0.9202	0.130663
-0.9200	0.130304
-0.9198	0.129946
-0.9196	0.129590
-0.9194	0.129236
-0.9192	0.128884
-0.9190	0.128534
-0.9188	0.128185
-0.9186	0.127839
-0.9184	0.127494
-0.9182	0.127152
-0.9180	0.126811
-0.9178	0.126472
-0.9176	0.126134
-0.9174	0.125799
-0.9172	0.125465
-0.9170	0.125133
-0.9168	0.124803
-0.9166	0.124474
-0.9164	0.124148
-0.9162	0.123822
-0.9160	0.123499
-0.9158	0.123177
-0.9156	0.122858
-0.9154	0.122539
-0.9152	0.122223
-0.9150	0.121908
-0.9148	0.121594
-0.9146	0.121283
-0.9144	0.120972
-0.9142	0.120664
-0.9140	0.120357
-0.9138	0.120052
-0.9136	0.119748
-0.9134	0.119446
-0.9132	0.119145
-0.9130	0.118846
-0.9128	0.118549
-0.9126	0.118253
-0.9124	0.117958
-0.9122	0.117665
-0.9120	0.117374
-0.9118	0.117084
-0.9116	0.116795
-0.9114	0.116508
-0.9112	0.116223
-0.9110	0.115938
-0.9108	0.115656
-0.9106	0.115374
-0.9104	0.115094
-0.9102	0.114816
-0.9100	0.114539
-0.9098	0.114263
-0.9096	0.113989
-0.9094	0.113716
-0.9092	0.113445
-0.9090	0.113174
-0.9088	0.112906
-0.9086	0.112638
-0.9084	0.112372
-0.9082	0.112107
-0.9080	0.111844
-0.9078	0.111581
-0.9076	0.111321
-0.9074	0.111061
-0.9072	0.110803
-0.9070	0.110546
-0.9068	0.110290
-0.9066	0.110035
-0.9064	0.109782
-0.9062	0.109530
-0.9060	0.109279
-0.9058	0.109030
-0.9056	0.108781
-0.9054	0.108534
-0.9052	0.108288
-0.9050	0.108044
-0.9048	0.107800
-0.9046	0.107558
-0.9044	0.107317
-0.9042	0.107077
-0.9040	0.106838
-0.9038	0.106600
-0.9036	0.106364
-0.9034	0.106128
-0.9032	0.105894
-0.9030	0.105661
-0.9028	0.105429
-0.9026	0.105198
-0.9024	0.104968
-0.9022	0.104740
-0.9020	0.104512
-0.9018	0.104285
-0.9016	0.104060
-0.9014	0.103836
-0.9012	0.103612
-0.9010	0.103390
-0.9008	0.103169
-0.9006	0.102949
-0.9004	0.102730
-0.9002	0.102512
-0.9000	0.102295
-0.8998	0.102079
-0.8996	0.101864
-0.8994	0.101650
-0.8992	0.101437
-0.8990	0.101225
-0.8988	0.101015
-0.8986	0.100805
-0.8984	0.100596
-0.8982	0.100388
-0.8980	0.100181
-0.8978	0.099975
-0.8976	0.099770
-0.8974	0.099566
-0.8972	0.099363
-0.8970	0.099160
-0.8968	0.098959
-0.8966	0.098759
-0.8964	0.098559
-0.8962	0.098361
-0.8960	0.098163
-0.8958	0.097967
-0.8956	0.097771
-0.8954	0.097576
-0.8952	0.097382
-0.8950	0.097189
-0.8948	0.096997
-0.8946	0.096806
-0.8944	0.096616
-0.8942	0.096426
-0.8940	0.096237
-0.8938	0.096050
-0.8936	0.095863
-0.8934	0.095677
-0.8932	0.095491
-0.8930	0.095307
-0.8928	0.095124
-0.8926	0.094941
-0.8924	0.094759
-0.8922	0.094578
-0.8920	0.094398
-0.8918	0.094218
-0.8916	0.094040
-0.8914	0.093862
-0.8912	0.093685
-0.8910	0.093509
-0.8908	0.093334
-0.8906	0.093159
-0.8904	0.092985
-0.8902	0.092812
-0.8900	0.092640
-0.8898	0.092468
-0.8896	0.092298
-0.8894	0.092128
-0.8892	0.091959
-0.8890	0.091790
-0.8888	0.091623
-0.8886	0.091456
-0.8884	0.091290
-0.8882	0.091124
-0.8880	0.090959
-0.8878	0.090795
-0.8876	0.090632
-0.8874	0.090470
-0.8872	0.090308
-0.8870	0.090147
-0.8868	0.089987
-0.8866	0.089827
-0.8864	0.089668
-0.8862	0.089510
-0.8860	0.089352
-0.8858	0.089195
-0.8856	0.089039
-0.8854	0.088884
-0.8852	0.088729
-0.8850	0.088575
-0.8848	0.088421
-0.8846	0.088269
-0.8844	0.088117
-0.8842	0.087965
-0.8840	0.087815
-0.8838	0.087664
-0.8836	0.087515
-0.8834	0.087366
-0.8832	0.087218
-0.8830	0.087071
-0.8828	0.086924
-0.8826	0.086778
-0.8824	0.086632
-0.8822	0.086487
-0.8820	0.086343
-0.8818	0.086199
-0.8816	0.086056
-0.8814	0.085914
-0.8812	0.085772
-0.8810	0.085631
-0.8808	0.085490
-0.8806	0.085350
-0.8804	0.085211
-0.8802	0.085072
-0.8800	0.084934
-0.8798	0.084796
-0.8796	0.084659
-0.8794	0.084523
-0.8792	0.084387
-0.8790	0.084252
-0.8788	0.084117
-0.8786	0.083983
-0.8784	0.083850
-0.8782	0.083717
-0.8780	0.083584
-0.8778	0.083453
-0.8776	0.083321
-0.8774	0.083191
-0.8772	0.083061
-0.8770	0.082931
-0.8768	0.082802
-0.8766	0.082674
-0.8764	0.082546
-0.8762	0.082419
-0.8760	0.082292
-0.8758	0.082165
-0.8756	0.082040
-0.8754	0.081915
-0.8752	0.081790
-0.8750	0.081666
-0.8748	0.081542
-0.8746	0.081419
-0.8744	0.081297
-0.8742	0.081175
-0.8740	0.081053
-0.8738	0.080932
-0.8736	0.080812
-0.8734	0.080692
-0.8732	0.080572
-0.8730	0.080453
-0.8728	0.080335
-0.8726	0.080217
-0.8724	0.080099
-0.8722	0.079982
-0.8720	0.079866
-0.8718	0.079750
-0.8716	0.079634
-0.8714	0.079519
-0.8712	0.079405
-0.8710	0.079291
-0.8708	0.079177
-0.8706	0.079064
-0.8704	0.078951
-0.8702	0.078839
-0.8700	0.078728
-0.8698	0.078616
-0.8696	0.078506
-0.8694	0.078395
-0.8692	0.078286
-0.8690	0.078176
-0.8688	0.078067
-0.8686	0.077959
-0.8684	0.077851
-0.8682	0.077744
-0.8680	0.077636
-0.8678	0.077530
-0.8676	0.077424
-0.8674	0.077318
-0.8672	0.077213
-0.8670	0.077108
-0.8668	0.077003
-0.8666	0.076899
-0.8664	0.076796
-0.8662	0.076693
-0.8660	0.076590
-0.8658	0.076488
-0.8656	0.076386
-0.8654	0.076284
-0.8652	0.076183
-0.8650	0.076083
-0.8648	0.075983
-0.8646	0.075883
-0.8644	0.075784
-0.8642	0.075685
-0.8640	0.075586
-0.8638	0.075488
-0.8636	0.075390
-0.8634	0.075293
-0.8632	0.075196
-0.8630	0.075100
-0.8628	0.075004
-0.8626	0.074908
-0.8624	0.074813
-0.8622	0.074718
-0.8620	0.074624
-0.8618	0.074529
-0.8616	0.074436
-0.8614	0.074342
-0.8612	0.074249
-0.8610	0.074157
-0.8608	0.074065
-0.8606	0.073973
-0.8604	0.073882
-0.8602	0.073791
-0.8600	0.073700
-0.8598	0.073610
-0.8596	0.073520
-0.8594	0.073430
-0.8592	0.073341
-0.8590	0.073252
-0.8588	0.073164
-0.8586	0.073076
-0.8584	0.072988
-0.8582	0.072901
-0.8580	0.072814
-0.8578	0.072727
-0.8576	0.072641
-0.8574	0.072555
-0.8572	0.072470
-0.8570	0.072385
-0.8568	0.072300
-0.8566	0.072215
-0.8564	0.072131
-0.8562	0.072048
-0.8560	0.071964
-0.8558	0.071881
-0.8556	0.071798
-0.8554	0.071716
-0.8552	0.071634
-0.8550	0.071552
-0.8548	0.071471
-0.8546	0.071390
-0.8544	0.071309
-0.8542	0.071229
-0.8540	0.071149
-0.8538	0.071069
-0.8536	0.070990
-0.8534	0.070911
-0.8532	0.070832
-0.8530	0.070754
-0.8528	0.070676
-0.8526	0.070598
-0.8524	0.070521
-0.8522	0.070444
-0.8520	0.070367
-0.8518	0.070290
-0.8516	0.070214
-0.8514	0.070138
-0.8512	0.070063
-0.8510	0.069988
-0.8508	0.069913
-0.8506	0.069838
-0.8504	0.069764
-0.8502	0.069690
-0.8500	0.069617
-0.8498	0.069543
-0.8496	0.069470
-0.8494	0.069398
-0.8492	0.069325
-0.8490	0.069253
-0.8488	0.069181
-0.8486	0.069110
-0.8484	0.069039
-0.8482	0.068968
-0.8480	0.068897
-0.8478	0.068827
-0.8476	0.068757
-0.8474	0.068687
-0.8472	0.068618
-0.8470	0.068549
-0.8468	0.068480
-0.8466	0.068411
-0.8464	0.068343
-0.8462	0.068275
-0.8460	0.068207
-0.8458	0.068140
-0.8456	0.068073
-0.8454	0.068006
-0.8452	0.067940
-0.8450	0.067873
-0.8448	0.067807
-0.8446	0.067742
-0.8444	0.067676
-0.8442	0.067611
-0.8440	0.067546
-0.8438	0.067482
-0.8436	0.067417
-0.8434	0.067353
-0.8432	0.067289
-0.8430	0.067226
-0.8428	0.067163
-0.8426	0.067100
-0.8424	0.067037
-0.8422	0.066974
-0.8420	0.066912
-0.8418	0.066850
-0.8416	0.066789
-0.8414	0.066727
-0.8412	0.066666
-0.8410	0.066605
-0.8408	0.066545
-0.8406	0.066484
-0.8404	0.066424
-0.8402	0.066365
-0.8400	0.066305
-0.8398	0.066246
-0.8396	0.066187
-0.8394	0.066128
-0.8392	0.066069
-0.8390	0.066011
-0.8388	0.065953
-0.8386	0.065895
-0.8384	0.065838
-0.8382	0.065780
-0.8380	0.065723
-0.8378	0.065666
-0.8376	0.065610
-0.8374	0.065554
-0.8372	0.065498
-0.8370	0.065442
-0.8368	0.065386
-0.8366	0.065331
-0.8364	0.065276
-0.8362	0.065221
-0.8360	0.065166
-0.8358	0.065112
-0.8356	0.065058
-0.8354	0.065004
-0.8352	0.064950
-0.8350	0.064897
-0.8348	0.064844
-0.8346	0.064791
-0.8344	0.064738
-0.8342	0.064686
-0.8340	0.064633
-0.8338	0.064581
-0.8336	0.064530
-0.8334	0.064478
-0.8332	0.064427
-0.8330	0.064376
-0.8328	0.064325
-0.8326	0.064274
-0.8324	0.064224
-0.8322	0.064173
-0.8320	0.064123
-0.8318	0.064074
-0.8316	0.064024
-0.8314	0.063975
-0.8312	0.063926
-0.8310	0.063877
-0.8308	0.063828
-0.8306	0.063780
-0.8304	0.063732
-0.8302	0.063684
-0.8300	0.063636
-0.8298	0.063589
-0.8296	0.063541
-0.8294	0.063494
-0.8292	0.063447
-0.8290	0.063401
-0.8288	0.063354
-0.8286	0.063308
-0.8284	0.063262
-0.8282	0.063216
-0.8280	0.063170
-0.8278	0.063125
-0.8276	0.063080
-0.8274	0.063035
-0.8272	0.062990
-0.8270	0.062946
-0.8268	0.062901
-0.8266	0.062857
-0.8264	0.062813
-0.8262	0.062770
-0.8260	0.062726
-0.8258	0.062683
-0.8256	0.062640
-0.8254	0.062597
-0.8252	0.062554
-0.8250	0.062511
-0.8248	0.062469
-0.8246	0.062427
-0.8244	0.062385
-0.8242	0.062344
-0.8240	0.062302
-0.8238	0.062261
-0.8236	0.062220
-0.8234	0.062179
-0.8232	0.062138
-0.8230	0.062098
-0.8228	0.062057
-0.8226	0.062017
-0.8224	0.061977
-0.8222	0.061938
-0.8220	0.061898
-0.8218	0.061859
-0.8216	0.061820
-0.8214	0.061781
-0.8212	0.061742
-0.8210	0.061703
-0.8208	0.061665
-0.8206	0.061627
-0.8204	0.061589
-0.8202	0.061551
-0.8200	0.061513
-0.8198	0.061476
-0.8196	0.061439
-0.8194	0.061402
-0.8192	0.061365
-0.8190	0.061328
-0.8188	0.061292
-0.8186	0.061255
-0.8184	0.061219
-0.8182	0.061183
-0.8180	0.061148
-0.8178	0.061112
-0.8176	0.061077
-0.8174	0.061042
-0.8172	0.061007
-0.8170	0.060972
-0.8168	0.060937
-0.8166	0.060903
-0.8164	0.060868
-0.8162	0.060834
-0.8160	0.060800
-0.8158	0.060767
-0.8156	0.060733
-0.8154	0.060700
-0.8152	0.060666
-0.8150	0.060633
-0.8148	0.060601
-0.8146	0.060568
-0.8144	0.060535
-0.8142	0.060503
-0.8140	0.060471
-0.8138	0.060439
-0.8136	0.060407
-0.8134	0.060376
-0.8132	0.060344
-0.8130	0.060313
-0.8128	0.060282
-0.8126	0.060251
-0.8124	0.060220
-0.8122	0.060190
-0.8120	0.060159
-0.8118	0.060129
-0.8116	0.060099
-0.8114	0.060069
-0.8112	0.060039
-0.8110	0.060010
-0.8108	0.059980
-0.8106	0.059951
-0.8104	0.059922
-0.8102	0.059893
-0.8100	0.059864
-0.8098	0.059836
-0.8096	0.059807
-0.8094	0.059779
-0.8092	0.059751
-0.8090	0.059723
-0.8088	0.059696
-0.8086	0.059668
-0.8084	0.059641
-0.8082	0.059613
-0.8080	0.059586
-0.8078	0.059560
-0.8076	0.059533
-0.8074	0.059506
-0.8072	0.059480
-0.8070	0.059454
-0.8068	0.059428
-0.8066	0.059402
-0.8064	0.059376
-0.8062	0.059350
-0.8060	0.059325
-0.8058	0.059300
-0.8056	0.059274
-0.8054	0.059250
-0.8052	0.059225
-0.8050	0.059200
-0.8048	0.059176
-0.8046	0.059151
-0.8044	0.059127
-0.8042	0.059103
-0.8040	0.059079
-0.8038	0.059056
-0.8036	0.059032
-0.8034	0.059009
-0.8032	0.058986
-0.8030	0.058963
-0.8028	0.058940
-0.8026	0.058917
-0.8024	0.058894
-0.8022	0.058872
-0.8020	0.058850
-0.8018	0.058827
-0.8016	0.058805
-0.8014	0.058784
-0.8012	0.058762
-0.8010	0.058741
-0.8008	0.058719
-0.8006	0.058698
-0.8004	0.058677
-0.8002	0.058656
-0.8000	0.058635
-0.7998	0.058615
-0.7996	0.058594
-0.7994	0.058574
-0.7992	0.058554
-0.7990	0.058534
-0.7988	0.058514
-0.7986	0.058494
-0.7984	0.058475
-0.7982	0.058455
-0.7980	0.058436
-0.7978	0.058417
-0.7976	0.058398
-0.7974	0.058379
-0.7972	0.058361
-0.7970	0.058342
-0.7968	0.058324
-0.7966	0.058306
-0.7964	0.058288
-0.7962	0.058270
-0.7960	0.058252
-0.7958	0.058234
-0.7956	0.058217
-0.7954	0.058200
-0.7952	0.058182
-0.7950	0.058165
-0.7948	0.058149
-0.7946	0.058132
-0.7944	0.058115
-0.7942	0.058099
-0.7940	0.058083
-0.7938	0.058066
-0.7936	0.058050
-0.7934	0.058035
-0.7932	0.058019
-0.7930	0.058003
-0.7928	0.057988
-0.7926	0.057973
-0.7924	0.057957
-0.7922	0.057942
-0.7920	0.057928
-0.7918	0.057913
-0.7916	0.057898
-0.7914	0.057884
-0.7912	0.057870
-0.7910	0.057855
-0.7908	0.057841
-0.7906	0.057828
-0.7904	0.057814
-0.7902	0.057800
-0.7900	0.057787
-0.7898	0.057774
-0.7896	0.057760
-0.7894	0.057747
-0.7892	0.057735
-0.7890	0.057722
-0.7888	0.057709
-0.7886	0.057697
-0.7884	0.057685
-0.7882	0.057672
-0.7880	0.057660
-0.7878	0.057648
-0.7876	0.057637
-0.7874	0.057625
-0.7872	0.057614
-0.7870	0.057602
-0.7868	0.057591
-0.7866	0.057580
-0.7864	0.057569
-0.7862	0.057558
-0.7860	0.057548
-0.7858	0.057537
-0.7856	0.057527
-0.7854	0.057517
-0.7852	0.057507
-0.7850	0.057497
-0.7848	0.057487
-0.7846	0.057477
-0.7844	0.057468
-0.7842	0.057458
-0.7840	0.057449
-0.7838	0.057440
-0.7836	0.057431
-0.7834	0.057422
-0.7832	0.057413
-0.7830	0.057405
-0.7828	0.057396
-0.7826	0.057388
-0.7824	0.057380
-0.7822	0.057372
-0.7820	0.057364
-0.7818	0.057356
-0.7816	0.057348
-0.7814	0.057341
-0.7812	0.057333
-0.7810	0.057326
-0.7808	0.057319
-0.7806	0.057312
-0.7804	0.057305
-0.7802	0.057299
-0.7800	0.057292
-0.7798	0.057286
-0.7796	0.057279
-0.7794	0.057273
-0.7792	0.057267
-0.7790	0.057261
-0.7788	0.057256
-0.7786	0.057250
-0.7784	0.057244
-0.7782	0.057239
-0.7780	0.057234
-0.7778	0.057229
-0.7776	0.057224
-0.7774	0.057219
-0.7772	0.057214
-0.7770	0.057210
-0.7768	0.057205
-0.7766	0.057201
-0.7764	0.057197
-0.7762	0.057193
-0.7760	0.057189
-0.7758	0.057185
-0.7756	0.057182
-0.7754	0.057178
-0.7752	0.057175
-0.7750	0.057172
-0.7748	0.057168
-0.7746	0.057165
-0.7744	0.057163
-0.7742	0.057160
-0.7740	0.057157
-0.7738	0.057155
-0.7736	0.057153
-0.7734	0.057151
-0.7732	0.057148
-0.7730	0.057147
-0.7728	0.057145
-0.7726	0.057143
-0.7724	0.057142
-0.7722	0.057140
-0.7720	0.057139
-0.7718	0.057138
-0.7716	0.057137
-0.7714	0.057136
-0.7712	0.057135
-0.7710	0.057135
-0.7708	0.057134
-0.7706	0.057134
-0.7704	0.057134
-0.7702	0.057134
-0.7700	0.057134
-0.7698	0.057134
-0.7696	0.057134
-0.7694	0.057135
-0.7692	0.057135
-0.7690	0.057136
-0.7688	0.057137
-0.7686	0.057138
-0.7684	0.057139
-0.7682	0.057140
-0.7680	0.057142
-0.7678	0.057143
-0.7676	0.057145
-0.7674	0.057147
-0.7672	0.057149
-0.7670	0.057151
-0.7668	0.057153
-0.7666	0.057155
-0.7664	0.057157
-0.7662	0.057160
-0.7660	0.057163
-0.7658	0.057166
-0.7656	0.057168
-0.7654	0.057172
-0.7652	0.057175
-0.7650	0.057178
-0.7648	0.057182
-0.7646	0.057185
-0.7644	0.057189
-0.7642	0.057193
-0.7640	0.057197
-0.7638	0.057201
-0.7636	0.057205
-0.7634	0.057210
-0.7632	0.057214
-0.7630	0.057219
-0.7628	0.057224
-0.7626	0.057228
-0.7624	0.057234
-0.7622	0.057239
-0.7620	0.057244
-0.7618	0.057249
-0.7616	0.057255
-0.7614	0.057261
-0.7612	0.057267
-0.7610	0.057273
-0.7608	0.057279
-0.7606	0.057285
-0.7604	0.057291
-0.7602	0.057298
-0.7600	0.057304
-0.7598	0.057311
-0.7596	0.057318
-0.7594	0.057325
-0.7592	0.057332
-0.7590	0.057339
-0.7588	0.057347
-0.7586	0.057354
-0.7584	0.057362
-0.7582	0.057370
-0.7580	0.057378
-0.7578	0.057386
-0.7576	0.057394
-0.7574	0.057402
-0.7572	0.057411
-0.7570	0.057419
-0.7568	0.057428
-0.7566	0.057437
-0.7564	0.057446
-0.7562	0.057455
-0.7560	0.057464
-0.7558	0.057474
-0.7556	0.057483
-0.7554	0.057493
-0.7552	0.057503
-0.7550	0.057513
-0.7548	0.057523
-0.7546	0.057533
-0.7544	0.057543
-0.7542	0.057554
-0.7540	0.057564
-0.7538	0.057575
-0.7536	0.057586
-0.7534	0.057597
-0.7532	0.057608
-0.7530	0.057619
-0.7528	0.057631
-0.7526	0.057642
-0.7524	0.057654
-0.7522	0.057666
-0.7520	0.057678
-0.7518	0.057690
-0.7516	0.057702
-0.7514	0.057714
-0.7512	0.057727
-0.7510	0.057739
-0.7508	0.057752
-0.7506	0.057765
-0.7504	0.057778
-0.7502	0.057791
-0.7500	0.057804
-0.7498	0.057818
-0.7496	0.057831
-0.7494	0.057845
-0.7492	0.057859
-0.7490	0.057873
-0.7488	0.057887
-0.7486	0.057901
-0.7484	0.057915
-0.7482	0.057930
-0.7480	0.057944
-0.7478	0.057959
-0.7476	0.057974
-0.7474	0.057989
-0.7472	0.058004
-0.7470	0.058020
-0.7468	0.058035
-0.7466	0.058051
-0.7464	0.058066
-0.7462	0.058082
-0.7460	0.058098
-0.7458	0.058114
-0.7456	0.058131
-0.7454	0.058147
-0.7452	0.058163
-0.7450	0.058180
-0.7448	0.058197
-0.7446	0.058214
-0.7444	0.058231
-0.7442	0.058248
-0.7440	0.058266
-0.7438	0.058283
-0.7436	0.058301
-0.7434	0.058319
-0.7432	0.058337
-0.7430	0.058355
-0.7428	0.058373
-0.7426	0.058391
-0.7424	0.058410
-0.7422	0.058428
-0.7420	0.058447
-0.7418	0.058466
-0.7416	0.058485
-0.7414	0.058504
-0.7412	0.058524
-0.7410	0.058543
-0.7408	0.058563
-0.7406	0.058582
-0.7404	0.058602
-0.7402	0.058622
-0.7400	0.058643
-0.7398	0.058663
-0.7396	0.058683
-0.7394	0.058704
-0.7392	0.058725
-0.7390	0.058746
-0.7388	0.058767
-0.7386	0.058788
-0.7384	0.058809
-0.7382	0.058831
-0.7380	0.058852
-0.7378	0.058874
-0.7376	0.058896
-0.7374	0.058918
-0.7372	0.058940
-0.7370	0.058963
-0.7368	0.058985
-0.7366	0.059008
-0.7364	0.059030
-0.7362	0.059053
-0.7360	0.059076
-0.7358	0.059100
-0.7356	0.059123
-0.7354	0.059146
-0.7352	0.059170
-0.7350	0.059194
-0.7348	0.059218
-0.7346	0.059242
-0.7344	0.059266
-0.7342	0.059291
-0.7340	0.059315
-0.7338	0.059340
-0.7336	0.059365
-0.7334	0.059390
-0.7332	0.059415
-0.7330	0.059440
-0.7328	0.059465
-0.7326	0.059491
-0.7324	0.059517
-0.7322	0.059543
-0.7320	0.059569
-0.7318	0.059595
-0.7316	0.059621
-0.7314	0.059648
-0.7312	0.059674
-0.7310	0.059701
-0.7308	0.059728
-0.7306	0.059755
-0.7304	0.059782
-0.7302	0.059810
-0.7300	0.059837
-0.7298	0.059865
-0.7296	0.059893
-0.7294	0.059921
-0.7292	0.059949
-0.7290	0.059977
-0.7288	0.060006
-0.7286	0.060034
-0.7284	0.060063
-0.7282	0.060092
-0.7280	0.060121
-0.7278	0.060151
-0.7276	0.060180
-0.7274	0.060210
-0.7272	0.060239
-0.7270	0.060269
-0.7268	0.060299
-0.7266	0.060329
-0.7264	0.060360
-0.7262	0.060390
-0.7260	0.060421
-0.7258	0.060452
-0.7256	0.060483
-0.7254	0.060514
-0.7252	0.060545
-0.7250	0.060577
-0.7248	0.060608
-0.7246	0.060640
-0.7244	0.060672
-0.7242	0.060704
-0.7240	0.060736
-0.7238	0.060769
-0.7236	0.060801
-0.7234	0.060834
-0.7232	0.060867
-0.7230	0.060900
-0.7228	0.060933
-0.7226	0.060967
-0.7224	0.061000
-0.7222	0.061034
-0.7220	0.061068
-0.7218	0.061102
-0.7216	0.061136
-0.7214	0.061171
-0.7212	0.061205
-0.7210	0.061240
-0.7208	0.061275
-0.7206	0.061310
-0.7204	0.061345
-0.7202	0.061380
-0.7200	0.061416
-0.7198	0.061452
-0.7196	0.061488
-0.7194	0.061524
-0.7192	0.061560
-0.7190	0.061596
-0.7188	0.061633
-0.7186	0.061670
-0.7184	0.061707
-0.7182	0.061744
-0.7180	0.061781
-0.7178	0.061818
-0.7176	0.061856
-0.7174	0.061894
-0.7172	0.061932
-0.7170	0.061970
-0.7168	0.062008
-0.7166	0.062047
-0.7164	0.062085
-0.7162	0.062124
-0.7160	0.062163
-0.7158	0.062202
-0.7156	0.062242
-0.7154	0.062281
-0.7152	0.062321
-0.7150	0.062361
-0.7148	0.062401
-0.7146	0.062441
-0.7144	0.062482
-0.7142	0.062522
-0.7140	0.062563
-0.7138	0.062604
-0.7136	0.062645
-0.7134	0.062687
-0.7132	0.062728
-0.7130	0.062770
-0.7128	0.062812
-0.7126	0.062854
-0.7124	0.062896
-0.7122	0.062938
-0.7120	0.062981
-0.7118	0.063024
-0.7116	0.063067
-0.7114	0.063110
-0.7112	0.063153
-0.7110	0.063197
-0.7108	0.063241
-0.7106	0.063285
-0.7104	0.063329
-0.7102	0.063373
-0.7100	0.063417
-0.7098	0.063462
-0.7096	0.063507
-0.7094	0.063552
-0.7092	0.063597
-0.7090	0.063643
-0.7088	0.063688
-0.7086	0.063734
-0.7084	0.063780
-0.7082	0.063826
-0.7080	0.063873
-0.7078	0.063919
-0.7076	0.063966
-0.7074	0.064013
-0.7072	0.064060
-0.7070	0.064108
-0.7068	0.064155
-0.7066	0.064203
-0.7064	0.064251
-0.7062	0.064299
-0.7060	0.064347
-0.7058	0.064396
-0.7056	0.064445
-0.7054	0.064494
-0.7052	0.064543
-0.7050	0.064592
-0.7048	0.064642
-0.7046	0.064692
-0.7044	0.064742
-0.7042	0.064792
-0.7040	0.064842
-0.7038	0.064893
-0.7036	0.064943
-0.7034	0.064994
-0.7032	0.065046
-0.7030	0.065097
-0.7028	0.065149
-0.7026	0.065200
-0.7024	0.065252
-0.7022	0.065305
-0.7020	0.065357
-0.7018	0.065410
-0.7016	0.065463
-0.7014	0.065516
-0.7012	0.065569
-0.7010	0.065623
-0.7008	0.065676
-0.7006	0.065730
-0.7004	0.065784
-0.7002	0.065839
-0.7000	0.065893
-0.6998	0.065948
-0.6996	0.066003
-0.6994	0.066058
-0.6992	0.066114
-0.6990	0.066169
-0.6988	0.066225
-0.6986	0.066281
-0.6984	0.066338
-0.6982	0.066394
-0.6980	0.066451
-0.6978	0.066508
-0.6976	0.066565
-0.6974	0.066623
-0.6972	0.066680
-0.6970	0.066738
-0.6968	0.066796
-0.6966	0.066855
-0.6964	0.066913
-0.6962	0.066972
-0.6960	0.067031
-0.6958	0.067090
-0.6956	0.067150
-0.6954	0.067210
-0.6952	0.067270
-0.6950	0.067330
-0.6948	0.067390
-0.6946	0.067451
-0.6944	0.067512
-0.6942	0.067573
-0.6940	0.067634
-0.6938	0.067696
-0.6936	0.067758
-0.6934	0.067820
-0.6932	0.067882
-0.6930	0.067945
-0.6928	0.068007
-0.6926	0.068070
-0.6924	0.068134
-0.6922	0.068197
-0.6920	0.068261
-0.6918	0.068325
-0.6916	0.068389
-0.6914	0.068454
-0.6912	0.068518
-0.6910	0.068583
-0.6908	0.068649
-0.6906	0.068714
-0.6904	0.068780
-0.6902	0.068846
-0.6900	0.068912
-0.6898	0.068979
-0.6896	0.069045
-0.6894	0.069112
-0.6892	0.069179
-0.6890	0.069247
-0.6888	0.069315
-0.6886	0.069383
-0.6884	0.069451
-0.6882	0.069520
-0.6880	0.069588
-0.6878	0.069657
-0.6876	0.069727
-0.6874	0.069796
-0.6872	0.069866
-0.6870	0.069936
-0.6868	0.070006
-0.6866	0.070077
-0.6864	0.070148
-0.6862	0.070219
-0.6860	0.070291
-0.6858	0.070362
-0.6856	0.070434
-0.6854	0.070506
-0.6852	0.070579
-0.6850	0.070652
-0.6848	0.070725
-0.6846	0.070798
-0.6844	0.070872
-0.6842	0.070946
-0.6840	0.071020
-0.6838	0.071094
-0.6836	0.071169
-0.6834	0.071244
-0.6832	0.071319
-0.6830	0.071395
-0.6828	0.071470
-0.6826	0.071547
-0.6824	0.071623
-0.6822	0.071700
-0.6820	0.071777
-0.6818	0.071854
-0.6816	0.071931
-0.6814	0.072009
-0.6812	0.072087
-0.6810	0.072166
-0.6808	0.072244
-0.6806	0.072323
-0.6804	0.072403
-0.6802	0.072482
-0.6800	0.072562
-0.6798	0.072642
-0.6796	0.072723
-0.6794	0.072804
-0.6792	0.072885
-0.6790	0.072966
-0.6788	0.073048
-0.6786	0.073130
-0.6784	0.073212
-0.6782	0.073295
-0.6780	0.073378
-0.6778	0.073461
-0.6776	0.073544
-0.6774	0.073628
-0.6772	0.073712
-0.6770	0.073797
-0.6768	0.073881
-0.6766	0.073967
-0.6764	0.074052
-0.6762	0.074138
-0.6760	0.074224
-0.6758	0.074310
-0.6756	0.074397
-0.6754	0.074484
-0.6752	0.074571
-0.6750	0.074659
-0.6748	0.074747
-0.6746	0.074835
-0.6744	0.074924
-0.6742	0.075012
-0.6740	0.075102
-0.6738	0.075191
-0.6736	0.075281
-0.6734	0.075372
-0.6732	0.075462
-0.6730	0.075553
-0.6728	0.075644
-0.6726	0.075736
-0.6724	0.075828
-0.6722	0.075920
-0.6720	0.076013
-0.6718	0.076106
-0.6716	0.076199
-0.6714	0.076293
-0.6712	0.076387
-0.6710	0.076481
-0.6708	0.076576
-0.6706	0.076671
-0.6704	0.076767
-0.6702	0.076862
-0.6700	0.076959
-0.6698	0.077055
-0.6696	0.077152
-0.6694	0.077249
-0.6692	0.077347
-0.6690	0.077445
-0.6688	0.077543
-0.6686	0.077642
-0.6684	0.077741
-0.6682	0.077840
-0.6680	0.077940
-0.6678	0.078040
-0.6676	0.078140
-0.6674	0.078241
-0.6672	0.078343
-0.6670	0.078444
-0.6668	0.078546
-0.6666	0.078649
-0.6664	0.078751
-0.6662	0.078855
-0.6660	0.078958
-0.6658	0.079062
-0.6656	0.079166
-0.6654	0.079271
-0.6652	0.079376
-0.6650	0.079482
-0.6648	0.079587
-0.6646	0.079694
-0.6644	0.079800
-0.6642	0.079907
-0.6640	0.080015
-0.6638	0.080123
-0.6636	0.080231
-0.6634	0.080340
-0.6632	0.080449
-0.6630	0.080558
-0.6628	0.080668
-0.6626	0.080778
-0.6624	0.080889
-0.6622	0.081000
-0.6620	0.081112
-0.6618	0.081224
-0.6616	0.081336
-0.6614	0.081449
-0.6612	0.081562
-0.6610	0.081676
-0.6608	0.081790
-0.6606	0.081904
-0.6604	0.082019
-0.6602	0.082134
-0.6600	0.082250
-0.6598	0.082366
-0.6596	0.082483
-0.6594	0.082600
-0.6592	0.082718
-0.6590	0.082836
-0.6588	0.082954
-0.6586	0.083073
-0.6584	0.083192
-0.6582	0.083312
-0.6580	0.083432
-0.6578	0.083553
-0.6576	0.083674
-0.6574	0.083795
-0.6572	0.083917
-0.6570	0.084040
-0.6568	0.084163
-0.6566	0.084286
-0.6564	0.084410
-0.6562	0.084534
-0.6560	0.084659
-0.6558	0.084785
-0.6556	0.084910
-0.6554	0.085036
-0.6552	0.085163
-0.6550	0.085290
-0.6548	0.085418
-0.6546	0.085546
-0.6544	0.085675
-0.6542	0.085804
-0.6540	0.085933
-0.6538	0.086064
-0.6536	0.086194
-0.6534	0.086325
-0.6532	0.086457
-0.6530	0.086589
-0.6528	0.086721
-0.6526	0.086855
-0.6524	0.086988
-0.6522	0.087122
-0.6520	0.087257
-0.6518	0.087392
-0.6516	0.087528
-0.6514	0.087664
-0.6512	0.087800
-0.6510	0.087938
-0.6508	0.088075
-0.6506	0.088214
-0.6504	0.088352
-0.6502	0.088492
-0.6500	0.088631
-0.6498	0.088772
-0.6496	0.088913
-0.6494	0.089054
-0.6492	0.089196
-0.6490	0.089339
-0.6488	0.089482
-0.6486	0.089625
-0.6484	0.089770
-0.6482	0.089914
-0.6480	0.090060
-0.6478	0.090205
-0.6476	0.090352
-0.6474	0.090499
-0.6472	0.090646
-0.6470	0.090794
-0.6468	0.090943
-0.6466	0.091092
-0.6464	0.091242
-0.6462	0.091393
-0.6460	0.091544
-0.6458	0.091695
-0.6456	0.091847
-0.6454	0.092000
-0.6452	0.092153
-0.6450	0.092307
-0.6448	0.092462
-0.6446	0.092617
-0.6444	0.092773
-0.6442	0.092929
-0.6440	0.093086
-0.6438	0.093244
-0.6436	0.093402
-0.6434	0.093561
-0.6432	0.093720
-0.6430	0.093880
-0.6428	0.094041
-0.6426	0.094202
-0.6424	0.094364
-0.6422	0.094526
-0.6420	0.094690
-0.6418	0.094853
-0.6416	0.095018
-0.6414	0.095183
-0.6412	0.095349
-0.6410	0.095515
-0.6408	0.095682
-0.6406	0.095850
-0.6404	0.096018
-0.6402	0.096187
-0.6400	0.096357
-0.6398	0.096527
-0.6396	0.096698
-0.6394	0.096870
-0.6392	0.097042
-0.6390	0.097215
-0.6388	0.097389
-0.6386	0.097564
-0.6384	0.097739
-0.6382	0.097915
-0.6380	0.098091
-0.6378	0.098268
-0.6376	0.098446
-0.6374	0.098625
-0.6372	0.098804
-0.6370	0.098984
-0.6368	0.099165
-0.6366	0.099347
-0.6364	0.099529
-0.6362	0.099712
-0.6360	0.099895
-0.6358	0.100080
-0.6356	0.100265
-0.6354	0.100451
-0.6352	0.100637
-0.6350	0.100825
-0.6348	0.101013
-0.6346	0.101202
-0.6344	0.101391
-0.6342	0.101582
-0.6340	0.101773
-0.6338	0.101965
-0.6336	0.102158
-0.6334	0.102351
-0.6332	0.102545
-0.6330	0.102740
-0.6328	0.102936
-0.6326	0.103133
-0.6324	0.103330
-0.6322	0.103529
-0.6320	0.103728
-0.6318	0.103927
-0.6316	0.104128
-0.6314	0.104329
-0.6312	0.104532
-0.6310	0.104735
-0.6308	0.104939
-0.6306	0.105143
-0.6304	0.105349
-0.6302	0.105555
-0.6300	0.105763
-0.6298	0.105971
-0.6296	0.106180
-0.6294	0.106390
-0.6292	0.106600
-0.6290	0.106812
-0.6288	0.107024
-0.6286	0.107237
-0.6284	0.107452
-0.6282	0.107667
-0.6280	0.107883
-0.6278	0.108099
-0.6276	0.108317
-0.6274	0.108536
-0.6272	0.108755
-0.6270	0.108975
-0.6268	0.109197
-0.6266	0.109419
-0.6264	0.109642
-0.6262	0.109866
-0.6260	0.110091
-0.6258	0.110317
-0.6256	0.110544
-0.6254	0.110772
-0.6252	0.111000
-0.6250	0.111230
-0.6248	0.111461
-0.6246	0.111692
-0.6244	0.111925
-0.6242	0.112158
-0.6240	0.112393
-0.6238	0.112628
-0.6236	0.112865
-0.6234	0.113102
-0.6232	0.113341
-0.6230	0.113580
-0.6228	0.113821
-0.6226	0.114062
-0.6224	0.114305
-0.6222	0.114548
-0.6220	0.114793
-0.6218	0.115038
-0.6216	0.115285
-0.6214	0.115533
-0.6212	0.115781
-0.6210	0.116031
-0.6208	0.116282
-0.6206	0.116534
-0.6204	0.116787
-0.6202	0.117041
-0.6200	0.117296
-0.6198	0.117552
-0.6196	0.117809
-0.6194	0.118067
-0.6192	0.118327
-0.6190	0.118587
-0.6188	0.118849
-0.6186	0.119112
-0.6184	0.119376
-0.6182	0.119641
-0.6180	0.119907
-0.6178	0.120174
-0.6176	0.120442
-0.6174	0.120712
-0.6172	0.120983
-0.6170	0.121255
-0.6168	0.121528
-0.6166	0.121802
-0.6164	0.122077
-0.6162	0.122354
-0.6160	0.122632
-0.6158	0.122911
-0.6156	0.123191
-0.6154	0.123472
-0.6152	0.123755
-0.6150	0.124039
-0.6148	0.124324
-0.6146	0.124610
-0.6144	0.124898
-0.6142	0.125187
-0.6140	0.125477
-0.6138	0.125768
-0.6136	0.126061
-0.6134	0.126354
-0.6132	0.126650
-0.6130	0.126946
-0.6128	0.127244
-0.6126	0.127543
-0.6124	0.127843
-0.6122	0.128145
-0.6120	0.128448
-0.6118	0.128752
-0.6116	0.129058
-0.6114	0.129365
-0.6112	0.129673
-0.6110	0.129983
-0.6108	0.130294
-0.6106	0.130606
-0.6104	0.130920
-0.6102	0.131235
-0.6100	0.131551
-0.6098	0.131869
-0.6096	0.132189
-0.6094	0.132510
-0.6092	0.132832
-0.6090	0.133155
-0.6088	0.133480
-0.6086	0.133807
-0.6084	0.134135
-0.6082	0.134464
-0.6080	0.134795
-0.6078	0.135128
-0.6076	0.135461
-0.6074	0.135797
-0.6072	0.136133
-0.6070	0.136472
-0.6068	0.136812
-0.6066	0.137153
-0.6064	0.137496
-0.6062	0.137840
-0.6060	0.138186
-0.6058	0.138534
-0.6056	0.138883
-0.6054	0.139233
-0.6052	0.139586
-0.6050	0.139939
-0.6048	0.140295
-0.6046	0.140652
-0.6044	0.141010
-0.6042	0.141371
-0.6040	0.141733
-0.6038	0.142096
-0.6036	0.142461
-0.6034	0.142828
-0.6032	0.143196
-0.6030	0.143567
-0.6028	0.143938
-0.6026	0.144312
-0.6024	0.144687
-0.6022	0.145064
-0.6020	0.145442
-0.6018	0.145823
-0.6016	0.146205
-0.6014	0.146589
-0.6012	0.146974
-0.6010	0.147361
-0.6008	0.147751
-0.6006	0.148141
-0.6004	0.148534
-0.6002	0.148929
-0.6000	0.149325
-0.5998	0.149723
-0.5996	0.150123
-0.5994	0.150524
-0.5992	0.150928
-0.5990	0.151333
-0.5988	0.151741
-0.5986	0.152150
-0.5984	0.152561
-0.5982	0.152974
-0.5980	0.153389
-0.5978	0.153805
-0.5976	0.154224
-0.5974	0.154645
-0.5972	0.155067
-0.5970	0.155492
-0.5968	0.155918
-0.5966	0.156347
-0.5964	0.156777
-0.5962	0.157210
-0.5960	0.157644
-0.5958	0.158080
-0.5956	0.158519
-0.5954	0.158959
-0.5952	0.159402
-0.5950	0.159847
-0.5948	0.160293
-0.5946	0.160742
-0.5944	0.161193
-0.5942	0.161646
-0.5940	0.162101
-0.5938	0.162558
-0.5936	0.163017
-0.5934	0.163479
-0.5932	0.163942
-0.5930	0.164408
-0.5928	0.164876
-0.5926	0.165346
-0.5924	0.165819
-0.5922	0.166293
-0.5920	0.166770
-0.5918	0.167249
-0.5916	0.167730
-0.5914	0.168214
-0.5912	0.168700
-0.5910	0.169188
-0.5908	0.169678
-0.5906	0.170171
-0.5904	0.170666
-0.5902	0.171163
-0.5900	0.171663
-0.5898	0.172165
-0.5896	0.172669
-0.5894	0.173176
-0.5892	0.173685
-0.5890	0.174197
-0.5888	0.174711
-0.5886	0.175227
-0.5884	0.175746
-0.5882	0.176267
-0.5880	0.176791
-0.5878	0.177317
-0.5876	0.177845
-0.5874	0.178377
-0.5872	0.178910
-0.5870	0.179447
-0.5868	0.179985
-0.5866	0.180527
-0.5864	0.181070
-0.5862	0.181617
-0.5860	0.182166
-0.5858	0.182717
-0.5856	0.183271
-0.5854	0.183828
-0.5852	0.184388
-0.5850	0.184950
-0.5848	0.185515
-0.5846	0.186082
-0.5844	0.186652
-0.5842	0.187225
-0.5840	0.187800
-0.5838	0.188379
-0.5836	0.188960
-0.5834	0.189543
-0.5832	0.190130
-0.5830	0.190719
-0.5828	0.191311
-0.5826	0.191906
-0.5824	0.192504
-0.5822	0.193104
-0.5820	0.193707
-0.5818	0.194314
-0.5816	0.194923
-0.5814	0.195535
-0.5812	0.196149
-0.5810	0.196767
-0.5808	0.197388
-0.5806	0.198011
-0.5804	0.198638
-0.5802	0.199267
-0.5800	0.199900
-0.5798	0.200535
-0.5796	0.201174
-0.5794	0.201815
-0.5792	0.202460
-0.5790	0.203107
-0.5788	0.203758
-0.5786	0.204411
-0.5784	0.205068
-0.5782	0.205728
-0.5780	0.206391
-0.5778	0.207057
-0.5776	0.207726
-0.5774	0.208398
-0.5772	0.209073
-0.5770	0.209752
-0.5768	0.210434
-0.5766	0.211119
-0.5764	0.211807
-0.5762	0.212498
-0.5760	0.213193
-0.5758	0.213891
-0.5756	0.214592
-0.5754	0.215296
-0.5752	0.216004
-0.5750	0.216715
-0.5748	0.217429
-0.5746	0.218146
-0.5744	0.218867
-0.5742	0.219591
-0.5740	0.220319
-0.5738	0.221050
-0.5736	0.221784
-0.5734	0.222522
-0.5732	0.223263
-0.5730	0.224007
-0.5728	0.224755
-0.5726	0.225507
-0.5724	0.226261
-0.5722	0.227019
-0.5720	0.227781
-0.5718	0.228546
-0.5716	0.229315
-0.5714	0.230087
-0.5712	0.230863
-0.5710	0.231642
-0.5708	0.232425
-0.5706	0.233211
-0.5704	0.234000
-0.5702	0.234794
-0.5700	0.235591
-0.5698	0.236391
-0.5696	0.237195
-0.5694	0.238003
-0.5692	0.238814
-0.5690	0.239629
-0.5688	0.240447
-0.5686	0.241269
-0.5684	0.242095
-0.5682	0.242924
-0.5680	0.243757
-0.5678	0.244594
-0.5676	0.245434
-0.5674	0.246278
-0.5672	0.247126
-0.5670	0.247977
-0.5668	0.248832
-0.5666	0.249691
-0.5664	0.250553
-0.5662	0.251419
-0.5660	0.252289
-0.5658	0.253163
-0.5656	0.254040
-0.5654	0.254921
-0.5652	0.255805
-0.5650	0.256694
-0.5648	0.257586
-0.5646	0.258481
-0.5644	0.259381
-0.5642	0.260284
-0.5640	0.261191
-0.5638	0.262102
-0.5636	0.263016
-0.5634	0.263935
-0.5632	0.264856
-0.5630	0.265782
-0.5628	0.266711
-0.5626	0.267645
-0.5624	0.268581
-0.5622	0.269522
-0.5620	0.270466
-0.5618	0.271414
-0.5616	0.272366
-0.5614	0.273321
-0.5612	0.274280
-0.5610	0.275243
-0.5608	0.276209
-0.5606	0.277179
-0.5604	0.278153
-0.5602	0.279130
-0.5600	0.280111
-0.5598	0.281096
-0.5596	0.282084
-0.5594	0.283076
-0.5592	0.284071
-0.5590	0.285070
-0.5588	0.286073
-0.5586	0.287079
-0.5584	0.288088
-0.5582	0.289101
-0.5580	0.290118
-0.5578	0.291138
-0.5576	0.292162
-0.5574	0.293189
-0.5572	0.294219
-0.5570	0.295253
-0.5568	0.296290
-0.5566	0.297331
-0.5564	0.298375
-0.5562	0.299422
-0.5560	0.300472
-0.5558	0.301526
-0.5556	0.302583
-0.5554	0.303643
-0.5552	0.304706
-0.5550	0.305773
-0.5548	0.306842
-0.5546	0.307915
-0.5544	0.308990
-0.5542	0.310069
-0.5540	0.311150
-0.5538	0.312234
-0.5536	0.313322
-0.5534	0.314412
-0.5532	0.315504
-0.5530	0.316600
-0.5528	0.317698
-0.5526	0.318799
-0.5524	0.319902
-0.5522	0.321008
-0.5520	0.322116
-0.5518	0.323227
-0.5516	0.324340
-0.5514	0.325455
-0.5512	0.326573
-0.5510	0.327692
-0.5508	0.328814
-0.5506	0.329938
-0.5504	0.331064
-0.5502	0.332192
-0.5500	0.333321
-0.5498	0.334453
-0.5496	0.335586
-0.5494	0.336720
-0.5492	0.337857
-0.5490	0.338994
-0.5488	0.340133
-0.5486	0.341273
-0.5484	0.342415
-0.5482	0.343557
-0.5480	0.344701
-0.5478	0.345845
-0.5476	0.346991
-0.5474	0.348137
-0.5472	0.349283
-0.5470	0.350430
-0.5468	0.351578
-0.5466	0.352725
-0.5464	0.353873
-0.5462	0.355021
-0.5460	0.356169
-0.5458	0.357317
-0.5456	0.358464
-0.5454	0.359611
-0.5452	0.360757
-0.5450	0.361903
-0.5448	0.363047
-0.5446	0.364191
-0.5444	0.365334
-0.5442	0.366475
-0.5440	0.367615
-0.5438	0.368753
-0.5436	0.369889
-0.5434	0.371024
-0.5432	0.372156
-0.5430	0.373286
-0.5428	0.374414
-0.5426	0.375539
-0.5424	0.376662
-0.5422	0.377781
-0.5420	0.378897
-0.5418	0.380010
-0.5416	0.381119
-0.5414	0.382225
-0.5412	0.383327
-0.5410	0.384424
-0.5408	0.385517
-0.5406	0.386605
-0.5404	0.387689
-0.5402	0.388767
-0.5400	0.389840
-0.5398	0.390908
-0.5396	0.391970
-0.5394	0.393025
-0.5392	0.394075
-0.5390	0.395117
-0.5388	0.396153
-0.5386	0.397182
-0.5384	0.398204
-0.5382	0.399217
-0.5380	0.400223
-0.5378	0.401221
-0.5376	0.402210
-0.5374	0.403190
-0.5372	0.404161
-0.5370	0.405122
-0.5368	0.406073
-0.5366	0.407015
-0.5364	0.407945
-0.5362	0.408865
-0.5360	0.409774
-0.5358	0.410671
-0.5356	0.411556
-0.5354	0.412429
-0.5352	0.413288
-0.5350	0.414135
-0.5348	0.414968
-0.5346	0.415788
-0.5344	0.416593
-0.5342	0.417383
-0.5340	0.418157
-0.5338	0.418916
-0.5336	0.419659
-0.5334	0.420386
-0.5332	0.421095
-0.5330	0.421787
-0.5328	0.422460
-0.5326	0.423116
-0.5324	0.423752
-0.5322	0.424368
-0.5320	0.424964
-0.5318	0.425540
-0.5316	0.426095
-0.5314	0.426627
-0.5312	0.427138
-0.5310	0.427625
-0.5308	0.428089
-0.5306	0.428529
-0.5304	0.428944
-0.5302	0.429334
-0.5300	0.429697
-0.5298	0.430034
-0.5296	0.430344
-0.5294	0.430625
-0.5292	0.430878
-0.5290	0.431102
-0.5288	0.431295
-0.5286	0.431458
-0.5284	0.431589
-0.5282	0.431688
-0.5280	0.431753
-0.5278	0.431785
-0.5276	0.431782
-0.5274	0.431743
-0.5272	0.431668
-0.5270	0.431556
-0.5268	0.431406
-0.5266	0.431218
-0.5264	0.430989
-0.5262	0.430720
-0.5260	0.430409
-0.5258	0.430056
-0.5256	0.429659
-0.5254	0.429218
-0.5252	0.428732
-0.5250	0.428199
-0.5248	0.427619
-0.5246	0.426991
-0.5244	0.426313
-0.5242	0.425585
-0.5240	0.424806
-0.5238	0.423974
-0.5236	0.423089
-0.5234	0.422149
-0.5232	0.421154
-0.5230	0.420102
-0.5228	0.418991
-0.5226	0.417822
-0.5224	0.416593
-0.5222	0.415302
-0.5220	0.413948
-0.5218	0.412532
-0.5216	0.411050
-0.5214	0.409502
-0.5212	0.407887
-0.5210	0.406204
-0.5208	0.404452
-0.5206	0.402628
-0.5204	0.400733
-0.5202	0.398765
-0.5200	0.396723
-0.5198	0.394606
-0.5196	0.392412
-0.5194	0.390140
-0.5192	0.387790
-0.5190	0.385361
-0.5188	0.382850
-0.5186	0.380258
-0.5184	0.377582
-0.5182	0.374823
-0.5180	0.371979
-0.5178	0.369050
-0.5176	0.366034
-0.5174	0.362931
-0.5172	0.359739
-0.5170	0.356459
-0.5168	0.353090
-0.5166	0.349630
-0.5164	0.346080
-0.5162	0.342440
-0.5160	0.338708
-0.5158	0.334885
-0.5156	0.330971
-0.5154	0.326965
-0.5152	0.322868
-0.5150	0.318680
-0.5148	0.314401
-0.5146	0.310032
-0.5144	0.305573
-0.5142	0.301025
-0.5140	0.296390
-0.5138	0.291669
-0.5136	0.286861
-0.5134	0.281970
-0.5132	0.276997
-0.5130	0.271944
-0.5128	0.266813
-0.5126	0.261605
-0.5124	0.256325
-0.5122	0.250973
-0.5120	0.245555
-0.5118	0.240071
-0.5116	0.234527
-0.5114	0.228926
-0.5112	0.223272
-0.5110	0.217568
-0.5108	0.211820
-0.5106	0.206032
-0.5104	0.200209
-0.5102	0.194357
-0.5100	0.188480
-0.5098	0.182584
-0.5096	0.176675
-0.5094	0.170760
-0.5092	0.164844
-0.5090	0.158934
-0.5088	0.153037
-0.5086	0.147159
-0.5084	0.141307
-0.5082	0.135489
-0.5080	0.129712
-0.5078	0.123983
-0.5076	0.118309
-0.5074	0.112697
-0.5072	0.107156
-0.5070	0.101692
-0.5068	0.096312
-0.5066	0.091024
-0.5064	0.085836
-0.5062	0.080753
-0.5060	0.075783
-0.5058	0.070932
-0.5056	0.066207
-0.5054	0.061614
-0.5052	0.057159
-0.5050	0.052848
-0.5048	0.048685
-0.5046	0.044676
-0.5044	0.040825
-0.5042	0.037136
-0.5040	0.033614
-0.5038	0.030261
-0.5036	0.027080
-0.5034	0.024075
-0.5032	0.021246
-0.5030	0.018596
-0.5028	0.016125
-0.5026	0.013835
-0.5024	0.011725
-0.5022	0.009795
-0.5020	0.008045
-0.5018	0.006474
-0.5016	0.005080
-0.5014	0.003861
-0.5012	0.002815
-0.5010	0.001939
-0.5008	0.001230
-0.5006	0.000686
-0.5004	0.000302
-0.5002	0.000075
-0.5000	0.000000
-0.4998	0.000073
-0.4996	0.000290
-0.4994	0.000646
-0.4992	0.001136
-0.4990	0.001754
-0.4988	0.002497
-0.4986	0.003357
-0.4984	0.004331
-0.4982	0.005413
-0.4980	0.006598
-0.4978	0.007879
-0.4976	0.009253
-0.4974	0.010712
-0.4972	0.012253
-0.4970	0.013870
-0.4968	0.015557
-0.4966	0.017310
-0.4964	0.019123
-0.4962	0.020993
-0.4960	0.022913
-0.4958	0.024879
-0.4956	0.026887
-0.4954	0.028933
-0.4952	0.031012
-0.4950	0.033119
-0.4948	0.035252
-0.4946	0.037406
-0.4944	0.039578
-0.4942	0.041763
-0.4940	0.043960
-0.4938	0.046164
-0.4936	0.048372
-0.4934	0.050582
-0.4932	0.052790
-0.4930	0.054995
-0.4928	0.057193
-0.4926	0.059383
-0.4924	0.061561
-0.4922	0.063727
-0.4920	0.065878
-0.4918	0.068012
-0.4916	0.070127
-0.4914	0.072222
-0.4912	0.074296
-0.4910	0.076347
-0.4908	0.078374
-0.4906	0.080375
-0.4904	0.082350
-0.4902	0.084297
-0.4900	0.086216
-0.4898	0.088106
-0.4896	0.089966
-0.4894	0.091796
-0.4892	0.093594
-0.4890	0.095361
-0.4888	0.097096
-0.4886	0.098798
-0.4884	0.100468
-0.4882	0.102104
-0.4880	0.103708
-0.4878	0.105278
-0.4876	0.106814
-0.4874	0.108317
-0.4872	0.109786
-0.4870	0.111222
-0.4868	0.112624
-0.4866	0.113992
-0.4864	0.115327
-0.4862	0.116629
-0.4860	0.117898
-0.4858	0.119134
-0.4856	0.120337
-0.4854	0.121507
-0.4852	0.122646
-0.4850	0.123752
-0.4848	0.124827
-0.4846	0.125871
-0.4844	0.126883
-0.4842	0.127865
-0.4840	0.128817
-0.4838	0.129738
-0.4836	0.130630
-0.4834	0.131492
-0.4832	0.132326
-0.4830	0.133131
-0.4828	0.133909
-0.4826	0.134658
-0.4824	0.135380
-0.4822	0.136075
-0.4820	0.136744
-0.4818	0.137387
-0.4816	0.138004
-0.4814	0.138596
-0.4812	0.139163
-0.4810	0.139706
-0.4808	0.140224
-0.4806	0.140719
-0.4804	0.141191
-0.4802	0.141640
-0.4800	0.142067
-0.4798	0.142472
-0.4796	0.142856
-0.4794	0.143218
-0.4792	0.143559
-0.4790	0.143880
-0.4788	0.144181
-0.4786	0.144463
-0.4784	0.144726
-0.4782	0.144969
-0.4780	0.145194
-0.4778	0.145402
-0.4776	0.145591
-0.4774	0.145763
-0.4772	0.145919
-0.4770	0.146057
-0.4768	0.146180
-0.4766	0.146286
-0.4764	0.146377
-0.4762	0.146453
-0.4760	0.146514
-0.4758	0.146560
-0.4756	0.146592
-0.4754	0.146611
-0.4752	0.146615
-0.4750	0.146606
-0.4748	0.146585
-0.4746	0.146550
-0.4744	0.146504
-0.4742	0.146445
-0.4740	0.146374
-0.4738	0.146292
-0.4736	0.146198
-0.4734	0.146094
-0.4732	0.145979
-0.4730	0.145853
-0.4728	0.145717
-0.4726	0.145571
-0.4724	0.145415
-0.4722	0.145250
-0.4720	0.145076
-0.4718	0.144893
-0.4716	0.144701
-0.4714	0.144500
-0.4712	0.144291
-0.4710	0.144075
-0.4708	0.143850
-0.4706	0.143617
-0.4704	0.143377
-0.4702	0.143130
-0.4700	0.142876
-0.4698	0.142615
-0.4696	0.142347
-0.4694	0.142073
-0.4692	0.141792
-0.4690	0.141505
-0.4688	0.141213
-0.4686	0.140914
-0.4684	0.140610
-0.4682	0.140301
-0.4680	0.139986
-0.4678	0.139666
-0.4676	0.139341
-0.4674	0.139011
-0.4672	0.138677
-0.4670	0.138338
-0.4668	0.137995
-0.4666	0.137648
-0.4664	0.137296
-0.4662	0.136941
-0.4660	0.136582
-0.4658	0.136219
-0.4656	0.135852
-0.4654	0.135482
-0.4652	0.135109
-0.4650	0.134733
-0.4648	0.134353
-0.4646	0.133971
-0.4644	0.133585
-0.4642	0.133197
-0.4640	0.132807
-0.4638	0.132413
-0.4636	0.132018
-0.4634	0.131620
-0.4632	0.131219
-0.4630	0.130817
-0.4628	0.130413
-0.4626	0.130006
-0.4624	0.129598
-0.4622	0.129188
-0.4620	0.128776
-0.4618	0.128363
-0.4616	0.127948
-0.4614	0.127532
-0.4612	0.127114
-0.4610	0.126695
-0.4608	0.126275
-0.4606	0.125854
-0.4604	0.125432
-0.4602	0.125008
-0.4600	0.124584
-0.4598	0.124159
-0.4596	0.123733
-0.4594	0.123306
-0.4592	0.122879
-0.4590	0.122451
-0.4588	0.122022
-0.4586	0.121593
-0.4584	0.121164
-0.4582	0.120734
-0.4580	0.120304
-0.4578	0.119873
-0.4576	0.119443
-0.4574	0.119012
-0.4572	0.118581
-0.4570	0.118150
-0.4568	0.117718
-0.4566	0.117287
-0.4564	0.116856
-0.4562	0.116425
-0.4560	0.115994
-0.4558	0.115564
-0.4556	0.115133
-0.4554	0.114703
-0.4552	0.114273
-0.4550	0.113843
-0.4548	0.113414
-0.4546	0.112985
-0.4544	0.112557
-0.4542	0.112129
-0.4540	0.111701
-0.4538	0.111275
-0.4536	0.110848
-0.4534	0.110422
-0.4532	0.109997
-0.4530	0.109573
-0.4528	0.109149
-0.4526	0.108726
-0.4524	0.108303
-0.4522	0.107882
-0.4520	0.107461
-0.4518	0.107041
-0.4516	0.106621
-0.4514	0.106203
-0.4512	0.105785
-0.4510	0.105369
-0.4508	0.104953
-0.4506	0.104538
-0.4504	0.104124
-0.4502	0.103711
-0.4500	0.103299
-0.4498	0.102888
-0.4496	0.102478
-0.4494	0.102069
-0.4492	0.101661
-0.4490	0.101254
-0.4488	0.100849
-0.4486	0.100444
-0.4484	0.100040
-0.4482	0.099638
-0.4480	0.099237
-0.4478	0.098836
-0.4476	0.098437
-0.4474	0.098040
-0.4472	0.097643
-0.4470	0.097247
-0.4468	0.096853
-0.4466	0.096460
-0.4464	0.096068
-0.4462	0.095677
-0.4460	0.095288
-0.4458	0.094900
-0.4456	0.094513
-0.4454	0.094127
-0.4452	0.093743
-0.4450	0.093360
-0.4448	0.092978
-0.4446	0.092597
-0.4444	0.092218
-0.4442	0.091840
-0.4440	0.091464
-0.4438	0.091088
-0.4436	0.090714
-0.4434	0.090342
-0.4432	0.089970
-0.4430	0.089600
-0.4428	0.089232
-0.4426	0.088864
-0.4424	0.088498
-0.4422	0.088133
-0.4420	0.087770
-0.4418	0.087408
-0.4416	0.087048
-0.4414	0.086688
-0.4412	0.086330
-0.4410	0.085974
-0.4408	0.085619
-0.4406	0.085265
-0.4404	0.084912
-0.4402	0.084561
-0.4400	0.084211
-0.4398	0.083863
-0.4396	0.083516
-0.4394	0.083170
-0.4392	0.082826
-0.4390	0.082483
-0.4388	0.082142
-0.4386	0.081801
-0.4384	0.081463
-0.4382	0.081125
-0.4380	0.080789
-0.4378	0.080454
-0.4376	0.080121
-0.4374	0.079789
-0.4372	0.079458
-0.4370	0.079129
-0.4368	0.078801
-0.4366	0.078475
-0.4364	0.078150
-0.4362	0.077826
-0.4360	0.077503
-0.4358	0.077182
-0.4356	0.076862
-0.4354	0.076544
-0.4352	0.076227
-0.4350	0.075911
-0.4348	0.075597
-0.4346	0.075284
-0.4344	0.074972
-0.4342	0.074662
-0.4340	0.074353
-0.4338	0.074045
-0.4336	0.073739
-0.4334	0.073433
-0.4332	0.073130
-0.4330	0.072827
-0.4328	0.072526
-0.4326	0.072226
-0.4324	0.071928
-0.4322	0.071631
-0.4320	0.071335
-0.4318	0.071040
-0.4316	0.070747
-0.4314	0.070455
-0.4312	0.070164
-0.4310	0.069875
-0.4308	0.069586
-0.4306	0.069299
-0.4304	0.069014
-0.4302	0.068729
-0.4300	0.068446
-0.4298	0.068165
-0.4296	0.067884
-0.4294	0.067605
-0.4292	0.067327
-0.4290	0.067050
-0.4288	0.066774
-0.4286	0.066500
-0.4284	0.066227
-0.4282	0.065955
-0.4280	0.065684
-0.4278	0.065415
-0.4276	0.065146
-0.4274	0.064879
-0.4272	0.064613
-0.4270	0.064349
-0.4268	0.064085
-0.4266	0.063823
-0.4264	0.063562
-0.4262	0.063302
-0.4260	0.063043
-0.4258	0.062786
-0.4256	0.062530
-0.4254	0.062274
-0.4252	0.062020
-0.4250	0.061768
-0.4248	0.061516
-0.4246	0.061265
-0.4244	0.061016
-0.4242	0.060768
-0.4240	0.060520
-0.4238	0.060274
-0.4236	0.060030
-0.4234	0.059786
-0.4232	0.059543
-0.4230	0.059302
-0.4228	0.059061
-0.4226	0.058822
-0.4224	0.058584
-0.4222	0.058347
-0.4220	0.058111
-0.4218	0.057876
-0.4216	0.057642
-0.4214	0.057409
-0.4212	0.057177
-0.4210	0.056946
-0.4208	0.056717
-0.4206	0.056488
-0.4204	0.056261
-0.4202	0.056034
-0.4200	0.055809
-0.4198	0.055585
-0.4196	0.055361
-0.4194	0.055139
-0.4192	0.054918
-0.4190	0.054697
-0.4188	0.054478
-0.4186	0.054260
-0.4184	0.054043
-0.4182	0.053827
-0.4180	0.053611
-0.4178	0.053397
-0.4176	0.053184
-0.4174	0.052972
-0.4172	0.052760
-0.4170	0.052550
-0.4168	0.052341
-0.4166	0.052132
-0.4164	0.051925
-0.4162	0.051718
-0.4160	0.051513
-0.4158	0.051308
-0.4156	0.051105
-0.4154	0.050902
-0.4152	0.050700
-0.4150	0.050500
-0.4148	0.050300
-0.4146	0.050101
-0.4144	0.049903
-0.4142	0.049706
-0.4140	0.049509
-0.4138	0.049314
-0.4136	0.049120
-0.4134	0.048926
-0.4132	0.048734
-0.4130	0.048542
-0.4128	0.048351
-0.4126	0.048161
-0.4124	0.047972
-0.4122	0.047784
-0.4120	0.047596
-0.4118	0.047410
-0.4116	0.047224
-0.4114	0.047039
-0.4112	0.046855
-0.4110	0.046672
-0.4108	0.046490
-0.4106	0.046309
-0.4104	0.046128
-0.4102	0.045948
-0.4100	0.045769
-0.4098	0.045591
-0.4096	0.045414
-0.4094	0.045238
-0.4092	0.045062
-0.4090	0.044887
-0.4088	0.044713
-0.4086	0.044540
-0.4084	0.044367
-0.4082	0.044196
-0.4080	0.044025
-0.4078	0.043855
-0.4076	0.043685
-0.4074	0.043517
-0.4072	0.043349
-0.4070	0.043182
-0.4068	0.043016
-0.4066	0.042850
-0.4064	0.042685
-0.4062	0.042521
-0.4060	0.042358
-0.4058	0.042196
-0.4056	0.042034
-0.4054	0.041873
-0.4052	0.041713
-0.4050	0.041553
-0.4048	0.041394
-0.4046	0.041236
-0.4044	0.041079
-0.4042	0.040922
-0.4040	0.040766
-0.4038	0.040611
-0.4036	0.040456
-0.4034	0.040302
-0.4032	0.040149
-0.4030	0.039997
-0.4028	0.039845
-0.4026	0.039694
-0.4024	0.039543
-0.4022	0.039394
-0.4020	0.039245
-0.4018	0.039096
-0.4016	0.038949
-0.4014	0.038802
-0.4012	0.038655
-0.4010	0.038509
-0.4008	0.038364
-0.4006	0.038220
-0.4004	0.038076
-0.4002	0.037933
-0.4000	0.037791
-0.3998	0.037649
-0.3996	0.037508
-0.3994	0.037367
-0.3992	0.037227
-0.3990	0.037088
-0.3988	0.036949
-0.3986	0.036811
-0.3984	0.036674
-0.3982	0.036537
-0.3980	0.036400
-0.3978	0.036265
-0.3976	0.036130
-0.3974	0.035995
-0.3972	0.035862
-0.3970	0.035728
-0.3968	0.035596
-0.3966	0.035464
-0.3964	0.035332
-0.3962	0.035201
-0.3960	0.035071
-0.3958	0.034941
-0.3956	0.034812
-0.3954	0.034684
-0.3952	0.034556
-0.3950	0.034428
-0.3948	0.034302
-0.3946	0.034175
-0.3944	0.034050
-0.3942	0.033924
-0.3940	0.033800
-0.3938	0.033676
-0.3936	0.033552
-0.3934	0.033429
-0.3932	0.033307
-0.3930	0.033185
-0.3928	0.033063
-0.3926	0.032943
-0.3924	0.032822
-0.3922	0.032702
-0.3920	0.032583
-0.3918	0.032464
-0.3916	0.032346
-0.3914	0.032229
-0.3912	0.032111
-0.3910	0.031995
-0.3908	0.031879
-0.3906	0.031763
-0.3904	0.031648
-0.3902	0.031533
-0.3900	0.031419
-0.3898	0.031305
-0.3896	0.031192
-0.3894	0.031079
-0.3892	0.030967
-0.3890	0.030856
-0.3888	0.030744
-0.3886	0.030634
-0.3884	0.030523
-0.3882	0.030414
-0.3880	0.030304
-0.3878	0.030195
-0.3876	0.030087
-0.3874	0.029979
-0.3872	0.029872
-0.3870	0.029765
-0.3868	0.029658
-0.3866	0.029552
-0.3864	0.029447
-0.3862	0.029342
-0.3860	0.029237
-0.3858	0.029133
-0.3856	0.029029
-0.3854	0.028926
-0.3852	0.028823
-0.3850	0.028720
-0.3848	0.028618
-0.3846	0.028517
-0.3844	0.028416
-0.3842	0.028315
-0.3840	0.028215
-0.3838	0.028115
-0.3836	0.028015
-0.3834	0.027916
-0.3832	0.027818
-0.3830	0.027719
-0.3828	0.027622
-0.3826	0.027524
-0.3824	0.027427
-0.3822	0.027331
-0.3820	0.027235
-0.3818	0.027139
-0.3816	0.027044
-0.3814	0.026949
-0.3812	0.026854
-0.3810	0.026760
-0.3808	0.026667
-0.3806	0.026573
-0.3804	0.026480
-0.3802	0.026388
-0.3800	0.026296
-0.3798	0.026204
-0.3796	0.026113
-0.3794	0.026022
-0.3792	0.025931
-0.3790	0.025841
-0.3788	0.025751
-0.3786	0.025662
-0.3784	0.025572
-0.3782	0.025484
-0.3780	0.025395
-0.3778	0.025307
-0.3776	0.025220
-0.3774	0.025133
-0.3772	0.025046
-0.3770	0.024959
-0.3768	0.024873
-0.3766	0.024787
-0.3764	0.024702
-0.3762	0.024617
-0.3760	0.024532
-0.3758	0.024447
-0.3756	0.024363
-0.3754	0.024280
-0.3752	0.024196
-0.3750	0.024113
-0.3748	0.024031
-0.3746	0.023948
-0.3744	0.023866
-0.3742	0.023785
-0.3740	0.023703
-0.3738	0.023622
-0.3736	0.023542
-0.3734	0.023461
-0.3732	0.023381
-0.3730	0.023302
-0.3728	0.023222
-0.3726	0.023143
-0.3724	0.023065
-0.3722	0.022986
-0.3720	0.022908
-0.3718	0.022831
-0.3716	0.022753
-0.3714	0.022676
-0.3712	0.022599
-0.3710	0.022523
-0.3708	0.022447
-0.3706	0.022371
-0.3704	0.022295
-0.3702	0.022220
-0.3700	0.022145
-0.3698	0.022070
-0.3696	0.021996
-0.3694	0.021922
-0.3692	0.021848
-0.3690	0.021775
-0.3688	0.021702
-0.3686	0.021629
-0.3684	0.021556
-0.3682	0.021484
-0.3680	0.021412
-0.3678	0.021340
-0.3676	0.021269
-0.3674	0.021198
-0.3672	0.021127
-0.3670	0.021056
-0.3668	0.020986
-0.3666	0.020916
-0.3664	0.020846
-0.3662	0.020777
-0.3660	0.020708
-0.3658	0.020639
-0.3656	0.020570
-0.3654	0.020502
-0.3652	0.020434
-0.3650	0.020366
-0.3648	0.020299
-0.3646	0.020231
-0.3644	0.020164
-0.3642	0.020098
-0.3640	0.020031
-0.3638	0.019965
-0.3636	0.019899
-0.3634	0.019833
-0.3632	0.019768
-0.3630	0.019703
-0.3628	0.019638
-0.3626	0.019573
-0.3624	0.019509
-0.3622	0.019445
-0.3620	0.019381
-0.3618	0.019317
-0.3616	0.019254
-0.3614	0.019191
-0.3612	0.019128
-0.3610	0.019065
-0.3608	0.019003
-0.3606	0.018941
-0.3604	0.018879
-0.3602	0.018817
-0.3600	0.018756
-0.3598	0.018694
-0.3596	0.018633
-0.3594	0.018573
-0.3592	0.018512
-0.3590	0.018452
-0.3588	0.018392
-0.3586	0.018332
-0.3584	0.018273
-0.3582	0.018213
-0.3580	0.018154
-0.3578	0.018095
-0.3576	0.018037
-0.3574	0.017978
-0.3572	0.017920
-0.3570	0.017862
-0.3568	0.017804
-0.3566	0.017747
-0.3564	0.017690
-0.3562	0.017632
-0.3560	0.017576
-0.3558	0.017519
-0.3556	0.017463
-0.3554	0.017406
-0.3552	0.017350
-0.3550	0.017295
-0.3548	0.017239
-0.3546	0.017184
-0.3544	0.017128
-0.3542	0.017074
-0.3540	0.017019
-0.3538	0.016964
-0.3536	0.016910
-0.3534	0.016856
-0.3532	0.016802
-0.3530	0.016748
-0.3528	0.016695
-0.3526	0.016641
-0.3524	0.016588
-0.3522	0.016536
-0.3520	0.016483
-0.3518	0.016430
-0.3516	0.016378
-0.3514	0.016326
-0.3512	0.016274
-0.3510	0.016222
-0.3508	0.016171
-0.3506	0.016120
-0.3504	0.016068
-0.3502	0.016017
-0.3500	0.015967
-0.3498	0.015916
-0.3496	0.015866
-0.3494	0.015816
-0.3492	0.015766
-0.3490	0.015716
-0.3488	0.015666
-0.3486	0.015617
-0.3484	0.015568
-0.3482	0.015518
-0.3480	0.015470
-0.3478	0.015421
-0.3476	0.015372
-0.3474	0.015324
-0.3472	0.015276
-0.3470	0.015228
-0.3468	0.015180
-0.3466	0.015132
-0.3464	0.015085
-0.3462	0.015038
-0.3460	0.014991
-0.3458	0.014944
-0.3456	0.014897
-0.3454	0.014850
-0.3452	0.014804
-0.3450	0.014758
-0.3448	0.014712
-0.3446	0.014666
-0.3444	0.014620
-0.3442	0.014574
-0.3440	0.014529
-0.3438	0.014484
-0.3436	0.014439
-0.3434	0.014394
-0.3432	0.014349
-0.3430	0.014305
-0.3428	0.014260
-0.3426	0.014216
-0.3424	0.014172
-0.3422	0.014128
-0.3420	0.014084
-0.3418	0.014041
-0.3416	0.013997
-0.3414	0.013954
-0.3412	0.013911
-0.3410	0.013868
-0.3408	0.013825
-0.3406	0.013782
-0.3404	0.013740
-0.3402	0.013697
-0.3400	0.013655
-0.3398	0.013613
-0.3396	0.013571
-0.3394	0.013529
-0.3392	0.013488
-0.3390	0.013446
-0.3388	0.013405
-0.3386	0.013364
-0.3384	0.013323
-0.3382	0.013282
-0.3380	0.013241
-0.3378	0.013201
-0.3376	0.013160
-0.3374	0.013120
-0.3372	0.013080
-0.3370	0.013040
-0.3368	0.013000
-0.3366	0.012960
-0.3364	0.012921
-0.3362	0.012881
-0.3360	0.012842
-0.3358	0.012803
-0.3356	0.012764
-0.3354	0.012725
-0.3352	0.012686
-0.3350	0.012648
-0.3348	0.012609
-0.3346	0.012571
-0.3344	0.012533
-0.3342	0.012495
-0.3340	0.012457
-0.3338	0.012419
-0.3336	0.012381
-0.3334	0.012344
-0.3332	0.012306
-0.3330	0.012269
-0.3328	0.012232
-0.3326	0.012195
-0.3324	0.012158
-0.3322	0.012121
-0.3320	0.012085
-0.3318	0.012048
-0.3316	0.012012
-0.3314	0.011976
-0.3312	0.011940
-0.3310	0.011904
-0.3308	0.011868
-0.3306	0.011832
-0.3304	0.011797
-0.3302	0.011761
-0.3300	0.011726
-0.3298	0.011691
-0.3296	0.011655
-0.3294	0.011620
-0.3292	0.011586
-0.3290	0.011551
-0.3288	0.011516
-0.3286	0.011482
-0.3284	0.011447
-0.3282	0.011413
-0.3280	0.011379
-0.3278	0.011345
-0.3276	0.011311
-0.3274	0.011277
-0.3272	0.011244
-0.3270	0.011210
-0.3268	0.011177
-0.3266	0.011143
-0.3264	0.011110
-0.3262	0.011077
-0.3260	0.011044
-0.3258	0.011011
-0.3256	0.010978
-0.3254	0.010946
-0.3252	0.010913
-0.3250	0.010881
-0.3248	0.010848
-0.3246	0.010816
-0.3244	0.010784
-0.3242	0.010752
-0.3240	0.010720
-0.3238	0.010688
-0.3236	0.010657
-0.3234	0.010625
-0.3232	0.010594
-0.3230	0.010562
-0.3228	0.010531
-0.3226	0.010500
-0.3224	0.010469
-0.3222	0.010438
-0.3220	0.010407
-0.3218	0.010377
-0.3216	0.010346
-0.3214	0.010316
-0.3212	0.010285
-0.3210	0.010255
-0.3208	0.010225
-0.3206	0.010195
-0.3204	0.010165
-0.3202	0.010135
-0.3200	0.010105
-0.3198	0.010075
-0.3196	0.010046
-0.3194	0.010016
-0.3192	0.009987
-0.3190	0.009958
-0.3188	0.009928
-0.3186	0.009899
-0.3184	0.009870
-0.3182	0.009841
-0.3180	0.009813
-0.3178	0.009784
-0.3176	0.009755
-0.3174	0.009727
-0.3172	0.009698
-0.3170	0.009670
-0.3168	0.009642
-0.3166	0.009614
-0.3164	0.009586
-0.3162	0.009558
-0.3160	0.009530
-0.3158	0.009502
-0.3156	0.009474
-0.3154	0.009447
-0.3152	0.009419
-0.3150	0.009392
-0.3148	0.009364
-0.3146	0.009337
-0.3144	0.009310
-0.3142	0.009283
-0.3140	0.009256
-0.3138	0.009229
-0.3136	0.009202
-0.3134	0.009176
-0.3132	0.009149
-0.3130	0.009123
-0.3128	0.009096
-0.3126	0.009070
-0.3124	0.009044
-0.3122	0.009017
-0.3120	0.008991
-0.3118	0.008965
-0.3116	0.008939
-0.3114	0.008914
-0.3112	0.008888
-0.3110	0.008862
-0.3108	0.008837
-0.3106	0.008811
-0.3104	0.008786
-0.3102	0.008760
-0.3100	0.008735
-0.3098	0.008710
-0.3096	0.008685
-0.3094	0.008660
-0.3092	0.008635
-0.3090	0.008610
-0.3088	0.008585
-0.3086	0.008561
-0.3084	0.008536
-0.3082	0.008512
-0.3080	0.008487
-0.3078	0.008463
-0.3076	0.008439
-0.3074	0.008414
-0.3072	0.008390
-0.3070	0.008366
-0.3068	0.008342
-0.3066	0.008318
-0.3064	0.008294
-0.3062	0.008271
-0.3060	0.008247
-0.3058	0.008223
-0.3056	0.008200
-0.3054	0.008177
-0.3052	0.008153
-0.3050	0.008130
-0.3048	0.008107
-0.3046	0.008084
-0.3044	0.008060
-0.3042	0.008037
-0.3040	0.008015
-0.3038	0.007992
-0.3036	0.007969
-0.3034	0.007946
-0.3032	0.007924
-0.3030	0.007901
-0.3028	0.007879
-0.3026	0.007856
-0.3024	0.007834
-0.3022	0.007811
-0.3020	0.007789
-0.3018	0.007767
-0.3016	0.007745
-0.3014	0.007723
-0.3012	0.007701
-0.3010	0.007679
-0.3008	0.007658
-0.3006	0.007636
-0.3004	0.007614
-0.3002	0.007593
-0.3000	0.007571
-0.2998	0.007550
-0.2996	0.007528
-0.2994	0.007507
-0.2992	0.007486
-0.2990	0.007465
-0.2988	0.007443
-0.2986	0.007422
-0.2984	0.007401
-0.2982	0.007380
-0.2980	0.007360
-0.2978	0.007339
-0.2976	0.007318
-0.2974	0.007297
-0.2972	0.007277
-0.2970	0.007256
-0.2968	0.007236
-0.2966	0.007215
-0.2964	0.007195
-0.2962	0.007175
-0.2960	0.007155
-0.2958	0.007135
-0.2956	0.007114
-0.2954	0.007094
-0.2952	0.007074
-0.2950	0.007055
-0.2948	0.007035
-0.2946	0.007015
-0.2944	0.006995
-0.2942	0.006976
-0.2940	0.006956
-0.2938	0.006936
-0.2936	0.006917
-0.2934	0.006898
-0.2932	0.006878
-0.2930	0.006859
-0.2928	0.006840
-0.2926	0.006821
-0.2924	0.006801
-0.2922	0.006782
-0.2920	0.006763
-0.2918	0.006744
-0.2916	0.006726
-0.2914	0.006707
-0.2912	0.006688
-0.2910	0.006669
-0.2908	0.006651
-0.2906	0.006632
-0.2904	0.006613
-0.2902	0.006595
-0.2900	0.006577
-0.2898	0.006558
-0.2896	0.006540
-0.2894	0.006522
-0.2892	0.006503
-0.2890	0.006485
-0.2888	0.006467
-0.2886	0.006449
-0.2884	0.006431
-0.2882	0.006413
-0.2880	0.006395
-0.2878	0.006378
-0.2876	0.006360
-0.2874	0.006342
-0.2872	0.006324
-0.2870	0.006307
-0.2868	0.006289
-0.2866	0.006272
-0.2864	0.006254
-0.2862	0.006237
-0.2860	0.006220
-0.2858	0.006202
-0.2856	0.006185
-0.2854	0.006168
-0.2852	0.006151
-0.2850	0.006134
-0.2848	0.006117
-0.2846	0.006100
-0.2844	0.006083
-0.2842	0.006066
-0.2840	0.006049
-0.2838	0.006032
-0.2836	0.006015
-0.2834	0.005999
-0.2832	0.005982
-0.2830	0.005966
-0.2828	0.005949
-0.2826	0.005933
-0.2824	0.005916
-0.2822	0.005900
-0.2820	0.005883
-0.2818	0.005867
-0.2816	0.005851
-0.2814	0.005835
-0.2812	0.005819
-0.2810	0.005803
-0.2808	0.005786
-0.2806	0.005770
-0.2804	0.005755
-0.2802	0.005739
-0.2800	0.005723
-0.2798	0.005707
-0.2796	0.005691
-0.2794	0.005676
-0.2792	0.005660
-0.2790	0.005644
-0.2788	0.005629
-0.2786	0.005613
-0.2784	0.005598
-0.2782	0.005582
-0.2780	0.005567
-0.2778	0.005551
-0.2776	0.005536
-0.2774	0.005521
-0.2772	0.005506
-0.2770	0.005491
-0.2768	0.005475
-0.2766	0.005460
-0.2764	0.005445
-0.2762	0.005430
-0.2760	0.005415
-0.2758	0.005400
-0.2756	0.005386
-0.2754	0.005371
-0.2752	0.005356
-0.2750	0.005341
-0.2748	0.005327
-0.2746	0.005312
-0.2744	0.005297
-0.2742	0.005283
-0.2740	0.005268
-0.2738	0.005254
-0.2736	0.005239
-0.2734	0.005225
-0.2732	0.005211
-0.2730	0.005196
-0.2728	0.005182
-0.2726	0.005168
-0.2724	0.005154
-0.2722	0.005140
-0.2720	0.005125
-0.2718	0.005111
-0.2716	0.005097
-0.2714	0.005083
-0.2712	0.005069
-0.2710	0.005056
-0.2708	0.005042
-0.2706	0.005028
-0.2704	0.005014
-0.2702	0.005000
-0.2700	0.004987
-0.2698	0.004973
-0.2696	0.004959
-0.2694	0.004946
-0.2692	0.004932
-0.2690	0.004919
-0.2688	0.004905
-0.2686	0.004892
-0.2684	0.004878
-0.2682	0.004865
-0.2680	0.004852
-0.2678	0.004839
-0.2676	0.004825
-0.2674	0.004812
-0.2672	0.004799
-0.2670	0.004786
-0.2668	0.004773
-0.2666	0.004760
-0.2664	0.004747
-0.2662	0.004734
-0.2660	0.004721
-0.2658	0.004708
-0.2656	0.004695
-0.2654	0.004682
-0.2652	0.004669
-0.2650	0.004657
-0.2648	0.004644
-0.2646	0.004631
-0.2644	0.004619
-0.2642	0.004606
-0.2640	0.004593
-0.2638	0.004581
-0.2636	0.004568
-0.2634	0.004556
-0.2632	0.004544
-0.2630	0.004531
-0.2628	0.004519
-0.2626	0.004506
-0.2624	0.004494
-0.2622	0.004482
-0.2620	0.004470
-0.2618	0.004458
-0.2616	0.004445
-0.2614	0.004433
-0.2612	0.004421
-0.2610	0.004409
-0.2608	0.004397
-0.2606	0.004385
-0.2604	0.004373
-0.2602	0.004361
-0.2600	0.004349
-0.2598	0.004338
-0.2596	0.004326
-0.2594	0.004314
-0.2592	0.004302
-0.2590	0.004290
-0.2588	0.004279
-0.2586	0.004267
-0.2584	0.004255
-0.2582	0.004244
-0.2580	0.004232
-0.2578	0.004221
-0.2576	0.004209
-0.2574	0.004198
-0.2572	0.004186
-0.2570	0.004175
-0.2568	0.004164
-0.2566	0.004152
-0.2564	0.004141
-0.2562	0.004130
-0.2560	0.004119
-0.2558	0.004107
-0.2556	0.004096
-0.2554	0.004085
-0.2552	0.004074
-0.2550	0.004063
-0.2548	0.004052
-0.2546	0.004041
-0.2544	0.004030
-0.2542	0.004019
-0.2540	0.004008
-0.2538	0.003997
-0.2536	0.003986
-0.2534	0.003975
-0.2532	0.003965
-0.2530	0.003954
-0.2528	0.003943
-0.2526	0.003932
-0.2524	0.003922
-0.2522	0.003911
-0.2520	0.003900
-0.2518	0.003890
-0.2516	0.003879
-0.2514	0.003869
-0.2512	0.003858
-0.2510	0.003848
-0.2508	0.003837
-0.2506	0.003827
-0.2504	0.003816
-0.2502	0.003806
-0.2500	0.003796
-0.2498	0.003785
-0.2496	0.003775
-0.2494	0.003765
-0.2492	0.003754
-0.2490	0.003744
-0.2488	0.003734
-0.2486	0.003724
-0.2484	0.003714
-0.2482	0.003704
-0.2480	0.003694
-0.2478	0.003684
-0.2476	0.003674
-0.2474	0.003664
-0.2472	0.003654
-0.2470	0.003644
-0.2468	0.003634
-0.2466	0.003624
-0.2464	0.003614
-0.2462	0.003604
-0.2460	0.003595
-0.2458	0.003585
-0.2456	0.003575
-0.2454	0.003565
-0.2452	0.003556
-0.2450	0.003546
-0.2448	0.003536
-0.2446	0.003527
-0.2444	0.003517
-0.2442	0.003508
-0.2440	0.003498
-0.2438	0.003488
-0.2436	0.003479
-0.2434	0.003470
-0.2432	0.003460
-0.2430	0.003451
-0.2428	0.003441
-0.2426	0.003432
-0.2424	0.003423
-0.2422	0.003413
-0.2420	0.003404
-0.2418	0.003395
-0.2416	0.003386
-0.2414	0.003376
-0.2412	0.003367
-0.2410	0.003358
-0.2408	0.003349
-0.2406	0.003340
-0.2404	0.003331
-0.2402	0.003322
-0.2400	0.003313
-0.2398	0.003304
-0.2396	0.003295
-0.2394	0.003286
-0.2392	0.003277
-0.2390	0.003268
-0.2388	0.003259
-0.2386	0.003250
-0.2384	0.003241
-0.2382	0.003232
-0.2380	0.003224
-0.2378	0.003215
-0.2376	0.003206
-0.2374	0.003197
-0.2372	0.003189
-0.2370	0.003180
-0.2368	0.003171
-0.2366	0.003163
-0.2364	0.003154
-0.2362	0.003146
-0.2360	0.003137
-0.2358	0.003128
-0.2356	0.003120
-0.2354	0.003111
-0.2352	0.003103
-0.2350	0.003094
-0.2348	0.003086
-0.2346	0.003078
-0.2344	0.003069
-0.2342	0.003061
-0.2340	0.003053
-0.2338	0.003044
-0.2336	0.003036
-0.2334	0.003028
-0.2332	0.003019
-0.2330	0.003011
-0.2328	0.003003
-0.2326	0.002995
-0.2324	0.002987
-0.2322	0.002978
-0.2320	0.002970
-0.2318	0.002962
-0.2316	0.002954
-0.2314	0.002946
-0.2312	0.002938
-0.2310	0.002930
-0.2308	0.002922
-0.2306	0.002914
-0.2304	0.002906
-0.2302	0.002898
-0.2300	0.002890
-0.2298	0.002882
-0.2296	0.002875
-0.2294	0.002867
-0.2292	0.002859
-0.2290	0.002851
-0.2288	0.002843
-0.2286	0.002835
-0.2284	0.002828
-0.2282	0.002820
-0.2280	0.002812
-0.2278	0.002805
-0.2276	0.002797
-0.2274	0.002789
-0.2272	0.002782
-0.2270	0.002774
-0.2268	0.002766
-0.2266	0.002759
-0.2264	0.002751
-0.2262	0.002744
-0.2260	0.002736
-0.2258	0.002729
-0.2256	0.002721
-0.2254	0.002714
-0.2252	0.002706
-0.2250	0.002699
-0.2248	0.002692
-0.2246	0.002684
-0.2244	0.002677
-0.2242	0.002670
-0.2240	0.002662
-0.2238	0.002655
-0.2236	0.002648
-0.2234	0.002640
-0.2232	0.002633
-0.2230	0.002626
-0.2228	0.002619
-0.2226	0.002612
-0.2224	0.002604
-0.2222	0.002597
-0.2220	0.002590
-0.2218	0.002583
-0.2216	0.002576
-0.2214	0.002569
-0.2212	0.002562
-0.2210	0.002555
-0.2208	0.002548
-0.2206	0.002541
-0.2204	0.002534
-0.2202	0.002527
-0.2200	0.002520
-0.2198	0.002513
-0.2196	0.002506
-0.2194	0.002499
-0.2192	0.002492
-0.2190	0.002485
-0.2188	0.002478
-0.2186	0.002472
-0.2184	0.002465
-0.2182	0.002458
-0.2180	0.002451
-0.2178	0.002445
-0.2176	0.002438
-0.2174	0.002431
-0.2172	0.002424
-0.2170	0.002418
-0.2168	0.002411
-0.2166	0.002404
-0.2164	0.002398
-0.2162	0.002391
-0.2160	0.002384
-0.2158	0.002378
-0.2156	0.002371
-0.2154	0.002365
-0.2152	0.002358
-0.2150	0.002352
-0.2148	0.002345
-0.2146	0.002339
-0.2144	0.002332
-0.2142	0.002326
-0.2140	0.002319
-0.2138	0.002313
-0.2136	0.002307
-0.2134	0.002300
-0.2132	0.002294
-0.2130	0.002287
-0.2128	0.002281
-0.2126	0.002275
-0.2124	0.002268
-0.2122	0.002262
-0.2120	0.002256
-0.2118	0.002250
-0.2116	0.002243
-0.2114	0.002237
-0.2112	0.002231
-0.2110	0.002225
-0.2108	0.002219
-0.2106	0.002212
-0.2104	0.002206
-0.2102	0.002200
-0.2100	0.002194
-0.2098	0.002188
-0.2096	0.002182
-0.2094	0.002176
-0.2092	0.002170
-0.2090	0.002164
-0.2088	0.002158
-0.2086	0.002152
-0.2084	0.002146
-0.2082	0.002140
-0.2080	0.002134
-0.2078	0.002128
-0.2076	0.002122
-0.2074	0.002116
-0.2072	0.002110
-0.2070	0.002104
-0.2068	0.002098
-0.2066	0.002092
-0.2064	0.002087
-0.2062	0.002081
-0.2060	0.002075
-0.2058	0.002069
-0.2056	0.002063
-0.2054	0.002058
-0.2052	0.002052
-0.2050	0.002046
-0.2048	0.002040
-0.2046	0.002035
-0.2044	0.002029
-0.2042	0.002023
-0.2040	0.002018
-0.2038	0.002012
-0.2036	0.002006
-0.2034	0.002001
-0.2032	0.001995
-0.2030	0.001989
-0.2028	0.001984
-0.2026	0.001978
-0.2024	0.001973
-0.2022	0.001967
-0.2020	0.001962
-0.2018	0.001956
-0.2016	0.001951
-0.2014	0.001945
-0.2012	0.001940
-0.2010	0.001934
-0.2008	0.001929
-0.2006	0.001923
-0.2004	0.001918
-0.2002	0.001912
-0.2000	0.001907
-0.1998	0.001902
-0.1996	0.001896
-0.1994	0.001891
-0.1992	0.001886
-0.1990	0.001880
-0.1988	0.001875
-0.1986	0.001870
-0.1984	0.001864
-0.1982	0.001859
-0.1980	0.001854
-0.1978	0.001849
-0.1976	0.001843
-0.1974	0.001838
-0.1972	0.001833
-0.1970	0.001828
-0.1968	0.001822
-0.1966	0.001817
-0.1964	0.001812
-0.1962	0.001807
-0.1960	0.001802
-0.1958	0.001797
-0.1956	0.001792
-0.1954	0.001787
-0.1952	0.001781
-0.1950	0.001776
-0.1948	0.001771
-0.1946	0.001766
-0.1944	0.001761
-0.1942	0.001756
-0.1940	0.001751
-0.1938	0.001746
-0.1936	0.001741
-0.1934	0.001736
-0.1932	0.001731
-0.1930	0.001726
-0.1928	0.001721
-0.1926	0.001717
-0.1924	0.001712
-0.1922	0.001707
-0.1920	0.001702
-0.1918	0.001697
-0.1916	0.001692
-0.1914	0.001687
-0.1912	0.001682
-0.1910	0.001678
-0.1908	0.001673
-0.1906	0.001668
-0.1904	0.001663
-0.1902	0.001658
-0.1900	0.001654
-0.1898	0.001649
-0.1896	0.001644
-0.1894	0.001639
-0.1892	0.001635
-0.1890	0.001630
-0.1888	0.001625
-0.1886	0.001621
-0.1884	0.001616
-0.1882	0.001611
-0.1880	0.001607
-0.1878	0.001602
-0.1876	0.001597
-0.1874	0.001593
-0.1872	0.001588
-0.1870	0.001584
-0.1868	0.001579
-0.1866	0.001574
-0.1864	0.001570
-0.1862	0.001565
-0.1860	0.001561
-0.1858	0.001556
-0.1856	0.001552
-0.1854	0.001547
-0.1852	0.001543
-0.1850	0.001538
-0.1848	0.001534
-0.1846	0.001529
-0.1844	0.001525
-0.1842	0.001520
-0.1840	0.001516
-0.1838	0.001512
-0.1836	0.001507
-0.1834	0.001503
-0.1832	0.001498
-0.1830	0.001494
-0.1828	0.001490
-0.1826	0.001485
-0.1824	0.001481
-0.1822	0.001477
-0.1820	0.001472
-0.1818	0.001468
-0.1816	0.001464
-0.1814	0.001459
-0.1812	0.001455
-0.1810	0.001451
-0.1808	0.001447
-0.1806	0.001442
-0.1804	0.001438
-0.1802	0.001434
-0.1800	0.001430
-0.1798	0.001425
-0.1796	0.001421
-0.1794	0.001417
-0.1792	0.001413
-0.1790	0.001409
-0.1788	0.001405
-0.1786	0.001400
-0.1784	0.001396
-0.1782	0.001392
-0.1780	0.001388
-0.1778	0.001384
-0.1776	0.001380
-0.1774	0.001376
-0.1772	0.001372
-0.1770	0.001368
-0.1768	0.001364
-0.1766	0.001359
-0.1764	0.001355
-0.1762	0.001351
-0.1760	0.001347
-0.1758	0.001343
-0.1756	0.001339
-0.1754	0.001335
-0.1752	0.001331
-0.1750	0.001327
-0.1748	0.001324
-0.1746	0.001320
-0.1744	0.001316
-0.1742	0.001312
-0.1740	0.001308
-0.1738	0.001304
-0.1736	0.001300
-0.1734	0.001296
-0.1732	0.001292
-0.1730	0.001288
-0.1728	0.001284
-0.1726	0.001281
-0.1724	0.001277
-0.1722	0.001273
-0.1720	0.001269
-0.1718	0.001265
-0.1716	0.001261
-0.1714	0.001258
-0.1712	0.001254
-0.1710	0.001250
-0.1708	0.001246
-0.1706	0.001243
-0.1704	0.001239
-0.1702	0.001235
-0.1700	0.001231
-0.1698	0.001228
-0.1696	0.001224
-0.1694	0.001220
-0.1692	0.001217
-0.1690	0.001213
-0.1688	0.001209
-0.1686	0.001205
-0.1684	0.001202
-0.1682	0.001198
-0.1680	0.001195
-0.1678	0.001191
-0.1676	0.001187
-0.1674	0.001184
-0.1672	0.001180
-0.1670	0.001176
-0.1668	0.001173
-0.1666	0.001169
-0.1664	0.001166
-0.1662	0.001162
-0.1660	0.001159
-0.1658	0.001155
-0.1656	0.001151
-0.1654	0.001148
-0.1652	0.001144
-0.1650	0.001141
-0.1648	0.001137
-0.1646	0.001134
-0.1644	0.001130
-0.1642	0.001127
-0.1640	0.001123
-0.1638	0.001120
-0.1636	0.001117
-0.1634	0.001113
-0.1632	0.001110
-0.1630	0.001106
-0.1628	0.001103
-0.1626	0.001099
-0.1624	0.001096
-0.1622	0.001093
-0.1620	0.001089
-0.1618	0.001086
-0.1616	0.001082
-0.1614	0.001079
-0.1612	0.001076
-0.1610	0.001072
-0.1608	0.001069
-0.1606	0.001066
-0.1604	0.001062
-0.1602	0.001059
-0.1600	0.001056
-0.1598	0.001052
-0.1596	0.001049
-0.1594	0.001046
-0.1592	0.001043
-0.1590	0.001039
-0.1588	0.001036
-0.1586	0.001033
-0.1584	0.001030
-0.1582	0.001026
-0.1580	0.001023
-0.1578	0.001020
-0.1576	0.001017
-0.1574	0.001013
-0.1572	0.001010
-0.1570	0.001007
-0.1568	0.001004
-0.1566	0.001001
-0.1564	0.000998
-0.1562	0.000994
-0.1560	0.000991
-0.1558	0.000988
-0.1556	0.000985
-0.1554	0.000982
-0.1552	0.000979
-0.1550	0.000976
-0.1548	0.000973
-0.1546	0.000969
-0.1544	0.000966
-0.1542	0.000963
-0.1540	0.000960
-0.1538	0.000957
-0.1536	0.000954
-0.1534	0.000951
-0.1532	0.000948
-0.1530	0.000945
-0.1528	0.000942
-0.1526	0.000939
-0.1524	0.000936
-0.1522	0.000933
-0.1520	0.000930
-0.1518	0.000927
-0.1516	0.000924
-0.1514	0.000921
-0.1512	0.000918
-0.1510	0.000915
-0.1508	0.000912
-0.1506	0.000909
-0.1504	0.000906
-0.1502	0.000903
-0.1500	0.000900
-0.1498	0.000897
-0.1496	0.000894
-0.1494	0.000891
-0.1492	0.000889
-0.1490	0.000886
-0.1488	0.000883
-0.1486	0.000880
-0.1484	0.000877
-0.1482	0.000874
-0.1480	0.000871
-0.1478	0.000868
-0.1476	0.000866
-0.1474	0.000863
-0.1472	0.000860
-0.1470	0.000857
-0.1468	0.000854
-0.1466	0.000852
-0.1464	0.000849
-0.1462	0.000846
-0.1460	0.000843
-0.1458	0.000840
-0.1456	0.000838
-0.1454	0.000835
-0.1452	0.000832
-0.1450	0.000829
-0.1448	0.000827
-0.1446	0.000824
-0.1444	0.000821
-0.1442	0.000818
-0.1440	0.000816
-0.1438	0.000813
-0.1436	0.000810
-0.1434	0.000807
-0.1432	0.000805
-0.1430	0.000802
-0.1428	0.000799
-0.1426	0.000797
-0.1424	0.000794
-0.1422	0.000791
-0.1420	0.000789
-0.1418	0.000786
-0.1416	0.000783
-0.1414	0.000781
-0.1412	0.000778
-0.1410	0.000776
-0.1408	0.000773
-0.1406	0.000770
-0.1404	0.000768
-0.1402	0.000765
-0.1400	0.000763
-0.1398	0.000760
-0.1396	0.000757
-0.1394	0.000755
-0.1392	0.000752
-0.1390	0.000750
-0.1388	0.000747
-0.1386	0.000745
-0.1384	0.000742
-0.1382	0.000739
-0.1380	0.000737
-0.1378	0.000734
-0.1376	0.000732
-0.1374	0.000729
-0.1372	0.000727
-0.1370	0.000724
-0.1368	0.000722
-0.1366	0.000719
-0.1364	0.000717
-0.1362	0.000714
-0.1360	0.000712
-0.1358	0.000709
-0.1356	0.000707
-0.1354	0.000705
-0.1352	0.000702
-0.1350	0.000700
-0.1348	0.000697
-0.1346	0.000695
-0.1344	0.000692
-0.1342	0.000690
-0.1340	0.000688
-0.1338	0.000685
-0.1336	0.000683
-0.1334	0.000680
-0.1332	0.000678
-0.1330	0.000676
-0.1328	0.000673
-0.1326	0.000671
-0.1324	0.000669
-0.1322	0.000666
-0.1320	0.000664
-0.1318	0.000661
-0.1316	0.000659
-0.1314	0.000657
-0.1312	0.000655
-0.1310	0.000652
-0.1308	0.000650
-0.1306	0.000648
-0.1304	0.000645
-0.1302	0.000643
-0.1300	0.000641
-0.1298	0.000638
-0.1296	0.000636
-0.1294	0.000634
-0.1292	0.000632
-0.1290	0.000629
-0.1288	0.000627
-0.1286	0.000625
-0.1284	0.000623
-0.1282	0.000620
-0.1280	0.000618
-0.1278	0.000616
-0.1276	0.000614
-0.1274	0.000611
-0.1272	0.000609
-0.1270	0.000607
-0.1268	0.000605
-0.1266	0.000603
-0.1264	0.000600
-0.1262	0.000598
-0.1260	0.000596
-0.1258	0.000594
-0.1256	0.000592
-0.1254	0.000589
-0.1252	0.000587
-0.1250	0.000585
-0.1248	0.000583
-0.1246	0.000581
-0.1244	0.000579
-0.1242	0.000577
-0.1240	0.000574
-0.1238	0.000572
-0.1236	0.000570
-0.1234	0.000568
-0.1232	0.000566
-0.1230	0.000564
-0.1228	0.000562
-0.1226	0.000560
-0.1224	0.000558
-0.1222	0.000556
-0.1220	0.000554
-0.1218	0.000551
-0.1216	0.000549
-0.1214	0.000547
-0.1212	0.000545
-0.1210	0.000543
-0.1208	0.000541
-0.1206	0.000539
-0.1204	0.000537
-0.1202	0.000535
-0.1200	0.000533
-0.1198	0.000531
-0.1196	0.000529
-0.1194	0.000527
-0.1192	0.000525
-0.1190	0.000523
-0.1188	0.000521
-0.1186	0.000519
-0.1184	0.000517
-0.1182	0.000515
-0.1180	0.000513
-0.1178	0.000511
-0.1176	0.000509
-0.1174	0.000507
-0.1172	0.000505
-0.1170	0.000503
-0.1168	0.000501
-0.1166	0.000499
-0.1164	0.000498
-0.1162	0.000496
-0.1160	0.000494
-0.1158	0.000492
-0.1156	0.000490
-0.1154	0.000488
-0.1152	0.000486
-0.1150	0.000484
-0.1148	0.000482
-0.1146	0.000480
-0.1144	0.000479
-0.1142	0.000477
-0.1140	0.000475
-0.1138	0.000473
-0.1136	0.000471
-0.1134	0.000469
-0.1132	0.000467
-0.1130	0.000465
-0.1128	0.000464
-0.1126	0.000462
-0.1124	0.000460
-0.1122	0.000458
-0.1120	0.000456
-0.1118	0.000454
-0.1116	0.000453
-0.1114	0.000451
-0.1112	0.000449
-0.1110	0.000447
-0.1108	0.000445
-0.1106	0.000444
-0.1104	0.000442
-0.1102	0.000440
-0.1100	0.000438
-0.1098	0.000437
-0.1096	0.000435
-0.1094	0.000433
-0.1092	0.000431
-0.1090	0.000429
-0.1088	0.000428
-0.1086	0.000426
-0.1084	0.000424
-0.1082	0.000423
-0.1080	0.000421
-0.1078	0.000419
-0.1076	0.000417
-0.1074	0.000416
-0.1072	0.000414
-0.1070	0.000412
-0.1068	0.000411
-0.1066	0.000409
-0.1064	0.000407
-0.1062	0.000405
-0.1060	0.000404
-0.1058	0.000402
-0.1056	0.000400
-0.1054	0.000399
-0.1052	0.000397
-0.1050	0.000395
-0.1048	0.000394
-0.1046	0.000392
-0.1044	0.000390
-0.1042	0.000389
-0.1040	0.000387
-0.1038	0.000385
-0.1036	0.000384
-0.1034	0.000382
-0.1032	0.000381
-0.1030	0.000379
-0.1028	0.000377
-0.1026	0.000376
-0.1024	0.000374
-0.1022	0.000373
-0.1020	0.000371
-0.1018	0.000369
-0.1016	0.000368
-0.1014	0.000366
-0.1012	0.000365
-0.1010	0.000363
-0.1008	0.000361
-0.1006	0.000360
-0.1004	0.000358
-0.1002	0.000357
-0.1000	0.000355
-0.0998	0.000354
-0.0996	0.000352
-0.0994	0.000351
-0.0992	0.000349
-0.0990	0.000347
-0.0988	0.000346
-0.0986	0.000344
-0.0984	0.000343
-0.0982	0.000341
-0.0980	0.000340
-0.0978	0.000338
-0.0976	0.000337
-0.0974	0.000335
-0.0972	0.000334
-0.0970	0.000332
-0.0968	0.000331
-0.0966	0.000329
-0.0964	0.000328
-0.0962	0.000326
-0.0960	0.000325
-0.0958	0.000323
-0.0956	0.000322
-0.0954	0.000321
-0.0952	0.000319
-0.0950	0.000318
-0.0948	0.000316
-0.0946	0.000315
-0.0944	0.000313
-0.0942	0.000312
-0.0940	0.000310
-0.0938	0.000309
-0.0936	0.000308
-0.0934	0.000306
-0.0932	0.000305
-0.0930	0.000303
-0.0928	0.000302
-0.0926	0.000301
-0.0924	0.000299
-0.0922	0.000298
-0.0920	0.000296
-0.0918	0.000295
-0.0916	0.000294
-0.0914	0.000292
-0.0912	0.000291
-0.0910	0.000289
-0.0908	0.000288
-0.0906	0.000287
-0.0904	0.000285
-0.0902	0.000284
-0.0900	0.000283
-0.0898	0.000281
-0.0896	0.000280
-0.0894	0.000279
-0.0892	0.000277
-0.0890	0.000276
-0.0888	0.000275
-0.0886	0.000273
-0.0884	0.000272
-0.0882	0.000271
-0.0880	0.000269
-0.0878	0.000268
-0.0876	0.000267
-0.0874	0.000265
-0.0872	0.000264
-0.0870	0.000263
-0.0868	0.000262
-0.0866	0.000260
-0.0864	0.000259
-0.0862	0.000258
-0.0860	0.000256
-0.0858	0.000255
-0.0856	0.000254
-0.0854	0.000253
-0.0852	0.000251
-0.0850	0.000250
-0.0848	0.000249
-0.0846	0.000248
-0.0844	0.000246
-0.0842	0.000245
-0.0840	0.000244
-0.0838	0.000243
-0.0836	0.000241
-0.0834	0.000240
-0.0832	0.000239
-0.0830	0.000238
-0.0828	0.000237
-0.0826	0.000235
-0.0824	0.000234
-0.0822	0.000233
-0.0820	0.000232
-0.0818	0.000230
-0.0816	0.000229
-0.0814	0.000228
-0.0812	0.000227
-0.0810	0.000226
-0.0808	0.000225
-0.0806	0.000223
-0.0804	0.000222
-0.0802	0.000221
-0.0800	0.000220
-0.0798	0.000219
-0.0796	0.000218
-0.0794	0.000216
-0.0792	0.000215
-0.0790	0.000214
-0.0788	0.000213
-0.0786	0.000212
-0.0784	0.000211
-0.0782	0.000210
-0.0780	0.000208
-0.0778	0.000207
-0.0776	0.000206
-0.0774	0.000205
-0.0772	0.000204
-0.0770	0.000203
-0.0768	0.000202
-0.0766	0.000201
-0.0764	0.000199
-0.0762	0.000198
-0.0760	0.000197
-0.0758	0.000196
-0.0756	0.000195
-0.0754	0.000194
-0.0752	0.000193
-0.0750	0.000192
-0.0748	0.000191
-0.0746	0.000190
-0.0744	0.000189
-0.0742	0.000188
-0.0740	0.000187
-0.0738	0.000185
-0.0736	0.000184
-0.0734	0.000183
-0.0732	0.000182
-0.0730	0.000181
-0.0728	0.000180
-0.0726	0.000179
-0.0724	0.000178
-0.0722	0.000177
-0.0720	0.000176
-0.0718	0.000175
-0.0716	0.000174
-0.0714	0.000173
-0.0712	0.000172
-0.0710	0.000171
-0.0708	0.000170
-0.0706	0.000169
-0.0704	0.000168
-0.0702	0.000167
-0.0700	0.000166
-0.0698	0.000165
-0.0696	0.000164
-0.0694	0.000163
-0.0692	0.000162
-0.0690	0.000161
-0.0688	0.000160
-0.0686	0.000159
-0.0684	0.000158
-0.0682	0.000157
-0.0680	0.000156
-0.0678	0.000155
-0.0676	0.000154
-0.0674	0.000153
-0.0672	0.000152
-0.0670	0.000152
-0.0668	0.000151
-0.0666	0.000150
-0.0664	0.000149
-0.0662	0.000148
-0.0660	0.000147
-0.0658	0.000146
-0.0656	0.000145
-0.0654	0.000144
-0.0652	0.000143
-0.0650	0.000142
-0.0648	0.000141
-0.0646	0.000140
-0.0644	0.000140
-0.0642	0.000139
-0.0640	0.000138
-0.0638	0.000137
-0.0636	0.000136
-0.0634	0.000135
-0.0632	0.000134
-0.0630	0.000133
-0.0628	0.000132
-0.0626	0.000132
-0.0624	0.000131
-0.0622	0.000130
-0.0620	0.000129
-0.0618	0.000128
-0.0616	0.000127
-0.0614	0.000126
-0.0612	0.000126
-0.0610	0.000125
-0.0608	0.000124
-0.0606	0.000123
-0.0604	0.000122
-0.0602	0.000121
-0.0600	0.000121
-0.0598	0.000120
-0.0596	0.000119
-0.0594	0.000118
-0.0592	0.000117
-0.0590	0.000116
-0.0588	0.000116
-0.0586	0.000115
-0.0584	0.000114
-0.0582	0.000113
-0.0580	0.000112
-0.0578	0.000112
-0.0576	0.000111
-0.0574	0.000110
-0.0572	0.000109
-0.0570	0.000108
-0.0568	0.000108
-0.0566	0.000107
-0.0564	0.000106
-0.0562	0.000105
-0.0560	0.000105
-0.0558	0.000104
-0.0556	0.000103
-0.0554	0.000102
-0.0552	0.000101
-0.0550	0.000101
-0.0548	0.000100
-0.0546	0.000099
-0.0544	0.000098
-0.0542	0.000098
-0.0540	0.000097
-0.0538	0.000096
-0.0536	0.000096
-0.0534	0.000095
-0.0532	0.000094
-0.0530	0.000093
-0.0528	0.000093
-0.0526	0.000092
-0.0524	0.000091
-0.0522	0.000090
-0.0520	0.000090
-0.0518	0.000089
-0.0516	0.000088
-0.0514	0.000088
-0.0512	0.000087
-0.0510	0.000086
-0.0508	0.000086
-0.0506	0.000085
-0.0504	0.000084
-0.0502	0.000084
-0.0500	0.000083
-0.0498	0.000082
-0.0496	0.000082
-0.0494	0.000081
-0.0492	0.000080
-0.0490	0.000080
-0.0488	0.000079
-0.0486	0.000078
-0.0484	0.000078
-0.0482	0.000077
-0.0480	0.000076
-0.0478	0.000076
-0.0476	0.000075
-0.0474	0.000074
-0.0472	0.000074
-0.0470	0.000073
-0.0468	0.000072
-0.0466	0.000072
-0.0464	0.000071
-0.0462	0.000071
-0.0460	0.000070
-0.0458	0.000069
-0.0456	0.000069
-0.0454	0.000068
-0.0452	0.000067
-0.0450	0.000067
-0.0448	0.000066
-0.0446	0.000066
-0.0444	0.000065
-0.0442	0.000064
-0.0440	0.000064
-0.0438	0.000063
-0.0436	0.000063
-0.0434	0.000062
-0.0432	0.000061
-0.0430	0.000061
-0.0428	0.000060
-0.0426	0.000060
-0.0424	0.000059
-0.0422	0.000059
-0.0420	0.000058
-0.0418	0.000058
-0.0416	0.000057
-0.0414	0.000056
-0.0412	0.000056
-0.0410	0.000055
-0.0408	0.000055
-0.0406	0.000054
-0.0404	0.000054
-0.0402	0.000053
-0.0400	0.000053
-0.0398	0.000052
-0.0396	0.000052
-0.0394	0.000051
-0.0392	0.000050
-0.0390	0.000050
-0.0388	0.000049
-0.0386	0.000049
-0.0384	0.000048
-0.0382	0.000048
-0.0380	0.000047
-0.0378	0.000047
-0.0376	0.000046
-0.0374	0.000046
-0.0372	0.000045
-0.0370	0.000045
-0.0368	0.000044
-0.0366	0.000044
-0.0364	0.000043
-0.0362	0.000043
-0.0360	0.000042
-0.0358	0.000042
-0.0356	0.000042
-0.0354	0.000041
-0.0352	0.000041
-0.0350	0.000040
-0.0348	0.000040
-0.0346	0.000039
-0.0344	0.000039
-0.0342	0.000038
-0.0340	0.000038
-0.0338	0.000037
-0.0336	0.000037
-0.0334	0.000037
-0.0332	0.000036
-0.0330	0.000036
-0.0328	0.000035
-0.0326	0.000035
-0.0324	0.000034
-0.0322	0.000034
-0.0320	0.000033
-0.0318	0.000033
-0.0316	0.000033
-0.0314	0.000032
-0.0312	0.000032
-0.0310	0.000031
-0.0308	0.000031
-0.0306	0.000031
-0.0304	0.000030
-0.0302	0.000030
-0.0300	0.000029
-0.0298	0.000029
-0.0296	0.000029
-0.0294	0.000028
-0.0292	0.000028
-0.0290	0.000027
-0.0288	0.000027
-0.0286	0.000027
-0.0284	0.000026
-0.0282	0.000026
-0.0280	0.000026
-0.0278	0.000025
-0.0276	0.000025
-0.0274	0.000024
-0.0272	0.000024
-0.0270	0.000024
-0.0268	0.000023
-0.0266	0.000023
-0.0264	0.000023
-0.0262	0.000022
-0.0260	0.000022
-0.0258	0.000022
-0.0256	0.000021
-0.0254	0.000021
-0.0252	0.000021
-0.0250	0.000020
-0.0248	0.000020
-0.0246	0.000020
-0.0244	0.000019
-0.0242	0.000019
-0.0240	0.000019
-0.0238	0.000018
-0.0236	0.000018
-0.0234	0.000018
-0.0232	0.000018
-0.0230	0.000017
-0.0228	0.000017
-0.0226	0.000017
-0.0224	0.000016
-0.0222	0.000016
-0.0220	0.000016
-0.0218	0.000015
-0.0216	0.000015
-0.0214	0.000015
-0.0212	0.000015
-0.0210	0.000014
-0.0208	0.000014
-0.0206	0.000014
-0.0204	0.000014
-0.0202	0.000013
-0.0200	0.000013
-0.0198	0.000013
-0.0196	0.000012
-0.0194	0.000012
-0.0192	0.000012
-0.0190	0.000012
-0.0188	0.000011
-0.0186	0.000011
-0.0184	0.000011
-0.0182	0.000011
-0.0180	0.000011
-0.0178	0.000010
-0.0176	0.000010
-0.0174	0.000010
-0.0172	0.000010
-0.0170	0.000009
-0.0168	0.000009
-0.0166	0.000009
-0.0164	0.000009
-0.0162	0.000009
-0.0160	0.000008
-0.0158	0.000008
-0.0156	0.000008
-0.0154	0.000008
-0.0152	0.000008
-0.0150	0.000007
-0.0148	0.000007
-0.0146	0.000007
-0.0144	0.000007
-0.0142	0.000007
-0.0140	0.000006
-0.0138	0.000006
-0.0136	0.000006
-0.0134	0.000006
-0.0132	0.000006
-0.0130	0.000005
-0.0128	0.000005
-0.0126	0.000005
-0.0124	0.000005
-0.0122	0.000005
-0.0120	0.000005
-0.0118	0.000005
-0.0116	0.000004
-0.0114	0.000004
-0.0112	0.000004
-0.0110	0.000004
-0.0108	0.000004
-0.0106	0.000004
-0.0104	0.000004
-0.0102	0.000003
-0.0100	0.000003
-0.0098	0.000003
-0.0096	0.000003
-0.0094	0.000003
-0.0092	0.000003
-0.0090	0.000003
-0.0088	0.000003
-0.0086	0.000002
-0.0084	0.000002
-0.0082	0.000002
-0.0080	0.000002
-0.0078	0.000002
-0.0076	0.000002
-0.0074	0.000002
-0.0072	0.000002
-0.0070	0.000002
-0.0068	0.000001
-0.0066	0.000001
-0.0064	0.000001
-0.0062	0.000001
-0.0060	0.000001
-0.0058	0.000001
-0.0056	0.000001
-0.0054	0.000001
-0.0052	0.000001
-0.0050	0.000001
-0.0048	0.000001
-0.0046	0.000001
-0.0044	0.000001
-0.0042	0.000001
-0.0040	0.000001
-0.0038	0.000000
-0.0036	0.000000
-0.0034	0.000000
-0.0032	0.000000
-0.0030	0.000000
-0.0028	0.000000
-0.0026	0.000000
-0.0024	0.000000
-0.0022	0.000000
-0.0020	0.000000
-0.0018	0.000000
-0.0016	0.000000
-0.0014	0.000000
-0.0012	0.000000
-0.0010	0.000000
-0.0008	0.000000
-0.0006	0.000000
-0.0004	0.000000
-0.0002	0.000000
-0.0000	0.000000
0.0002	0.000000
0.0004	0.000000
0.0006	0.000000
0.0008	0.000000
0.0010	0.000000
0.0012	0.000000
0.0014	0.000000
0.0016	0.000000
0.0018	0.000000
0.0020	0.000000
0.0022	0.000000
0.0024	0.000000
0.0026	0.000000
0.0028	0.000000
0.0030	0.000000
0.0032	0.000000
0.0034	0.000000
0.0036	0.000000
0.0038	0.000000
0.0040	0.000001
0.0042	0.000001
0.0044	0.000001
0.0046	0.000001
0.0048	0.000001
0.0050	0.000001
0.0052	0.000001
0.0054	0.000001
0.0056	0.000001
0.0058	0.000001
0.0060	0.000001
0.0062	0.000001
0.0064	0.000001
0.0066	0.000001
0.0068	0.000001
0.0070	0.000002
0.0072	0.000002
0.0074	0.000002
0.0076	0.000002
0.0078	0.000002
0.0080	0.000002
0.0082	0.000002
0.0084	0.000002
0.0086	0.000002
0.0088	0.000003
0.0090	0.000003
0.0092	0.000003
0.0094	0.000003
0.0096	0.000003
0.0098	0.000003
0.0100	0.000003
0.0102	0.000003
0.0104	0.000004
0.0106	0.000004
0.0108	0.000004
0.0110	0.000004
0.0112	0.000004
0.0114	0.000004
0.0116	0.000004
0.0118	0.000005
0.0120	0.000005
0.0122	0.000005
0.0124	0.000005
0.0126	0.000005
0.0128	0.000005
0.0130	0.000005
0.0132	0.000006
0.0134	0.000006
0.0136	0.000006
0.0138	0.000006
0.0140	0.000006
0.0142	0.000007
0.0144	0.000007
0.0146	0.000007
0.0148	0.000007
0.0150	0.000007
0.0152	0.000008
0.0154	0.000008
0.0156	0.000008
0.0158	0.000008
0.0160	0.000008
0.0162	0.000009
0.0164	0.000009
0.0166	0.000009
0.0168	0.000009
0.0170	0.000009
0.0172	0.000010
0.0174	0.000010
0.0176	0.000010
0.0178	0.000010
0.0180	0.000011
0.0182	0.000011
0.0184	0.000011
0.0186	0.000011
0.0188	0.000011
0.0190	0.000012
0.0192	0.000012
0.0194	0.000012
0.0196	0.000012
0.0198	0.000013
0.0200	0.000013
0.0202	0.000013
0.0204	0.000014
0.0206	0.000014
0.0208	0.000014
0.0210	0.000014
0.0212	0.000015
0.0214	0.000015
0.0216	0.000015
0.0218	0.000015
0.0220	0.000016
0.0222	0.000016
0.0224	0.000016
0.0226	0.000017
0.0228	0.000017
0.0230	0.000017
0.0232	0.000018
0.0234	0.000018
0.0236	0.000018
0.0238	0.000018
0.0240	0.000019
0.0242	0.000019
0.0244	0.000019
0.0246	0.000020
0.0248	0.000020
0.0250	0.000020
0.0252	0.000021
0.0254	0.000021
0.0256	0.000021
0.0258	0.000022
0.0260	0.000022
0.0262	0.000022
0.0264	0.000023
0.0266	0.000023
0.0268	0.000023
0.0270	0.000024
0.0272	0.000024
0.0274	0.000024
0.0276	0.000025
0.0278	0.000025
0.0280	0.000026
0.0282	0.000026
0.0284	0.000026
0.0286	0.000027
0.0288	0.000027
0.0290	0.000027
0.0292	0.000028
0.0294	0.000028
0.0296	0.000029
0.0298	0.000029
0.0300	0.000029
0.0302	0.000030
0.0304	0.000030
0.0306	0.000031
0.0308	0.000031
0.0310	0.000031
0.0312	0.000032
0.0314	0.000032
0.0316	0.000033
0.0318	0.000033
0.0320	0.000033
0.0322	0.000034
0.0324	0.000034
0.0326	0.000035
0.0328	0.000035
0.0330	0.000036
0.0332	0.000036
0.0334	0.000037
0.0336	0.000037
0.0338	0.000037
0.0340	0.000038
0.0342	0.000038
0.0344	0.000039
0.0346	0.000039
0.0348	0.000040
0.0350	0.000040
0.0352	0.000041
0.0354	0.000041
0.0356	0.000042
0.0358	0.000042
0.0360	0.000042
0.0362	0.000043
0.0364	0.000043
0.0366	0.000044
0.0368	0.000044
0.0370	0.000045
0.0372	0.000045
0.0374	0.000046
0.0376	0.000046
0.0378	0.000047
0.0380	0.000047
0.0382	0.000048
0.0384	0.000048
0.0386	0.000049
0.0388	0.000049
0.0390	0.000050
0.0392	0.000050
0.0394	0.000051
0.0396	0.000052
0.0398	0.000052
0.0400	0.000053
0.0402	0.000053
0.0404	0.000054
0.0406	0.000054
0.0408	0.000055
0.0410	0.000055
0.0412	0.000056
0.0414	0.000056
0.0416	0.000057
0.0418	0.000058
0.0420	0.000058
0.0422	0.000059
0.0424	0.000059
0.0426	0.000060
0.0428	0.000060
0.0430	0.000061
0.0432	0.000061
0.0434	0.000062
0.0436	0.000063
0.0438	0.000063
0.0440	0.000064
0.0442	0.000064
0.0444	0.000065
0.0446	0.000066
0.0448	0.000066
0.0450	0.000067
0.0452	0.000067
0.0454	0.000068
0.0456	0.000069
0.0458	0.000069
0.0460	0.000070
0.0462	0.000071
0.0464	0.000071
0.0466	0.000072
0.0468	0.000072
0.0470	0.000073
0.0472	0.000074
0.0474	0.000074
0.0476	0.000075
0.0478	0.000076
0.0480	0.000076
0.0482	0.000077
0.0484	0.000078
0.0486	0.000078
0.0488	0.000079
0.0490	0.000080
0.0492	0.000080
0.0494	0.000081
0.0496	0.000082
0.0498	0.000082
0.0500	0.000083
0.0502	0.000084
0.0504	0.000084
0.0506	0.000085
0.0508	0.000086
0.0510	0.000086
0.0512	0.000087
0.0514	0.000088
0.0516	0.000088
0.0518	0.000089
0.0520	0.000090
0.0522	0.000090
0.0524	0.000091
0.0526	0.000092
0.0528	0.000093
0.0530	0.000093
0.0532	0.000094
0.0534	0.000095
0.0536	0.000096
0.0538	0.000096
0.0540	0.000097
0.0542	0.000098
0.0544	0.000098
0.0546	0.000099
0.0548	0.000100
0.0550	0.000101
0.0552	0.000101
0.0554	0.000102
0.0556	0.000103
0.0558	0.000104
0.0560	0.000105
0.0562	0.000105
0.0564	0.000106
0.0566	0.000107
0.0568	0.000108
0.0570	0.000108
0.0572	0.000109
0.0574	0.000110
0.0576	0.000111
0.0578	0.000112
0.0580	0.000112
0.0582	0.000113
0.0584	0.000114
0.0586	0.000115
0.0588	0.000116
0.0590	0.000116
0.0592	0.000117
0.0594	0.000118
0.0596	0.000119
0.0598	0.000120
0.0600	0.000121
0.0602	0.000121
0.0604	0.000122
0.0606	0.000123
0.0608	0.000124
0.0610	0.000125
0.0612	0.000126
0.0614	0.000126
0.0616	0.000127
0.0618	0.000128
0.0620	0.000129
0.0622	0.000130
0.0624	0.000131
0.0626	0.000132
0.0628	0.000132
0.0630	0.000133
0.0632	0.000134
0.0634	0.000135
0.0636	0.000136
0.0638	0.000137
0.0640	0.000138
0.0642	0.000139
0.0644	0.000140
0.0646	0.000140
0.0648	0.000141
0.0650	0.000142
0.0652	0.000143
0.0654	0.000144
0.0656	0.000145
0.0658	0.000146
0.0660	0.000147
0.0662	0.000148
0.0664	0.000149
0.0666	0.000150
0.0668	0.000151
0.0670	0.000152
0.0672	0.000152
0.0674	0.000153
0.0676	0.000154
0.0678	0.000155
0.0680	0.000156
0.0682	0.000157
0.0684	0.000158
0.0686	0.000159
0.0688	0.000160
0.0690	0.000161
0.0692	0.000162
0.0694	0.000163
0.0696	0.000164
0.0698	0.000165
0.0700	0.000166
0.0702	0.000167
0.0704	0.000168
0.0706	0.000169
0.0708	0.000170
0.0710	0.000171
0.0712	0.000172
0.0714	0.000173
0.0716	0.000174
0.0718	0.000175
0.0720	0.000176
0.0722	0.000177
0.0724	0.000178
0.0726	0.000179
0.0728	0.000180
0.0730	0.000181
0.0732	0.000182
0.0734	0.000183
0.0736	0.000184
0.0738	0.000185
0.0740	0.000187
0.0742	0.000188
0.0744	0.000189
0.0746	0.000190
0.0748	0.000191
0.0750	0.000192
0.0752	0.000193
0.0754	0.000194
0.0756	0.000195
0.0758	0.000196
0.0760	0.000197
0.0762	0.000198
0.0764	0.000199
0.0766	0.000201
0.0768	0.000202
0.0770	0.000203
0.0772	0.000204
0.0774	0.000205
0.0776	0.000206
0.0778	0.000207
0.0780	0.000208
0.0782	0.000210
0.0784	0.000211
0.0786	0.000212
0.0788	0.000213
0.0790	0.000214
0.0792	0.000215
0.0794	0.000216
0.0796	0.000218
0.0798	0.000219
0.0800	0.000220
0.0802	0.000221
0.0804	0.000222
0.0806	0.000223
0.0808	0.000225
0.0810	0.000226
0.0812	0.000227
0.0814	0.000228
0.0816	0.000229
0.0818	0.000230
0.0820	0.000232
0.0822	0.000233
0.0824	0.000234
0.0826	0.000235
0.0828	0.000237
0.0830	0.000238
0.0832	0.000239
0.0834	0.000240
0.0836	0.000241
0.0838	0.000243
0.0840	0.000244
0.0842	0.000245
0.0844	0.000246
0.0846	0.000248
0.0848	0.000249
0.0850	0.000250
0.0852	0.000251
0.0854	0.000253
0.0856	0.000254
0.0858	0.000255
0.0860	0.000256
0.0862	0.000258
0.0864	0.000259
0.0866	0.000260
0.0868	0.000262
0.0870	0.000263
0.0872	0.000264
0.0874	0.000265
0.0876	0.000267
0.0878	0.000268
0.0880	0.000269
0.0882	0.000271
0.0884	0.000272
0.0886	0.000273
0.0888	0.000275
0.0890	0.000276
0.0892	0.000277
0.0894	0.000279
0.0896	0.000280
0.0898	0.000281
0.0900	0.000283
0.0902	0.000284
0.0904	0.000285
0.0906	0.000287
0.0908	0.000288
0.0910	0.000289
0.0912	0.000291
0.0914	0.000292
0.0916	0.000294
0.0918	0.000295
0.0920	0.000296
0.0922	0.000298
0.0924	0.000299
0.0926	0.000301
0.0928	0.000302
0.0930	0.000303
0.0932	0.000305
0.0934	0.000306
0.0936	0.000308
0.0938	0.000309
0.0940	0.000310
0.0942	0.000312
0.0944	0.000313
0.0946	0.000315
0.0948	0.000316
0.0950	0.000318
0.0952	0.000319
0.0954	0.000321
0.0956	0.000322
0.0958	0.000323
0.0960	0.000325
0.0962	0.000326
0.0964	0.000328
0.0966	0.000329
0.0968	0.000331
0.0970	0.000332
0.0972	0.000334
0.0974	0.000335
0.0976	0.000337
0.0978	0.000338
0.0980	0.000340
0.0982	0.000341
0.0984	0.000343
0.0986	0.000344
0.0988	0.000346
0.0990	0.000347
0.0992	0.000349
0.0994	0.000351
0.0996	0.000352
0.0998	0.000354
0.1000	0.000355
0.1002	0.000357
0.1004	0.000358
0.1006	0.000360
0.1008	0.000361
0.1010	0.000363
0.1012	0.000365
0.1014	0.000366
0.1016	0.000368
0.1018	0.000369
0.1020	0.000371
0.1022	0.000373
0.1024	0.000374
0.1026	0.000376
0.1028	0.000377
0.1030	0.000379
0.1032	0.000381
0.1034	0.000382
0.1036	0.000384
0.1038	0.000385
0.1040	0.000387
0.1042	0.000389
0.1044	0.000390
0.1046	0.000392
0.1048	0.000394
0.1050	0.000395
0.1052	0.000397
0.1054	0.000399
0.1056	0.000400
0.1058	0.000402
0.1060	0.000404
0.1062	0.000405
0.1064	0.000407
0.1066	0.000409
0.1068	0.000411
0.1070	0.000412
0.1072	0.000414
0.1074	0.000416
0.1076	0.000417
0.1078	0.000419
0.1080	0.000421
0.1082	0.000423
0.1084	0.000424
0.1086	0.000426
0.1088	0.000428
0.1090	0.000429
0.1092	0.000431
0.1094	0.000433
0.1096	0.000435
0.1098	0.000437
0.1100	0.000438
0.1102	0.000440
0.1104	0.000442
0.1106	0.000444
0.1108	0.000445
0.1110	0.000447
0.1112	0.000449
0.1114	0.000451
0.1116	0.000453
0.1118	0.000454
0.1120	0.000456
0.1122	0.000458
0.1124	0.000460
0.1126	0.000462
0.1128	0.000464
0.1130	0.000465
0.1132	0.000467
0.1134	0.000469
0.1136	0.000471
0.1138	0.000473
0.1140	0.000475
0.1142	0.000477
0.1144	0.000479
0.1146	0.000480
0.1148	0.000482
0.1150	0.000484
0.1152	0.000486
0.1154	0.000488
0.1156	0.000490
0.1158	0.000492
0.1160	0.000494
0.1162	0.000496
0.1164	0.000498
0.1166	0.000499
0.1168	0.000501
0.1170	0.000503
0.1172	0.000505
0.1174	0.000507
0.1176	0.000509
0.1178	0.000511
0.1180	0.000513
0.1182	0.000515
0.1184	0.000517
0.1186	0.000519
0.1188	0.000521
0.1190	0.000523
0.1192	0.000525
0.1194	0.000527
0.1196	0.000529
0.1198	0.000531
0.1200	0.000533
0.1202	0.000535
0.1204	0.000537
0.1206	0.000539
0.1208	0.000541
0.1210	0.000543
0.1212	0.000545
0.1214	0.000547
0.1216	0.000549
0.1218	0.000551
0.1220	0.000554
0.1222	0.000556
0.1224	0.000558
0.1226	0.000560
0.1228	0.000562
0.1230	0.000564
0.1232	0.000566
0.1234	0.000568
0.1236	0.000570
0.1238	0.000572
0.1240	0.000574
0.1242	0.000577
0.1244	0.000579
0.1246	0.000581
0.1248	0.000583
0.1250	0.000585
0.1252	0.000587
0.1254	0.000589
0.1256	0.000592
0.1258	0.000594
0.1260	0.000596
0.1262	0.000598
0.1264	0.000600
0.1266	0.000603
0.1268	0.000605
0.1270	0.000607
0.1272	0.000609
0.1274	0.000611
0.1276	0.000614
0.1278	0.000616
0.1280	0.000618
0.1282	0.000620
0.1284	0.000623
0.1286	0.000625
0.1288	0.000627
0.1290	0.000629
0.1292	0.000632
0.1294	0.000634
0.1296	0.000636
0.1298	0.000638
0.1300	0.000641
0.1302	0.000643
0.1304	0.000645
0.1306	0.000648
0.1308	0.000650
0.1310	0.000652
0.1312	0.000655
0.1314	0.000657
0.1316	0.000659
0.1318	0.000661
0.1320	0.000664
0.1322	0.000666
0.1324	0.000669
0.1326	0.000671
0.1328	0.000673
0.1330	0.000676
0.1332	0.000678
0.1334	0.000680
0.1336	0.000683
0.1338	0.000685
0.1340	0.000688
0.1342	0.000690
0.1344	0.000692
0.1346	0.000695
0.1348	0.000697
0.1350	0.000700
0.1352	0.000702
0.1354	0.000705
0.1356	0.000707
0.1358	0.000709
0.1360	0.000712
0.1362	0.000714
0.1364	0.000717
0.1366	0.000719
0.1368	0.000722
0.1370	0.000724
0.1372	0.000727
0.1374	0.000729
0.1376	0.000732
0.1378	0.000734
0.1380	0.000737
0.1382	0.000739
0.1384	0.000742
0.1386	0.000745
0.1388	0.000747
0.1390	0.000750
0.1392	0.000752
0.1394	0.000755
0.1396	0.000757
0.1398	0.000760
0.1400	0.000763
0.1402	0.000765
0.1404	0.000768
0.1406	0.000770
0.1408	0.000773
0.1410	0.000776
0.1412	0.000778
0.1414	0.000781
0.1416	0.000783
0.1418	0.000786
0.1420	0.000789
0.1422	0.000791
0.1424	0.000794
0.1426	0.000797
0.1428	0.000799
0.1430	0.000802
0.1432	0.000805
0.1434	0.000807
0.1436	0.000810
0.1438	0.000813
0.1440	0.000816
0.1442	0.000818
0.1444	0.000821
0.1446	0.000824
0.1448	0.000827
0.1450	0.000829
0.1452	0.000832
0.1454	0.000835
0.1456	0.000838
0.1458	0.000840
0.1460	0.000843
0.1462	0.000846
0.1464	0.000849
0.1466	0.000852
0.1468	0.000854
0.1470	0.000857
0.1472	0.000860
0.1474	0.000863
0.1476	0.000866
0.1478	0.000868
0.1480	0.000871
0.1482	0.000874
0.1484	0.000877
0.1486	0.000880
0.1488	0.000883
0.1490	0.000886
0.1492	0.000889
0.1494	0.000891
0.1496	0.000894
0.1498	0.000897
0.1500	0.000900
0.1502	0.000903
0.1504	0.000906
0.1506	0.000909
0.1508	0.000912
0.1510	0.000915
0.1512	0.000918
0.1514	0.000921
0.1516	0.000924
0.1518	0.000927
0.1520	0.000930
0.1522	0.000933
0.1524	0.000936
0.1526	0.000939
0.1528	0.000942
0.1530	0.000945
0.1532	0.000948
0.1534	0.000951
0.1536	0.000954
0.1538	0.000957
0.1540	0.000960
0.1542	0.000963
0.1544	0.000966
0.1546	0.000969
0.1548	0.000973
0.1550	0.000976
0.1552	0.000979
0.1554	0.000982
0.1556	0.000985
0.1558	0.000988
0.1560	0.000991
0.1562	0.000994
0.1564	0.000998
0.1566	0.001001
0.1568	0.001004
0.1570	0.001007
0.1572	0.001010
0.1574	0.001013
0.1576	0.001017
0.1578	0.001020
0.1580	0.001023
0.1582	0.001026
0.1584	0.001030
0.1586	0.001033
0.1588	0.001036
0.1590	0.001039
0.1592	0.001043
0.1594	0.001046
0.1596	0.001049
0.1598	0.001052
0.1600	0.001056
0.1602	0.001059
0.1604	0.001062
0.1606	0.001066
0.1608	0.001069
0.1610	0.001072
0.1612	0.001076
0.1614	0.001079
0.1616	0.001082
0.1618	0.001086
0.1620	0.001089
0.1622	0.001093
0.1624	0.001096
0.1626	0.001099
0.1628	0.001103
0.1630	0.001106
0.1632	0.001110
0.1634	0.001113
0.1636	0.001117
0.1638	0.001120
0.1640	0.001123
0.1642	0.001127
0.1644	0.001130
0.1646	0.001134
0.1648	0.001137
0.1650	0.001141
0.1652	0.001144
0.1654	0.001148
0.1656	0.001151
0.1658	0.001155
0.1660	0.001159
0.1662	0.001162
0.1664	0.001166
0.1666	0.001169
0.1668	0.001173
0.1670	0.001176
0.1672	0.001180
0.1674	0.001184
0.1676	0.001187
0.1678	0.001191
0.1680	0.001195
0.1682	0.001198
0.1684	0.001202
0.1686	0.001205
0.1688	0.001209
0.1690	0.001213
0.1692	0.001217
0.1694	0.001220
0.1696	0.001224
0.1698	0.001228
0.1700	0.001231
0.1702	0.001235
0.1704	0.001239
0.1706	0.001243
0.1708	0.001246
0.1710	0.001250
0.1712	0.001254
0.1714	0.001258
0.1716	0.001261
0.1718	0.001265
0.1720	0.001269
0.1722	0.001273
0.1724	0.001277
0.1726	0.001281
0.1728	0.001284
0.1730	0.001288
0.1732	0.001292
0.1734	0.001296
0.1736	0.001300
0.1738	0.001304
0.1740	0.001308
0.1742	0.001312
0.1744	0.001316
0.1746	0.001320
0.1748	0.001324
0.1750	0.001327
0.1752	0.001331
0.1754	0.001335
0.1756	0.001339
0.1758	0.001343
0.1760	0.001347
0.1762	0.001351
0.1764	0.001355
0.1766	0.001359
0.1768	0.001364
0.1770	0.001368
0.1772	0.001372
0.1774	0.001376
0.1776	0.001380
0.1778	0.001384
0.1780	0.001388
0.1782	0.001392
0.1784	0.001396
0.1786	0.001400
0.1788	0.001405
0.1790	0.001409
0.1792	0.001413
0.1794	0.001417
0.1796	0.001421
0.1798	0.001425
0.1800	0.001430
0.1802	0.001434
0.1804	0.001438
0.1806	0.001442
0.1808	0.001447
0.1810	0.001451
0.1812	0.001455
0.1814	0.001459
0.1816	0.001464
0.1818	0.001468
0.1820	0.001472
0.1822	0.001477
0.1824	0.001481
0.1826	0.001485
0.1828	0.001490
0.1830	0.001494
0.1832	0.001498
0.1834	0.001503
0.1836	0.001507
0.1838	0.001512
0.1840	0.001516
0.1842	0.001520
0.1844	0.001525
0.1846	0.001529
0.1848	0.001534
0.1850	0.001538
0.1852	0.001543
0.1854	0.001547
0.1856	0.001552
0.1858	0.001556
0.1860	0.001561
0.1862	0.001565
0.1864	0.001570
0.1866	0.001574
0.1868	0.001579
0.1870	0.001584
0.1872	0.001588
0.1874	0.001593
0.1876	0.001597
0.1878	0.001602
0.1880	0.001607
0.1882	0.001611
0.1884	0.001616
0.1886	0.001621
0.1888	0.001625
0.1890	0.001630
0.1892	0.001635
0.1894	0.001639
0.1896	0.001644
0.1898	0.001649
0.1900	0.001654
0.1902	0.001658
0.1904	0.001663
0.1906	0.001668
0.1908	0.001673
0.1910	0.001678
0.1912	0.001682
0.1914	0.001687
0.1916	0.001692
0.1918	0.001697
0.1920	0.001702
0.1922	0.001707
0.1924	0.001712
0.1926	0.001717
0.1928	0.001721
0.1930	0.001726
0.1932	0.001731
0.1934	0.001736
0.1936	0.001741
0.1938	0.001746
0.1940	0.001751
0.1942	0.001756
0.1944	0.001761
0.1946	0.001766
0.1948	0.001771
0.1950	0.001776
0.1952	0.001781
0.1954	0.001787
0.1956	0.001792
0.1958	0.001797
0.1960	0.001802
0.1962	0.001807
0.1964	0.001812
0.1966	0.001817
0.1968	0.001822
0.1970	0.001828
0.1972	0.001833
0.1974	0.001838
0.1976	0.001843
0.1978	0.001849
0.1980	0.001854
0.1982	0.001859
0.1984	0.001864
0.1986	0.001870
0.1988	0.001875
0.1990	0.001880
0.1992	0.001886
0.1994	0.001891
0.1996	0.001896
0.1998	0.001902
0.2000	0.001907
0.2002	0.001912
0.2004	0.001918
0.2006	0.001923
0.2008	0.001929
0.2010	0.001934
0.2012	0.001940
0.2014	0.001945
0.2016	0.001951
0.2018	0.001956
0.2020	0.001962
0.2022	0.001967
0.2024	0.001973
0.2026	0.001978
0.2028	0.001984
0.2030	0.001989
0.2032	0.001995
0.2034	0.002001
0.2036	0.002006
0.2038	0.002012
0.2040	0.002018
0.2042	0.002023
0.2044	0.002029
0.2046	0.002035
0.2048	0.002040
0.2050	0.002046
0.2052	0.002052
0.2054	0.002058
0.2056	0.002063
0.2058	0.002069
0.2060	0.002075
0.2062	0.002081
0.2064	0.002087
0.2066	0.002092
0.2068	0.002098
0.2070	0.002104
0.2072	0.002110
0.2074	0.002116
0.2076	0.002122
0.2078	0.002128
0.2080	0.002134
0.2082	0.002140
0.2084	0.002146
0.2086	0.002152
0.2088	0.002158
0.2090	0.002164
0.2092	0.002170
0.2094	0.002176
0.2096	0.002182
0.2098	0.002188
0.2100	0.002194
0.2102	0.002200
0.2104	0.002206
0.2106	0.002212
0.2108	0.002219
0.2110	0.002225
0.2112	0.002231
0.2114	0.002237
0.2116	0.002243
0.2118	0.002250
0.2120	0.002256
0.2122	0.002262
0.2124	0.002268
0.2126	0.002275
0.2128	0.002281
0.2130	0.002287
0.2132	0.002294
0.2134	0.002300
0.2136	0.002307
0.2138	0.002313
0.2140	0.002319
0.2142	0.002326
0.2144	0.002332
0.2146	0.002339
0.2148	0.002345
0.2150	0.002352
0.2152	0.002358
0.2154	0.002365
0.2156	0.002371
0.2158	0.002378
0.2160	0.002384
0.2162	0.002391
0.2164	0.002398
0.2166	0.002404
0.2168	0.002411
0.2170	0.002418
0.2172	0.002424
0.2174	0.002431
0.2176	0.002438
0.2178	0.002445
0.2180	0.002451
0.2182	0.002458
0.2184	0.002465
0.2186	0.002472
0.2188	0.002478
0.2190	0.002485
0.2192	0.002492
0.2194	0.002499
0.2196	0.002506
0.2198	0.002513
0.2200	0.002520
0.2202	0.002527
0.2204	0.002534
0.2206	0.002541
0.2208	0.002548
0.2210	0.002555
0.2212	0.002562
0.2214	0.002569
0.2216	0.002576
0.2218	0.002583
0.2220	0.002590
0.2222	0.002597
0.2224	0.002604
0.2226	0.002612
0.2228	0.002619
0.2230	0.002626
0.2232	0.002633
0.2234	0.002640
0.2236	0.002648
0.2238	0.002655
0.2240	0.002662
0.2242	0.002670
0.2244	0.002677
0.2246	0.002684
0.2248	0.002692
0.2250	0.002699
0.2252	0.002706
0.2254	0.002714
0.2256	0.002721
0.2258	0.002729
0.2260	0.002736
0.2262	0.002744
0.2264	0.002751
0.2266	0.002759
0.2268	0.002766
0.2270	0.002774
0.2272	0.002782
0.2274	0.002789
0.2276	0.002797
0.2278	0.002805
0.2280	0.002812
0.2282	0.002820
0.2284	0.002828
0.2286	0.002835
0.2288	0.002843
0.2290	0.002851
0.2292	0.002859
0.2294	0.002867
0.2296	0.002875
0.2298	0.002882
0.2300	0.002890
0.2302	0.002898
0.2304	0.002906
0.2306	0.002914
0.2308	0.002922
0.2310	0.002930
0.2312	0.002938
0.2314	0.002946
0.2316	0.002954
0.2318	0.002962
0.2320	0.002970
0.2322	0.002978
0.2324	0.002987
0.2326	0.002995
0.2328	0.003003
0.2330	0.003011
0.2332	0.003019
0.2334	0.003028
0.2336	0.003036
0.2338	0.003044
0.2340	0.003053
0.2342	0.003061
0.2344	0.003069
0.2346	0.003078
0.2348	0.003086
0.2350	0.003094
0.2352	0.003103
0.2354	0.003111
0.2356	0.003120
0.2358	0.003128
0.2360	0.003137
0.2362	0.003146
0.2364	0.003154
0.2366	0.003163
0.2368	0.003171
0.2370	0.003180
0.2372	0.003189
0.2374	0.003197
0.2376	0.003206
0.2378	0.003215
0.2380	0.003224
0.2382	0.003232
0.2384	0.003241
0.2386	0.003250
0.2388	0.003259
0.2390	0.003268
0.2392	0.003277
0.2394	0.003286
0.2396	0.003295
0.2398	0.003304
0.2400	0.003313
0.2402	0.003322
0.2404	0.003331
0.2406	0.003340
0.2408	0.003349
0.2410	0.003358
0.2412	0.003367
0.2414	0.003376
0.2416	0.003386
0.2418	0.003395
0.2420	0.003404
0.2422	0.003413
0.2424	0.003423
0.2426	0.003432
0.2428	0.003441
0.2430	0.003451
0.2432	0.003460
0.2434	0.003470
0.2436	0.003479
0.2438	0.003488
0.2440	0.003498
0.2442	0.003508
0.2444	0.003517
0.2446	0.003527
0.2448	0.003536
0.2450	0.003546
0.2452	0.003556
0.2454	0.003565
0.2456	0.003575
0.2458	0.003585
0.2460	0.003595
0.2462	0.003604
0.2464	0.003614
0.2466	0.003624
0.2468	0.003634
0.2470	0.003644
0.2472	0.003654
0.2474	0.003664
0.2476	0.003674
0.2478	0.003684
0.2480	0.003694
0.2482	0.003704
0.2484	0.003714
0.2486	0.003724
0.2488	0.003734
0.2490	0.003744
0.2492	0.003754
0.2494	0.003765
0.2496	0.003775
0.2498	0.003785
0.2500	0.003796
0.2502	0.003806
0.2504	0.003816
0.2506	0.003827
0.2508	0.003837
0.2510	0.003848
0.2512	0.003858
0.2514	0.003869
0.2516	0.003879
0.2518	0.003890
0.2520	0.003900
0.2522	0.003911
0.2524	0.003922
0.2526	0.003932
0.2528	0.003943
0.2530	0.003954
0.2532	0.003965
0.2534	0.003975
0.2536	0.003986
0.2538	0.003997
0.2540	0.004008
0.2542	0.004019
0.2544	0.004030
0.2546	0.004041
0.2548	0.004052
0.2550	0.004063
0.2552	0.004074
0.2554	0.004085
0.2556	0.004096
0.2558	0.004107
0.2560	0.004119
0.2562	0.004130
0.2564	0.004141
0.2566	0.004152
0.2568	0.004164
0.2570	0.004175
0.2572	0.004186
0.2574	0.004198
0.2576	0.004209
0.2578	0.004221
0.2580	0.004232
0.2582	0.004244
0.2584	0.004255
0.2586	0.004267
0.2588	0.004279
0.2590	0.004290
0.2592	0.004302
0.2594	0.004314
0.2596	0.004326
0.2598	0.004338
0.2600	0.004349
0.2602	0.004361
0.2604	0.004373
0.2606	0.004385
0.2608	0.004397
0.2610	0.004409
0.2612	0.004421
0.2614	0.004433
0.2616	0.004445
0.2618	0.004458
0.2620	0.004470
0.2622	0.004482
0.2624	0.004494
0.2626	0.004506
0.2628	0.004519
0.2630	0.004531
0.2632	0.004544
0.2634	0.004556
0.2636	0.004568
0.2638	0.004581
0.2640	0.004593
0.2642	0.004606
0.2644	0.004619
0.2646	0.004631
0.2648	0.004644
0.2650	0.004657
0.2652	0.004669
0.2654	0.004682
0.2656	0.004695
0.2658	0.004708
0.2660	0.004721
0.2662	0.004734
0.2664	0.004747
0.2666	0.004760
0.2668	0.004773
0.2670	0.004786
0.2672	0.004799
0.2674	0.004812
0.2676	0.004825
0.2678	0.004839
0.2680	0.004852
0.2682	0.004865
0.2684	0.004878
0.2686	0.004892
0.2688	0.004905
0.2690	0.004919
0.2692	0.004932
0.2694	0.004946
0.2696	0.004959
0.2698	0.004973
0.2700	0.004987
0.2702	0.005000
0.2704	0.005014
0.2706	0.005028
0.2708	0.005042
0.2710	0.005056
0.2712	0.005069
0.2714	0.005083
0.2716	0.005097
0.2718	0.005111
0.2720	0.005125
0.2722	0.005140
0.2724	0.005154
0.2726	0.005168
0.2728	0.005182
0.2730	0.005196
0.2732	0.005211
0.2734	0.005225
0.2736	0.005239
0.2738	0.005254
0.2740	0.005268
0.2742	0.005283
0.2744	0.005297
0.2746	0.005312
0.2748	0.005327
0.2750	0.005341
0.2752	0.005356
0.2754	0.005371
0.2756	0.005386
0.2758	0.005400
0.2760	0.005415
0.2762	0.005430
0.2764	0.005445
0.2766	0.005460
0.2768	0.005475
0.2770	0.005491
0.2772	0.005506
0.2774	0.005521
0.2776	0.005536
0.2778	0.005551
0.2780	0.005567
0.2782	0.005582
0.2784	0.005598
0.2786	0.005613
0.2788	0.005629
0.2790	0.005644
0.2792	0.005660
0.2794	0.005676
0.2796	0.005691
0.2798	0.005707
0.2800	0.005723
0.2802	0.005739
0.2804	0.005755
0.2806	0.005770
0.2808	0.005786
0.2810	0.005803
0.2812	0.005819
0.2814	0.005835
0.2816	0.005851
0.2818	0.005867
0.2820	0.005883
0.2822	0.005900
0.2824	0.005916
0.2826	0.005933
0.2828	0.005949
0.2830	0.005966
0.2832	0.005982
0.2834	0.005999
0.2836	0.006015
0.2838	0.006032
0.2840	0.006049
0.2842	0.006066
0.2844	0.006083
0.2846	0.006100
0.2848	0.006117
0.2850	0.006134
0.2852	0.006151
0.2854	0.006168
0.2856	0.006185
0.2858	0.006202
0.2860	0.006220
0.2862	0.006237
0.2864	0.006254
0.2866	0.006272
0.2868	0.006289
0.2870	0.006307
0.2872	0.006324
0.2874	0.006342
0.2876	0.006360
0.2878	0.006378
0.2880	0.006395
0.2882	0.006413
0.2884	0.006431
0.2886	0.006449
0.2888	0.006467
0.2890	0.006485
0.2892	0.006503
0.2894	0.006522
0.2896	0.006540
0.2898	0.006558
0.2900	0.006577
0.2902	0.006595
0.2904	0.006613
0.2906	0.006632
0.2908	0.006651
0.2910	0.006669
0.2912	0.006688
0.2914	0.006707
0.2916	0.006726
0.2918	0.006744
0.2920	0.006763
0.2922	0.006782
0.2924	0.006801
0.2926	0.006821
0.2928	0.006840
0.2930	0.006859
0.2932	0.006878
0.2934	0.006898
0.2936	0.006917
0.2938	0.006936
0.2940	0.006956
0.2942	0.006976
0.2944	0.006995
0.2946	0.007015
0.2948	0.007035
0.2950	0.007055
0.2952	0.007074
0.2954	0.007094
0.2956	0.007114
0.2958	0.007135
0.2960	0.007155
0.2962	0.007175
0.2964	0.007195
0.2966	0.007215
0.2968	0.007236
0.2970	0.007256
0.2972	0.007277
0.2974	0.007297
0.2976	0.007318
0.2978	0.007339
0.2980	0.007360
0.2982	0.007380
0.2984	0.007401
0.2986	0.007422
0.2988	0.007443
0.2990	0.007465
0.2992	0.007486
0.2994	0.007507
0.2996	0.007528
0.2998	0.007550
0.3000	0.007571
0.3002	0.007593
0.3004	0.007614
0.3006	0.007636
0.3008	0.007658
0.3010	0.007679
0.3012	0.007701
0.3014	0.007723
0.3016	0.007745
0.3018	0.007767
0.3020	0.007789
0.3022	0.007811
0.3024	0.007834
0.3026	0.007856
0.3028	0.007879
0.3030	0.007901
0.3032	0.007924
0.3034	0.007946
0.3036	0.007969
0.3038	0.007992
0.3040	0.008015
0.3042	0.008037
0.3044	0.008060
0.3046	0.008084
0.3048	0.008107
0.3050	0.008130
0.3052	0.008153
0.3054	0.008177
0.3056	0.008200
0.3058	0.008223
0.3060	0.008247
0.3062	0.008271
0.3064	0.008294
0.3066	0.008318
0.3068	0.008342
0.3070	0.008366
0.3072	0.008390
0.3074	0.008414
0.3076	0.008439
0.3078	0.008463
0.3080	0.008487
0.3082	0.008512
0.3084	0.008536
0.3086	0.008561
0.3088	0.008585
0.3090	0.008610
0.3092	0.008635
0.3094	0.008660
0.3096	0.008685
0.3098	0.008710
0.3100	0.008735
0.3102	0.008760
0.3104	0.008786
0.3106	0.008811
0.3108	0.008837
0.3110	0.008862
0.3112	0.008888
0.3114	0.008914
0.3116	0.008939
0.3118	0.008965
0.3120	0.008991
0.3122	0.009017
0.3124	0.009044
0.3126	0.009070
0.3128	0.009096
0.3130	0.009123
0.3132	0.009149
0.3134	0.009176
0.3136	0.009202
0.3138	0.009229
0.3140	0.009256
0.3142	0.009283
0.3144	0.009310
0.3146	0.009337
0.3148	0.009364
0.3150	0.009392
0.3152	0.009419
0.3154	0.009447
0.3156	0.009474
0.3158	0.009502
0.3160	0.009530
0.3162	0.009558
0.3164	0.009586
0.3166	0.009614
0.3168	0.009642
0.3170	0.009670
0.3172	0.009698
0.3174	0.009727
0.3176	0.009755
0.3178	0.009784
0.3180	0.009813
0.3182	0.009841
0.3184	0.009870
0.3186	0.009899
0.3188	0.009928
0.3190	0.009958
0.3192	0.009987
0.3194	0.010016
0.3196	0.010046
0.3198	0.010075
0.3200	0.010105
0.3202	0.010135
0.3204	0.010165
0.3206	0.010195
0.3208	0.010225
0.3210	0.010255
0.3212	0.010285
0.3214	0.010316
0.3216	0.010346
0.3218	0.010377
0.3220	0.010407
0.3222	0.010438
0.3224	0.010469
0.3226	0.010500
0.3228	0.010531
0.3230	0.010562
0.3232	0.010594
0.3234	0.010625
0.3236	0.010657
0.3238	0.010688
0.3240	0.010720
0.3242	0.010752
0.3244	0.010784
0.3246	0.010816
0.3248	0.010848
0.3250	0.010881
0.3252	0.010913
0.3254	0.010946
0.3256	0.010978
0.3258	0.011011
0.3260	0.011044
0.3262	0.011077
0.3264	0.011110
0.3266	0.011143
0.3268	0.011177
0.3270	0.011210
0.3272	0.011244
0.3274	0.011277
0.3276	0.011311
0.3278	0.011345
0.3280	0.011379
0.3282	0.011413
0.3284	0.011447
0.3286	0.011482
0.3288	0.011516
0.3290	0.011551
0.3292	0.011586
0.3294	0.011620
0.3296	0.011655
0.3298	0.011691
0.3300	0.011726
0.3302	0.011761
0.3304	0.011797
0.3306	0.011832
0.3308	0.011868
0.3310	0.011904
0.3312	0.011940
0.3314	0.011976
0.3316	0.012012
0.3318	0.012048
0.3320	0.012085
0.3322	0.012121
0.3324	0.012158
0.3326	0.012195
0.3328	0.012232
0.3330	0.012269
0.3332	0.012306
0.3334	0.012344
0.3336	0.012381
0.3338	0.012419
0.3340	0.012457
0.3342	0.012495
0.3344	0.012533
0.3346	0.012571
0.3348	0.012609
0.3350	0.012648
0.3352	0.012686
0.3354	0.012725
0.3356	0.012764
0.3358	0.012803
0.3360	0.012842
0.3362	0.012881
0.3364	0.012921
0.3366	0.012960
0.3368	0.013000
0.3370	0.013040
0.3372	0.013080
0.3374	0.013120
0.3376	0.013160
0.3378	0.013201
0.3380	0.013241
0.3382	0.013282
0.3384	0.013323
0.3386	0.013364
0.3388	0.013405
0.3390	0.013446
0.3392	0.013488
0.3394	0.013529
0.3396	0.013571
0.3398	0.013613
0.3400	0.013655
0.3402	0.013697
0.3404	0.013740
0.3406	0.013782
0.3408	0.013825
0.3410	0.013868
0.3412	0.013911
0.3414	0.013954
0.3416	0.013997
0.3418	0.014041
0.3420	0.014084
0.3422	0.014128
0.3424	0.014172
0.3426	0.014216
0.3428	0.014260
0.3430	0.014305
0.3432	0.014349
0.3434	0.014394
0.3436	0.014439
0.3438	0.014484
0.3440	0.014529
0.3442	0.014574
0.3444	0.014620
0.3446	0.014666
0.3448	0.014712
0.3450	0.014758
0.3452	0.014804
0.3454	0.014850
0.3456	0.014897
0.3458	0.014944
0.3460	0.014991
0.3462	0.015038
0.3464	0.015085
0.3466	0.015132
0.3468	0.015180
0.3470	0.015228
0.3472	0.015276
0.3474	0.015324
0.3476	0.015372
0.3478	0.015421
0.3480	0.015470
0.3482	0.015518
0.3484	0.015568
0.3486	0.015617
0.3488	0.015666
0.3490	0.015716
0.3492	0.015766
0.3494	0.015816
0.3496	0.015866
0.3498	0.015916
0.3500	0.015967
0.3502	0.016017
0.3504	0.016068
0.3506	0.016120
0.3508	0.016171
0.3510	0.016222
0.3512	0.016274
0.3514	0.016326
0.3516	0.016378
0.3518	0.016430
0.3520	0.016483
0.3522	0.016536
0.3524	0.016588
0.3526	0.016641
0.3528	0.016695
0.3530	0.016748
0.3532	0.016802
0.3534	0.016856
0.3536	0.016910
0.3538	0.016964
0.3540	0.017019
0.3542	0.017074
0.3544	0.017128
0.3546	0.017184
0.3548	0.017239
0.3550	0.017295
0.3552	0.017350
0.3554	0.017406
0.3556	0.017463
0.3558	0.017519
0.3560	0.017576
0.3562	0.017632
0.3564	0.017690
0.3566	0.017747
0.3568	0.017804
0.3570	0.017862
0.3572	0.017920
0.3574	0.017978
0.3576	0.018037
0.3578	0.018095
0.3580	0.018154
0.3582	0.018213
0.3584	0.018273
0.3586	0.018332
0.3588	0.018392
0.3590	0.018452
0.3592	0.018512
0.3594	0.018573
0.3596	0.018633
0.3598	0.018694
0.3600	0.018756
0.3602	0.018817
0.3604	0.018879
0.3606	0.018941
0.3608	0.019003
0.3610	0.019065
0.3612	0.019128
0.3614	0.019191
0.3616	0.019254
0.3618	0.019317
0.3620	0.019381
0.3622	0.019445
0.3624	0.019509
0.3626	0.019573
0.3628	0.019638
0.3630	0.019703
0.3632	0.019768
0.3634	0.019833
0.3636	0.019899
0.3638	0.019965
0.3640	0.020031
0.3642	0.020098
0.3644	0.020164
0.3646	0.020231
0.3648	0.020299
0.3650	0.020366
0.3652	0.020434
0.3654	0.020502
0.3656	0.020570
0.3658	0.020639
0.3660	0.020708
0.3662	0.020777
0.3664	0.020846
0.3666	0.020916
0.3668	0.020986
0.3670	0.021056
0.3672	0.021127
0.3674	0.021198
0.3676	0.021269
0.3678	0.021340
0.3680	0.021412
0.3682	0.021484
0.3684	0.021556
0.3686	0.021629
0.3688	0.021702
0.3690	0.021775
0.3692	0.021848
0.3694	0.021922
0.3696	0.021996
0.3698	0.022070
0.3700	0.022145
0.3702	0.022220
0.3704	0.022295
0.3706	0.022371
0.3708	0.022447
0.3710	0.022523
0.3712	0.022599
0.3714	0.022676
0.3716	0.022753
0.3718	0.022831
0.3720	0.022908
0.3722	0.022986
0.3724	0.023065
0.3726	0.023143
0.3728	0.023222
0.3730	0.023302
0.3732	0.023381
0.3734	0.023461
0.3736	0.023542
0.3738	0.023622
0.3740	0.023703
0.3742	0.023785
0.3744	0.023866
0.3746	0.023948
0.3748	0.024031
0.3750	0.024113
0.3752	0.024196
0.3754	0.024280
0.3756	0.024363
0.3758	0.024447
0.3760	0.024532
0.3762	0.024617
0.3764	0.024702
0.3766	0.024787
0.3768	0.024873
0.3770	0.024959
0.3772	0.025046
0.3774	0.025133
0.3776	0.025220
0.3778	0.025307
0.3780	0.025395
0.3782	0.025484
0.3784	0.025572
0.3786	0.025662
0.3788	0.025751
0.3790	0.025841
0.3792	0.025931
0.3794	0.026022
0.3796	0.026113
0.3798	0.026204
0.3800	0.026296
0.3802	0.026388
0.3804	0.026480
0.3806	0.026573
0.3808	0.026667
0.3810	0.026760
0.3812	0.026854
0.3814	0.026949
0.3816	0.027044
0.3818	0.027139
0.3820	0.027235
0.3822	0.027331
0.3824	0.027427
0.3826	0.027524
0.3828	0.027622
0.3830	0.027719
0.3832	0.027818
0.3834	0.027916
0.3836	0.028015
0.3838	0.028115
0.3840	0.028215
0.3842	0.028315
0.3844	0.028416
0.3846	0.028517
0.3848	0.028618
0.3850	0.028720
0.3852	0.028823
0.3854	0.028926
0.3856	0.029029
0.3858	0.029133
0.3860	0.029237
0.3862	0.029342
0.3864	0.029447
0.3866	0.029552
0.3868	0.029658
0.3870	0.029765
0.3872	0.029872
0.3874	0.029979
0.3876	0.030087
0.3878	0.030195
0.3880	0.030304
0.3882	0.030414
0.3884	0.030523
0.3886	0.030634
0.3888	0.030744
0.3890	0.030856
0.3892	0.030967
0.3894	0.031079
0.3896	0.031192
0.3898	0.031305
0.3900	0.031419
0.3902	0.031533
0.3904	0.031648
0.3906	0.031763
0.3908	0.031879
0.3910	0.031995
0.3912	0.032111
0.3914	0.032229
0.3916	0.032346
0.3918	0.032464
0.3920	0.032583
0.3922	0.032702
0.3924	0.032822
0.3926	0.032943
0.3928	0.033063
0.3930	0.033185
0.3932	0.033307
0.3934	0.033429
0.3936	0.033552
0.3938	0.033676
0.3940	0.033800
0.3942	0.033924
0.3944	0.034050
0.3946	0.034175
0.3948	0.034302
0.3950	0.034428
0.3952	0.034556
0.3954	0.034684
0.3956	0.034812
0.3958	0.034941
0.3960	0.035071
0.3962	0.035201
0.3964	0.035332
0.3966	0.035464
0.3968	0.035596
0.3970	0.035728
0.3972	0.035862
0.3974	0.035995
0.3976	0.036130
0.3978	0.036265
0.3980	0.036400
0.3982	0.036537
0.3984	0.036674
0.3986	0.036811
0.3988	0.036949
0.3990	0.037088
0.3992	0.037227
0.3994	0.037367
0.3996	0.037508
0.3998	0.037649
0.4000	0.037791
0.4002	0.037933
0.4004	0.038076
0.4006	0.038220
0.4008	0.038364
0.4010	0.038509
0.4012	0.038655
0.4014	0.038802
0.4016	0.038949
0.4018	0.039096
0.4020	0.039245
0.4022	0.039394
0.4024	0.039543
0.4026	0.039694
0.4028	0.039845
0.4030	0.039997
0.4032	0.040149
0.4034	0.040302
0.4036	0.040456
0.4038	0.040611
0.4040	0.040766
0.4042	0.040922
0.4044	0.041079
0.4046	0.041236
0.4048	0.041394
0.4050	0.041553
0.4052	0.041713
0.4054	0.041873
0.4056	0.042034
0.4058	0.042196
0.4060	0.042358
0.4062	0.042521
0.4064	0.042685
0.4066	0.042850
0.4068	0.043016
0.4070	0.043182
0.4072	0.043349
0.4074	0.043517
0.4076	0.043685
0.4078	0.043855
0.4080	0.044025
0.4082	0.044196
0.4084	0.044367
0.4086	0.044540
0.4088	0.044713
0.4090	0.044887
0.4092	0.045062
0.4094	0.045238
0.4096	0.045414
0.4098	0.045591
0.4100	0.045769
0.4102	0.045948
0.4104	0.046128
0.4106	0.046309
0.4108	0.046490
0.4110	0.046672
0.4112	0.046855
0.4114	0.047039
0.4116	0.047224
0.4118	0.047410
0.4120	0.047596
0.4122	0.047784
0.4124	0.047972
0.4126	0.048161
0.4128	0.048351
0.4130	0.048542
0.4132	0.048734
0.4134	0.048926
0.4136	0.049120
0.4138	0.049314
0.4140	0.049509
0.4142	0.049706
0.4144	0.049903
0.4146	0.050101
0.4148	0.050300
0.4150	0.050500
0.4152	0.050700
0.4154	0.050902
0.4156	0.051105
0.4158	0.051308
0.4160	0.051513
0.4162	0.051718
0.4164	0.051925
0.4166	0.052132
0.4168	0.052341
0.4170	0.052550
0.4172	0.052760
0.4174	0.052972
0.4176	0.053184
0.4178	0.053397
0.4180	0.053611
0.4182	0.053827
0.4184	0.054043
0.4186	0.054260
0.4188	0.054478
0.4190	0.054697
0.4192	0.054918
0.4194	0.055139
0.4196	0.055361
0.4198	0.055585
0.4200	0.055809
0.4202	0.056034
0.4204	0.056261
0.4206	0.056488
0.4208	0.056717
0.4210	0.056946
0.4212	0.057177
0.4214	0.057409
0.4216	0.057642
0.4218	0.057876
0.4220	0.058111
0.4222	0.058347
0.4224	0.058584
0.4226	0.058822
0.4228	0.059061
0.4230	0.059302
0.4232	0.059543
0.4234	0.059786
0.4236	0.060030
0.4238	0.060274
0.4240	0.060520
0.4242	0.060768
0.4244	0.061016
0.4246	0.061265
0.4248	0.061516
0.4250	0.061768
0.4252	0.062020
0.4254	0.062274
0.4256	0.062530
0.4258	0.062786
0.4260	0.063043
0.4262	0.063302
0.4264	0.063562
0.4266	0.063823
0.4268	0.064085
0.4270	0.064349
0.4272	0.064613
0.4274	0.064879
0.4276	0.065146
0.4278	0.065415
0.4280	0.065684
0.4282	0.065955
0.4284	0.066227
0.4286	0.066500
0.4288	0.066774
0.4290	0.067050
0.4292	0.067327
0.4294	0.067605
0.4296	0.067884
0.4298	0.068165
0.4300	0.068446
0.4302	0.068729
0.4304	0.069014
0.4306	0.069299
0.4308	0.069586
0.4310	0.069875
0.4312	0.070164
0.4314	0.070455
0.4316	0.070747
0.4318	0.071040
0.4320	0.071335
0.4322	0.071631
0.4324	0.071928
0.4326	0.072226
0.4328	0.072526
0.4330	0.072827
0.4332	0.073130
0.4334	0.073433
0.4336	0.073739
0.4338	0.074045
0.4340	0.074353
0.4342	0.074662
0.4344	0.074972
0.4346	0.075284
0.4348	0.075597
0.4350	0.075911
0.4352	0.076227
0.4354	0.076544
0.4356	0.076862
0.4358	0.077182
0.4360	0.077503
0.4362	0.077826
0.4364	0.078150
0.4366	0.078475
0.4368	0.078801
0.4370	0.079129
0.4372	0.079458
0.4374	0.079789
0.4376	0.080121
0.4378	0.080454
0.4380	0.080789
0.4382	0.081125
0.4384	0.081463
0.4386	0.081801
0.4388	0.082142
0.4390	0.082483
0.4392	0.082826
0.4394	0.083170
0.4396	0.083516
0.4398	0.083863
0.4400	0.084211
0.4402	0.084561
0.4404	0.084912
0.4406	0.085265
0.4408	0.085619
0.4410	0.085974
0.4412	0.086330
0.4414	0.086688
0.4416	0.087048
0.4418	0.087408
0.4420	0.087770
0.4422	0.088133
0.4424	0.088498
0.4426	0.088864
0.4428	0.089232
0.4430	0.089600
0.4432	0.089970
0.4434	0.090342
0.4436	0.090714
0.4438	0.091088
0.4440	0.091464
0.4442	0.091840
0.4444	0.092218
0.4446	0.092597
0.4448	0.092978
0.4450	0.093360
0.4452	0.093743
0.4454	0.094127
0.4456	0.094513
0.4458	0.094900
0.4460	0.095288
0.4462	0.095677
0.4464	0.096068
0.4466	0.096460
0.4468	0.096853
0.4470	0.097247
0.4472	0.097643
0.4474	0.098040
0.4476	0.098437
0.4478	0.098836
0.4480	0.099237
0.4482	0.099638
0.4484	0.100040
0.4486	0.100444
0.4488	0.100849
0.4490	0.101254
0.4492	0.101661
0.4494	0.102069
0.4496	0.102478
0.4498	0.102888
0.4500	0.103299
0.4502	0.103711
0.4504	0.104124
0.4506	0.104538
0.4508	0.104953
0.4510	0.105369
0.4512	0.105785
0.4514	0.106203
0.4516	0.106621
0.4518	0.107041
0.4520	0.107461
0.4522	0.107882
0.4524	0.108303
0.4526	0.108726
0.4528	0.109149
0.4530	0.109573
0.4532	0.109997
0.4534	0.110422
0.4536	0.110848
0.4538	0.111275
0.4540	0.111701
0.4542	0.112129
0.4544	0.112557
0.4546	0.112985
0.4548	0.113414
0.4550	0.113843
0.4552	0.114273
0.4554	0.114703
0.4556	0.115133
0.4558	0.115564
0.4560	0.115994
0.4562	0.116425
0.4564	0.116856
0.4566	0.117287
0.4568	0.117718
0.4570	0.118150
0.4572	0.118581
0.4574	0.119012
0.4576	0.119443
0.4578	0.119873
0.4580	0.120304
0.4582	0.120734
0.4584	0.121164
0.4586	0.121593
0.4588	0.122022
0.4590	0.122451
0.4592	0.122879
0.4594	0.123306
0.4596	0.123733
0.4598	0.124159
0.4600	0.124584
0.4602	0.125008
0.4604	0.125432
0.4606	0.125854
0.4608	0.126275
0.4610	0.126695
0.4612	0.127114
0.4614	0.127532
0.4616	0.127948
0.4618	0.128363
0.4620	0.128776
0.4622	0.129188
0.4624	0.129598
0.4626	0.130006
0.4628	0.130413
0.4630	0.130817
0.4632	0.131219
0.4634	0.131620
0.4636	0.132018
0.4638	0.132413
0.4640	0.132807
0.4642	0.133197
0.4644	0.133585
0.4646	0.133971
0.4648	0.134353
0.4650	0.134733
0.4652	0.135109
0.4654	0.135482
0.4656	0.135852
0.4658	0.136219
0.4660	0.136582
0.4662	0.136941
0.4664	0.137296
0.4666	0.137648
0.4668	0.137995
0.4670	0.138338
0.4672	0.138677
0.4674	0.139011
0.4676	0.139341
0.4678	0.139666
0.4680	0.139986
0.4682	0.140301
0.4684	0.140610
0.4686	0.140914
0.4688	0.141213
0.4690	0.141505
0.4692	0.141792
0.4694	0.142073
0.4696	0.142347
0.4698	0.142615
0.4700	0.142876
0.4702	0.143130
0.4704	0.143377
0.4706	0.143617
0.4708	0.143850
0.4710	0.144075
0.4712	0.144291
0.4714	0.144500
0.4716	0.144701
0.4718	0.144893
0.4720	0.145076
0.4722	0.145250
0.4724	0.145415
0.4726	0.145571
0.4728	0.145717
0.4730	0.145853
0.4732	0.145979
0.4734	0.146094
0.4736	0.146198
0.4738	0.146292
0.4740	0.146374
0.4742	0.146445
0.4744	0.146504
0.4746	0.146550
0.4748	0.146585
0.4750	0.146606
0.4752	0.146615
0.4754	0.146611
0.4756	0.146592
0.4758	0.146560
0.4760	0.146514
0.4762	0.146453
0.4764	0.146377
0.4766	0.146286
0.4768	0.146180
0.4770	0.146057
0.4772	0.145919
0.4774	0.145763
0.4776	0.145591
0.4778	0.145402
0.4780	0.145194
0.4782	0.144969
0.4784	0.144726
0.4786	0.144463
0.4788	0.144181
0.4790	0.143880
0.4792	0.143559
0.4794	0.143218
0.4796	0.142856
0.4798	0.142472
0.4800	0.142067
0.4802	0.141640
0.4804	0.141191
0.4806	0.140719
0.4808	0.140224
0.4810	0.139706
0.4812	0.139163
0.4814	0.138596
0.4816	0.138004
0.4818	0.137387
0.4820	0.136744
0.4822	0.136075
0.4824	0.135380
0.4826	0.134658
0.4828	0.133909
0.4830	0.133131
0.4832	0.132326
0.4834	0.131492
0.4836	0.130630
0.4838	0.129738
0.4840	0.128817
0.4842	0.127865
0.4844	0.126883
0.4846	0.125871
0.4848	0.124827
0.4850	0.123752
0.4852	0.122646
0.4854	0.121507
0.4856	0.120337
0.4858	0.119134
0.4860	0.117898
0.4862	0.116629
0.4864	0.115327
0.4866	0.113992
0.4868	0.112624
0.4870	0.111222
0.4872	0.109786
0.4874	0.108317
0.4876	0.106814
0.4878	0.105278
0.4880	0.103708
0.4882	0.102104
0.4884	0.100468
0.4886	0.098798
0.4888	0.097096
0.4890	0.095361
0.4892	0.093594
0.4894	0.091796
0.4896	0.089966
0.4898	0.088106
0.4900	0.086216
0.4902	0.084297
0.4904	0.082350
0.4906	0.080375
0.4908	0.078374
0.4910	0.076347
0.4912	0.074296
0.4914	0.072222
0.4916	0.070127
0.4918	0.068012
0.4920	0.065878
0.4922	0.063727
0.4924	0.061561
0.4926	0.059383
0.4928	0.057193
0.4930	0.054995
0.4932	0.052790
0.4934	0.050582
0.4936	0.048372
0.4938	0.046164
0.4940	0.043960
0.4942	0.041763
0.4944	0.039578
0.4946	0.037406
0.4948	0.035252
0.4950	0.033119
0.4952	0.031012
0.4954	0.028933
0.4956	0.026887
0.4958	0.024879
0.4960	0.022913
0.4962	0.020993
0.4964	0.019123
0.4966	0.017310
0.4968	0.015557
0.4970	0.013870
0.4972	0.012253
0.4974	0.010712
0.4976	0.009253
0.4978	0.007879
0.4980	0.006598
0.4982	0.005413
0.4984	0.004331
0.4986	0.003357
0.4988	0.002497
0.4990	0.001754
0.4992	0.001136
0.4994	0.000646
0.4996	0.000290
0.4998	0.000073
0.5000	0.000000
0.5002	0.000075
0.5004	0.000302
0.5006	0.000686
0.5008	0.001230
0.5010	0.001939
0.5012	0.002815
0.5014	0.003861
0.5016	0.005080
0.5018	0.006474
0.5020	0.008045
0.5022	0.009795
0.5024	0.011725
0.5026	0.013835
0.5028	0.016125
0.5030	0.018596
0.5032	0.021246
0.5034	0.024075
0.5036	0.027080
0.5038	0.030261
0.5040	0.033614
0.5042	0.037136
0.5044	0.040825
0.5046	0.044676
0.5048	0.048685
0.5050	0.052848
0.5052	0.057159
0.5054	0.061614
0.5056	0.066207
0.5058	0.070932
0.5060	0.075783
0.5062	0.080753
0.5064	0.085836
0.5066	0.091024
0.5068	0.096312
0.5070	0.101692
0.5072	0.107156
0.5074	0.112697
0.5076	0.118309
0.5078	0.123983
0.5080	0.129712
0.5082	0.135489
0.5084	0.141307
0.5086	0.147159
0.5088	0.153037
0.5090	0.158934
0.5092	0.164844
0.5094	0.170760
0.5096	0.176675
0.5098	0.182584
0.5100	0.188480
0.5102	0.194357
0.5104	0.200209
0.5106	0.206032
0.5108	0.211820
0.5110	0.217568
0.5112	0.223272
0.5114	0.228926
0.5116	0.234527
0.5118	0.240071
0.5120	0.245555
0.5122	0.250973
0.5124	0.256325
0.5126	0.261605
0.5128	0.266813
0.5130	0.271944
0.5132	0.276997
0.5134	0.281970
0.5136	0.286861
0.5138	0.291669
0.5140	0.296390
0.5142	0.301025
0.5144	0.305573
0.5146	0.310032
0.5148	0.314401
0.5150	0.318680
0.5152	0.322868
0.5154	0.326965
0.5156	0.330971
0.5158	0.334885
0.5160	0.338708
0.5162	0.342440
0.5164	0.346080
0.5166	0.349630
0.5168	0.353090
0.5170	0.356459
0.5172	0.359739
0.5174	0.362931
0.5176	0.366034
0.5178	0.369050
0.5180	0.371979
0.5182	0.374823
0.5184	0.377582
0.5186	0.380258
0.5188	0.382850
0.5190	0.385361
0.5192	0.387790
0.5194	0.390140
0.5196	0.392412
0.5198	0.394606
0.5200	0.396723
0.5202	0.398765
0.5204	0.400733
0.5206	0.402628
0.5208	0.404452
0.5210	0.406204
0.5212	0.407887
0.5214	0.409502
0.5216	0.411050
0.5218	0.412532
0.5220	0.413948
0.5222	0.415302
0.5224	0.416593
0.5226	0.417822
0.5228	0.418991
0.5230	0.420102
0.5232	0.421154
0.5234	0.422149
0.5236	0.423089
0.5238	0.423974
0.5240	0.424806
0.5242	0.425585
0.5244	0.426313
0.5246	0.426991
0.5248	0.427619
0.5250	0.428199
0.5252	0.428732
0.5254	0.429218
0.5256	0.429659
0.5258	0.430056
0.5260	0.430409
0.5262	0.430720
0.5264	0.430989
0.5266	0.431218
0.5268	0.431406
0.5270	0.431556
0.5272	0.431668
0.5274	0.431743
0.5276	0.431782
0.5278	0.431785
0.5280	0.431753
0.5282	0.431688
0.5284	0.431589
0.5286	0.431458
0.5288	0.431295
0.5290	0.431102
0.5292	0.430878
0.5294	0.430625
0.5296	0.430344
0.5298	0.430034
0.5300	0.429697
0.5302	0.429334
0.5304	0.428944
0.5306	0.428529
0.5308	0.428089
0.5310	0.427625
0.5312	0.427138
0.5314	0.426627
0.5316	0.426095
0.5318	0.425540
0.5320	0.424964
0.5322	0.424368
0.5324	0.423752
0.5326	0.423116
0.5328	0.422460
0.5330	0.421787
0.5332	0.421095
0.5334	0.420386
0.5336	0.419659
0.5338	0.418916
0.5340	0.418157
0.5342	0.417383
0.5344	0.416593
0.5346	0.415788
0.5348	0.414968
0.5350	0.414135
0.5352	0.413288
0.5354	0.412429
0.5356	0.411556
0.5358	0.410671
0.5360	0.409774
0.5362	0.408865
0.5364	0.407945
0.5366	0.407015
0.5368	0.406073
0.5370	0.405122
0.5372	0.404161
0.5374	0.403190
0.5376	0.402210
0.5378	0.401221
0.5380	0.400223
0.5382	0.399217
0.5384	0.398204
0.5386	0.397182
0.5388	0.396153
0.5390	0.395117
0.5392	0.394075
0.5394	0.393025
0.5396	0.391970
0.5398	0.390908
0.5400	0.389840
0.5402	0.388767
0.5404	0.387689
0.5406	0.386605
0.5408	0.385517
0.5410	0.384424
0.5412	0.383327
0.5414	0.382225
0.5416	0.381119
0.5418	0.380010
0.5420	0.378897
0.5422	0.377781
0.5424	0.376662
0.5426	0.375539
0.5428	0.374414
0.5430	0.373286
0.5432	0.372156
0.5434	0.371024
0.5436	0.369889
0.5438	0.368753
0.5440	0.367615
0.5442	0.366475
0.5444	0.365334
0.5446	0.364191
0.5448	0.363047
0.5450	0.361903
0.5452	0.360757
0.5454	0.359611
0.5456	0.358464
0.5458	0.357317
0.5460	0.356169
0.5462	0.355021
0.5464	0.353873
0.5466	0.352725
0.5468	0.351578
0.5470	0.350430
0.5472	0.349283
0.5474	0.348137
0.5476	0.346991
0.5478	0.345845
0.5480	0.344701
0.5482	0.343557
0.5484	0.342415
0.5486	0.341273
0.5488	0.340133
0.5490	0.338994
0.5492	0.337857
0.5494	0.336720
0.5496	0.335586
0.5498	0.334453
0.5500	0.333321
0.5502	0.332192
0.5504	0.331064
0.5506	0.329938
0.5508	0.328814
0.5510	0.327692
0.5512	0.326573
0.5514	0.325455
0.5516	0.324340
0.5518	0.323227
0.5520	0.322116
0.5522	0.321008
0.5524	0.319902
0.5526	0.318799
0.5528	0.317698
0.5530	0.316600
0.5532	0.315504
0.5534	0.314412
0.5536	0.313322
0.5538	0.312234
0.5540	0.311150
0.5542	0.310069
0.5544	0.308990
0.5546	0.307915
0.5548	0.306842
0.5550	0.305773
0.5552	0.304706
0.5554	0.303643
0.5556	0.302583
0.5558	0.301526
0.5560	0.300472
0.5562	0.299422
0.5564	0.298375
0.5566	0.297331
0.5568	0.296290
0.5570	0.295253
0.5572	0.294219
0.5574	0.293189
0.5576	0.292162
0.5578	0.291138
0.5580	0.290118
0.5582	0.289101
0.5584	0.288088
0.5586	0.287079
0.5588	0.286073
0.5590	0.285070
0.5592	0.284071
0.5594	0.283076
0.5596	0.282084
0.5598	0.281096
0.5600	0.280111
0.5602	0.279130
0.5604	0.278153
0.5606	0.277179
0.5608	0.276209
0.5610	0.275243
0.5612	0.274280
0.5614	0.273321
0.5616	0.272366
0.5618	0.271414
0.5620	0.270466
0.5622	0.269522
0.5624	0.268581
0.5626	0.267645
0.5628	0.266711
0.5630	0.265782
0.5632	0.264856
0.5634	0.263935
0.5636	0.263016
0.5638	0.262102
0.5640	0.261191
0.5642	0.260284
0.5644	0.259381
0.5646	0.258481
0.5648	0.257586
0.5650	0.256694
0.5652	0.255805
0.5654	0.254921
0.5656	0.254040
0.5658	0.253163
0.5660	0.252289
0.5662	0.251419
0.5664	0.250553
0.5666	0.249691
0.5668	0.248832
0.5670	0.247977
0.5672	0.247126
0.5674	0.246278
0.5676	0.245434
0.5678	0.244594
0.5680	0.243757
0.5682	0.242924
0.5684	0.242095
0.5686	0.241269
0.5688	0.240447
0.5690	0.239629
0.5692	0.238814
0.5694	0.238003
0.5696	0.237195
0.5698	0.236391
0.5700	0.235591
0.5702	0.234794
0.5704	0.234000
0.5706	0.233211
0.5708	0.232425
0.5710	0.231642
0.5712	0.230863
0.5714	0.230087
0.5716	0.229315
0.5718	0.228546
0.5720	0.227781
0.5722	0.227019
0.5724	0.226261
0.5726	0.225507
0.5728	0.224755
0.5730	0.224007
0.5732	0.223263
0.5734	0.222522
0.5736	0.221784
0.5738	0.221050
0.5740	0.220319
0.5742	0.219591
0.5744	0.218867
0.5746	0.218146
0.5748	0.217429
0.5750	0.216715
0.5752	0.216004
0.5754	0.215296
0.5756	0.214592
0.5758	0.213891
0.5760	0.213193
0.5762	0.212498
0.5764	0.211807
0.5766	0.211119
0.5768	0.210434
0.5770	0.209752
0.5772	0.209073
0.5774	0.208398
0.5776	0.207726
0.5778	0.207057
0.5780	0.206391
0.5782	0.205728
0.5784	0.205068
0.5786	0.204411
0.5788	0.203758
0.5790	0.203107
0.5792	0.202460
0.5794	0.201815
0.5796	0.201174
0.5798	0.200535
0.5800	0.199900
0.5802	0.199267
0.5804	0.198638
0.5806	0.198011
0.5808	0.197388
0.5810	0.196767
0.5812	0.196149
0.5814	0.195535
0.5816	0.194923
0.5818	0.194314
0.5820	0.193707
0.5822	0.193104
0.5824	0.192504
0.5826	0.191906
0.5828	0.191311
0.5830	0.190719
0.5832	0.190130
0.5834	0.189543
0.5836	0.188960
0.5838	0.188379
0.5840	0.187800
0.5842	0.187225
0.5844	0.186652
0.5846	0.186082
0.5848	0.185515
0.5850	0.184950
0.5852	0.184388
0.5854	0.183828
0.5856	0.183271
0.5858	0.182717
0.5860	0.182166
0.5862	0.181617
0.5864	0.181070
0.5866	0.180527
0.5868	0.179985
0.5870	0.179447
0.5872	0.178910
0.5874	0.178377
0.5876	0.177845
0.5878	0.177317
0.5880	0.176791
0.5882	0.176267
0.5884	0.175746
0.5886	0.175227
0.5888	0.174711
0.5890	0.174197
0.5892	0.173685
0.5894	0.173176
0.5896	0.172669
0.5898	0.172165
0.5900	0.171663
0.5902	0.171163
0.5904	0.170666
0.5906	0.170171
0.5908	0.169678
0.5910	0.169188
0.5912	0.168700
0.5914	0.168214
0.5916	0.167730
0.5918	0.167249
0.5920	0.166770
0.5922	0.166293
0.5924	0.165819
0.5926	0.165346
0.5928	0.164876
0.5930	0.164408
0.5932	0.163942
0.5934	0.163479
0.5936	0.163017
0.5938	0.162558
0.5940	0.162101
0.5942	0.161646
0.5944	0.161193
0.5946	0.160742
0.5948	0.160293
0.5950	0.159847
0.5952	0.159402
0.5954	0.158959
0.5956	0.158519
0.5958	0.158080
0.5960	0.157644
0.5962	0.157210
0.5964	0.156777
0.5966	0.156347
0.5968	0.155918
0.5970	0.155492
0.5972	0.155067
0.5974	0.154645
0.5976	0.154224
0.5978	0.153805
0.5980	0.153389
0.5982	0.152974
0.5984	0.152561
0.5986	0.152150
0.5988	0.151741
0.5990	0.151333
0.5992	0.150928
0.5994	0.150524
0.5996	0.150123
0.5998	0.149723
0.6000	0.149325
0.6002	0.148929
0.6004	0.148534
0.6006	0.148141
0.6008	0.147751
0.6010	0.147361
0.6012	0.146974
0.6014	0.146589
0.6016	0.146205
0.6018	0.145823
0.6020	0.145442
0.6022	0.145064
0.6024	0.144687
0.6026	0.144312
0.6028	0.143938
0.6030	0.143567
0.6032	0.143196
0.6034	0.142828
0.6036	0.142461
0.6038	0.142096
0.6040	0.141733
0.6042	0.141371
0.6044	0.141010
0.6046	0.140652
0.6048	0.140295
0.6050	0.139939
0.6052	0.139586
0.6054	0.139233
0.6056	0.138883
0.6058	0.138534
0.6060	0.138186
0.6062	0.137840
0.6064	0.137496
0.6066	0.137153
0.6068	0.136812
0.6070	0.136472
0.6072	0.136133
0.6074	0.135797
0.6076	0.135461
0.6078	0.135128
0.6080	0.134795
0.6082	0.134464
0.6084	0.134135
0.6086	0.133807
0.6088	0.133480
0.6090	0.133155
0.6092	0.132832
0.6094	0.132510
0.6096	0.132189
0.6098	0.131869
0.6100	0.131551
0.6102	0.131235
0.6104	0.130920
0.6106	0.130606
0.6108	0.130294
0.6110	0.129983
0.6112	0.129673
0.6114	0.129365
0.6116	0.129058
0.6118	0.128752
0.6120	0.128448
0.6122	0.128145
0.6124	0.127843
0.6126	0.127543
0.6128	0.127244
0.6130	0.126946
0.6132	0.126650
0.6134	0.126354
0.6136	0.126061
0.6138	0.125768
0.6140	0.125477
0.6142	0.125187
0.6144	0.124898
0.6146	0.124610
0.6148	0.124324
0.6150	0.124039
0.6152	0.123755
0.6154	0.123472
0.6156	0.123191
0.6158	0.122911
0.6160	0.122632
0.6162	0.122354
0.6164	0.122077
0.6166	0.121802
0.6168	0.121528
0.6170	0.121255
0.6172	0.120983
0.6174	0.120712
0.6176	0.120442
0.6178	0.120174
0.6180	0.119907
0.6182	0.119641
0.6184	0.119376
0.6186	0.119112
0.6188	0.118849
0.6190	0.118587
0.6192	0.118327
0.6194	0.118067
0.6196	0.117809
0.6198	0.117552
0.6200	0.117296
0.6202	0.117041
0.6204	0.116787
0.6206	0.116534
0.6208	0.116282
0.6210	0.116031
0.6212	0.115781
0.6214	0.115533
0.6216	0.115285
0.6218	0.115038
0.6220	0.114793
0.6222	0.114548
0.6224	0.114305
0.6226	0.114062
0.6228	0.113821
0.6230	0.113580
0.6232	0.113341
0.6234	0.113102
0.6236	0.112865
0.6238	0.112628
0.6240	0.112393
0.6242	0.112158
0.6244	0.111925
0.6246	0.111692
0.6248	0.111461
0.6250	0.111230
0.6252	0.111000
0.6254	0.110772
0.6256	0.110544
0.6258	0.110317
0.6260	0.110091
0.6262	0.109866
0.6264	0.109642
0.6266	0.109419
0.6268	0.109197
0.6270	0.108975
0.6272	0.108755
0.6274	0.108536
0.6276	0.108317
0.6278	0.108099
0.6280	0.107883
0.6282	0.107667
0.6284	0.107452
0.6286	0.107237
0.6288	0.107024
0.6290	0.106812
0.6292	0.106600
0.6294	0.106390
0.6296	0.106180
0.6298	0.105971
0.6300	0.105763
0.6302	0.105555
0.6304	0.105349
0.6306	0.105143
0.6308	0.104939
0.6310	0.104735
0.6312	0.104532
0.6314	0.104329
0.6316	0.104128
0.6318	0.103927
0.6320	0.103728
0.6322	0.103529
0.6324	0.103330
0.6326	0.103133
0.6328	0.102936
0.6330	0.102740
0.6332	0.102545
0.6334	0.102351
0.6336	0.102158
0.6338	0.101965
0.6340	0.101773
0.6342	0.101582
0.6344	0.101391
0.6346	0.101202
0.6348	0.101013
0.6350	0.100825
0.6352	0.100637
0.6354	0.100451
0.6356	0.100265
0.6358	0.100080
0.6360	0.099895
0.6362	0.099712
0.6364	0.099529
0.6366	0.099347
0.6368	0.099165
0.6370	0.098984
0.6372	0.098804
0.6374	0.098625
0.6376	0.098446
0.6378	0.098268
0.6380	0.098091
0.6382	0.097915
0.6384	0.097739
0.6386	0.097564
0.6388	0.097389
0.6390	0.097215
0.6392	0.097042
0.6394	0.096870
0.6396	0.096698
0.6398	0.096527
0.6400	0.096357
0.6402	0.096187
0.6404	0.096018
0.6406	0.095850
0.6408	0.095682
0.6410	0.095515
0.6412	0.095349
0.6414	0.095183
0.6416	0.095018
0.6418	0.094853
0.6420	0.094690
0.6422	0.094526
0.6424	0.094364
0.6426	0.094202
0.6428	0.094041
0.6430	0.093880
0.6432	0.093720
0.6434	0.093561
0.6436	0.093402
0.6438	0.093244
0.6440	0.093086
0.6442	0.092929
0.6444	0.092773
0.6446	0.092617
0.6448	0.092462
0.6450	0.092307
0.6452	0.092153
0.6454	0.092000
0.6456	0.091847
0.6458	0.091695
0.6460	0.091544
0.6462	0.091393
0.6464	0.091242
0.6466	0.091092
0.6468	0.090943
0.6470	0.090794
0.6472	0.090646
0.6474	0.090499
0.6476	0.090352
0.6478	0.090205
0.6480	0.090060
0.6482	0.089914
0.6484	0.089770
0.6486	0.089625
0.6488	0.089482
0.6490	0.089339
0.6492	0.089196
0.6494	0.089054
0.6496	0.088913
0.6498	0.088772
0.6500	0.088631
0.6502	0.088492
0.6504	0.088352
0.6506	0.088214
0.6508	0.088075
0.6510	0.087938
0.6512	0.087800
0.6514	0.087664
0.6516	0.087528
0.6518	0.087392
0.6520	0.087257
0.6522	0.087122
0.6524	0.086988
0.6526	0.086855
0.6528	0.086721
0.6530	0.086589
0.6532	0.086457
0.6534	0.086325
0.6536	0.086194
0.6538	0.086064
0.6540	0.085933
0.6542	0.085804
0.6544	0.085675
0.6546	0.085546
0.6548	0.085418
0.6550	0.085290
0.6552	0.085163
0.6554	0.085036
0.6556	0.084910
0.6558	0.084785
0.6560	0.084659
0.6562	0.084534
0.6564	0.084410
0.6566	0.084286
0.6568	0.084163
0.6570	0.084040
0.6572	0.083917
0.6574	0.083795
0.6576	0.083674
0.6578	0.083553
0.6580	0.083432
0.6582	0.083312
0.6584	0.083192
0.6586	0.083073
0.6588	0.082954
0.6590	0.082836
0.6592	0.082718
0.6594	0.082600
0.6596	0.082483
0.6598	0.082366
0.6600	0.082250
0.6602	0.082134
0.6604	0.082019
0.6606	0.081904
0.6608	0.081790
0.6610	0.081676
0.6612	0.081562
0.6614	0.081449
0.6616	0.081336
0.6618	0.081224
0.6620	0.081112
0.6622	0.081000
0.6624	0.080889
0.6626	0.080778
0.6628	0.080668
0.6630	0.080558
0.6632	0.080449
0.6634	0.080340
0.6636	0.080231
0.6638	0.080123
0.6640	0.080015
0.6642	0.079907
0.6644	0.079800
0.6646	0.079694
0.6648	0.079587
0.6650	0.079482
0.6652	0.079376
0.6654	0.079271
0.6656	0.079166
0.6658	0.079062
0.6660	0.078958
0.6662	0.078855
0.6664	0.078751
0.6666	0.078649
0.6668	0.078546
0.6670	0.078444
0.6672	0.078343
0.6674	0.078241
0.6676	0.078140
0.6678	0.078040
0.6680	0.077940
0.6682	0.077840
0.6684	0.077741
0.6686	0.077642
0.6688	0.077543
0.6690	0.077445
0.6692	0.077347
0.6694	0.077249
0.6696	0.077152
0.6698	0.077055
0.6700	0.076959
0.6702	0.076862
0.6704	0.076767
0.6706	0.076671
0.6708	0.076576
0.6710	0.076481
0.6712	0.076387
0.6714	0.076293
0.6716	0.076199
0.6718	0.076106
0.6720	0.076013
0.6722	0.075920
0.6724	0.075828
0.6726	0.075736
0.6728	0.075644
0.6730	0.075553
0.6732	0.075462
0.6734	0.075372
0.6736	0.075281
0.6738	0.075191
0.6740	0.075102
0.6742	0.075012
0.6744	0.074924
0.6746	0.074835
0.6748	0.074747
0.6750	0.074659
0.6752	0.074571
0.6754	0.074484
0.6756	0.074397
0.6758	0.074310
0.6760	0.074224
0.6762	0.074138
0.6764	0.074052
0.6766	0.073967
0.6768	0.073881
0.6770	0.073797
0.6772	0.073712
0.6774	0.073628
0.6776	0.073544
0.6778	0.073461
0.6780	0.073378
0.6782	0.073295
0.6784	0.073212
0.6786	0.073130
0.6788	0.073048
0.6790	0.072966
0.6792	0.072885
0.6794	0.072804
0.6796	0.072723
0.6798	0.072642
0.6800	0.072562
0.6802	0.072482
0.6804	0.072403
0.6806	0.072323
0.6808	0.072244
0.6810	0.072166
0.6812	0.072087
0.6814	0.072009
0.6816	0.071931
0.6818	0.071854
0.6820	0.071777
0.6822	0.071700
0.6824	0.071623
0.6826	0.071547
0.6828	0.071470
0.6830	0.071395
0.6832	0.071319
0.6834	0.071244
0.6836	0.071169
0.6838	0.071094
0.6840	0.071020
0.6842	0.070946
0.6844	0.070872
0.6846	0.070798
0.6848	0.070725
0.6850	0.070652
0.6852	0.070579
0.6854	0.070506
0.6856	0.070434
0.6858	0.070362
0.6860	0.070291
0.6862	0.070219
0.6864	0.070148
0.6866	0.070077
0.6868	0.070006
0.6870	0.069936
0.6872	0.069866
0.6874	0.069796
0.6876	0.069727
0.6878	0.069657
0.6880	0.069588
0.6882	0.069520
0.6884	0.069451
0.6886	0.069383
0.6888	0.069315
0.6890	0.069247
0.6892	0.069179
0.6894	0.069112
0.6896	0.069045
0.6898	0.068979
0.6900	0.068912
0.6902	0.068846
0.6904	0.068780
0.6906	0.068714
0.6908	0.068649
0.6910	0.068583
0.6912	0.068518
0.6914	0.068454
0.6916	0.068389
0.6918	0.068325
0.6920	0.068261
0.6922	0.068197
0.6924	0.068134
0.6926	0.068070
0.6928	0.068007
0.6930	0.067945
0.6932	0.067882
0.6934	0.067820
0.6936	0.067758
0.6938	0.067696
0.6940	0.067634
0.6942	0.067573
0.6944	0.067512
0.6946	0.067451
0.6948	0.067390
0.6950	0.067330
0.6952	0.067270
0.6954	0.067210
0.6956	0.067150
0.6958	0.067090
0.6960	0.067031
0.6962	0.066972
0.6964	0.066913
0.6966	0.066855
0.6968	0.066796
0.6970	0.066738
0.6972	0.066680
0.6974	0.066623
0.6976	0.066565
0.6978	0.066508
0.6980	0.066451
0.6982	0.066394
0.6984	0.066338
0.6986	0.066281
0.6988	0.066225
0.6990	0.066169
0.6992	0.066114
0.6994	0.066058
0.6996	0.066003
0.6998	0.065948
0.7000	0.065893
0.7002	0.065839
0.7004	0.065784
0.7006	0.065730
0.7008	0.065676
0.7010	0.065623
0.7012	0.065569
0.7014	0.065516
0.7016	0.065463
0.7018	0.065410
0.7020	0.065357
0.7022	0.065305
0.7024	0.065252
0.7026	0.065200
0.7028	0.065149
0.7030	0.065097
0.7032	0.065046
0.7034	0.064994
0.7036	0.064943
0.7038	0.064893
0.7040	0.064842
0.7042	0.064792
0.7044	0.064742
0.7046	0.064692
0.7048	0.064642
0.7050	0.064592
0.7052	0.064543
0.7054	0.064494
0.7056	0.064445
0.7058	0.064396
0.7060	0.064347
0.7062	0.064299
0.7064	0.064251
0.7066	0.064203
0.7068	0.064155
0.7070	0.064108
0.7072	0.064060
0.7074	0.064013
0.7076	0.063966
0.7078	0.063919
0.7080	0.063873
0.7082	0.063826
0.7084	0.063780
0.7086	0.063734
0.7088	0.063688
0.7090	0.063643
0.7092	0.063597
0.7094	0.063552
0.7096	0.063507
0.7098	0.063462
0.7100	0.063417
0.7102	0.063373
0.7104	0.063329
0.7106	0.063285
0.7108	0.063241
0.7110	0.063197
0.7112	0.063153
0.7114	0.063110
0.7116	0.063067
0.7118	0.063024
0.7120	0.062981
0.7122	0.062938
0.7124	0.062896
0.7126	0.062854
0.7128	0.062812
0.7130	0.062770
0.7132	0.062728
0.7134	0.062687
0.7136	0.062645
0.7138	0.062604
0.7140	0.062563
0.7142	0.062522
0.7144	0.062482
0.7146	0.062441
0.7148	0.062401
0.7150	0.062361
0.7152	0.062321
0.7154	0.062281
0.7156	0.062242
0.7158	0.062202
0.7160	0.062163
0.7162	0.062124
0.7164	0.062085
0.7166	0.062047
0.7168	0.062008
0.7170	0.061970
0.7172	0.061932
0.7174	0.061894
0.7176	0.061856
0.7178	0.061818
0.7180	0.061781
0.7182	0.061744
0.7184	0.061707
0.7186	0.061670
0.7188	0.061633
0.7190	0.061596
0.7192	0.061560
0.7194	0.061524
0.7196	0.061488
0.7198	0.061452
0.7200	0.061416
0.7202	0.061380
0.7204	0.061345
0.7206	0.061310
0.7208	0.061275
0.7210	0.061240
0.7212	0.061205
0.7214	0.061171
0.7216	0.061136
0.7218	0.061102
0.7220	0.061068
0.7222	0.061034
0.7224	0.061000
0.7226	0.060967
0.7228	0.060933
0.7230	0.060900
0.7232	0.060867
0.7234	0.060834
0.7236	0.060801
0.7238	0.060769
0.7240	0.060736
0.7242	0.060704
0.7244	0.060672
0.7246	0.060640
0.7248	0.060608
0.7250	0.060577
0.7252	0.060545
0.7254	0.060514
0.7256	0.060483
0.7258	0.060452
0.7260	0.060421
0.7262	0.060390
0.7264	0.060360
0.7266	0.060329
0.7268	0.060299
0.7270	0.060269
0.7272	0.060239
0.7274	0.060210
0.7276	0.060180
0.7278	0.060151
0.7280	0.060121
0.7282	0.060092
0.7284	0.060063
0.7286	0.060034
0.7288	0.060006
0.7290	0.059977
0.7292	0.059949
0.7294	0.059921
0.7296	0.059893
0.7298	0.059865
0.7300	0.059837
0.7302	0.059810
0.7304	0.059782
0.7306	0.059755
0.7308	0.059728
0.7310	0.059701
0.7312	0.059674
0.7314	0.059648
0.7316	0.059621
0.7318	0.059595
0.7320	0.059569
0.7322	0.059543
0.7324	0.059517
0.7326	0.059491
0.7328	0.059465
0.7330	0.059440
0.7332	0.059415
0.7334	0.059390
0.7336	0.059365
0.7338	0.059340
0.7340	0.059315
0.7342	0.059291
0.7344	0.059266
0.7346	0.059242
0.7348	0.059218
0.7350	0.059194
0.7352	0.059170
0.7354	0.059146
0.7356	0.059123
0.7358	0.059100
0.7360	0.059076
0.7362	0.059053
0.7364	0.059030
0.7366	0.059008
0.7368	0.058985
0.7370	0.058963
0.7372	0.058940
0.7374	0.058918
0.7376	0.058896
0.7378	0.058874
0.7380	0.058852
0.7382	0.058831
0.7384	0.058809
0.7386	0.058788
0.7388	0.058767
0.7390	0.058746
0.7392	0.058725
0.7394	0.058704
0.7396	0.058683
0.7398	0.058663
0.7400	0.058643
0.7402	0.058622
0.7404	0.058602
0.7406	0.058582
0.7408	0.058563
0.7410	0.058543
0.7412	0.058524
0.7414	0.058504
0.7416	0.058485
0.7418	0.058466
0.7420	0.058447
0.7422	0.058428
0.7424	0.058410
0.7426	0.058391
0.7428	0.058373
0.7430	0.058355
0.7432	0.058337
0.7434	0.058319
0.7436	0.058301
0.7438	0.058283
0.7440	0.058266
0.7442	0.058248
0.7444	0.058231
0.7446	0.058214
0.7448	0.058197
0.7450	0.058180
0.7452	0.058163
0.7454	0.058147
0.7456	0.058131
0.7458	0.058114
0.7460	0.058098
0.7462	0.058082
0.7464	0.058066
0.7466	0.058051
0.7468	0.058035
0.7470	0.058020
0.7472	0.058004
0.7474	0.057989
0.7476	0.057974
0.7478	0.057959
0.7480	0.057944
0.7482	0.057930
0.7484	0.057915
0.7486	0.057901
0.7488	0.057887
0.7490	0.057873
0.7492	0.057859
0.7494	0.057845
0.7496	0.057831
0.7498	0.057818
0.7500	0.057804
0.7502	0.057791
0.7504	0.057778
0.7506	0.057765
0.7508	0.057752
0.7510	0.057739
0.7512	0.057727
0.7514	0.057714
0.7516	0.057702
0.7518	0.057690
0.7520	0.057678
0.7522	0.057666
0.7524	0.057654
0.7526	0.057642
0.7528	0.057631
0.7530	0.057619
0.7532	0.057608
0.7534	0.057597
0.7536	0.057586
0.7538	0.057575
0.7540	0.057564
0.7542	0.057554
0.7544	0.057543
0.7546	0.057533
0.7548	0.057523
0.7550	0.057513
0.7552	0.057503
0.7554	0.057493
0.7556	0.057483
0.7558	0.057474
0.7560	0.057464
0.7562	0.057455
0.7564	0.057446
0.7566	0.057437
0.7568	0.057428
0.7570	0.057419
0.7572	0.057411
0.7574	0.057402
0.7576	0.057394
0.7578	0.057386
0.7580	0.057378
0.7582	0.057370
0.7584	0.057362
0.7586	0.057354
0.7588	0.057347
0.7590	0.057339
0.7592	0.057332
0.7594	0.057325
0.7596	0.057318
0.7598	0.057311
0.7600	0.057304
0.7602	0.057298
0.7604	0.057291
0.7606	0.057285
0.7608	0.057279
0.7610	0.057273
0.7612	0.057267
0.7614	0.057261
0.7616	0.057255
0.7618	0.057249
0.7620	0.057244
0.7622	0.057239
0.7624	0.057234
0.7626	0.057228
0.7628	0.057224
0.7630	0.057219
0.7632	0.057214
0.7634	0.057210
0.7636	0.057205
0.7638	0.057201
0.7640	0.057197
0.7642	0.057193
0.7644	0.057189
0.7646	0.057185
0.7648	0.057182
0.7650	0.057178
0.7652	0.057175
0.7654	0.057172
0.7656	0.057168
0.7658	0.057166
0.7660	0.057163
0.7662	0.057160
0.7664	0.057157
0.7666	0.057155
0.7668	0.057153
0.7670	0.057151
0.7672	0.057149
0.7674	0.057147
0.7676	0.057145
0.7678	0.057143
0.7680	0.057142
0.7682	0.057140
0.7684	0.057139
0.7686	0.057138
0.7688	0.057137
0.7690	0.057136
0.7692	0.057135
0.7694	0.057135
0.7696	0.057134
0.7698	0.057134
0.7700	0.057134
0.7702	0.057134
0.7704	0.057134
0.7706	0.057134
0.7708	0.057134
0.7710	0.057135
0.7712	0.057135
0.7714	0.057136
0.7716	0.057137
0.7718	0.057138
0.7720	0.057139
0.7722	0.057140
0.7724	0.057142
0.7726	0.057143
0.7728	0.057145
0.7730	0.057147
0.7732	0.057148
0.7734	0.057151
0.7736	0.057153
0.7738	0.057155
0.7740	0.057157
0.7742	0.057160
0.7744	0.057163
0.7746	0.057165
0.7748	0.057168
0.7750	0.057172
0.7752	0.057175
0.7754	0.057178
0.7756	0.057182
0.7758	0.057185
0.7760	0.057189
0.7762	0.057193
0.7764	0.057197
0.7766	0.057201
0.7768	0.057205
0.7770	0.057210
0.7772	0.057214
0.7774	0.057219
0.7776	0.057224
0.7778	0.057229
0.7780	0.057234
0.7782	0.057239
0.7784	0.057244
0.7786	0.057250
0.7788	0.057256
0.7790	0.057261
0.7792	0.057267
0.7794	0.057273
0.7796	0.057279
0.7798	0.057286
0.7800	0.057292
0.7802	0.057299
0.7804	0.057305
0.7806	0.057312
0.7808	0.057319
0.7810	0.057326
0.7812	0.057333
0.7814	0.057341
0.7816	0.057348
0.7818	0.057356
0.7820	0.057364
0.7822	0.057372
0.7824	0.057380
0.7826	0.057388
0.7828	0.057396
0.7830	0.057405
0.7832	0.057413
0.7834	0.057422
0.7836	0.057431
0.7838	0.057440
0.7840	0.057449
0.7842	0.057458
0.7844	0.057468
0.7846	0.057477
0.7848	0.057487
0.7850	0.057497
0.7852	0.057507
0.7854	0.057517
0.7856	0.057527
0.7858	0.057537
0.7860	0.057548
0.7862	0.057558
0.7864	0.057569
0.7866	0.057580
0.7868	0.057591
0.7870	0.057602
0.7872	0.057614
0.7874	0.057625
0.7876	0.057637
0.7878	0.057648
0.7880	0.057660
0.7882	0.057672
0.7884	0.057685
0.7886	0.057697
0.7888	0.057709
0.7890	0.057722
0.7892	0.057735
0.7894	0.057747
0.7896	0.057760
0.7898	0.057774
0.7900	0.057787
0.7902	0.057800
0.7904	0.057814
0.7906	0.057828
0.7908	0.057841
0.7910	0.057855
0.7912	0.057870
0.7914	0.057884
0.7916	0.057898
0.7918	0.057913
0.7920	0.057928
0.7922	0.057942
0.7924	0.057957
0.7926	0.057973
0.7928	0.057988
0.7930	0.058003
0.7932	0.058019
0.7934	0.058035
0.7936	0.058050
0.7938	0.058066
0.7940	0.058083
0.7942	0.058099
0.7944	0.058115
0.7946	0.058132
0.7948	0.058149
0.7950	0.058165
0.7952	0.058182
0.7954	0.058200
0.7956	0.058217
0.7958	0.058234
0.7960	0.058252
0.7962	0.058270
0.7964	0.058288
0.7966	0.058306
0.7968	0.058324
0.7970	0.058342
0.7972	0.058361
0.7974	0.058379
0.7976	0.058398
0.7978	0.058417
0.7980	0.058436
0.7982	0.058455
0.7984	0.058475
0.7986	0.058494
0.7988	0.058514
0.7990	0.058534
0.7992	0.058554
0.7994	0.058574
0.7996	0.058594
0.7998	0.058615
0.8000	0.058635
0.8002	0.058656
0.8004	0.058677
0.8006	0.058698
0.8008	0.058719
0.8010	0.058741
0.8012	0.058762
0.8014	0.058784
0.8016	0.058805
0.8018	0.058827
0.8020	0.058850
0.8022	0.058872
0.8024	0.058894
0.8026	0.058917
0.8028	0.058940
0.8030	0.058963
0.8032	0.058986
0.8034	0.059009
0.8036	0.059032
0.8038	0.059056
0.8040	0.059079
0.8042	0.059103
0.8044	0.059127
0.8046	0.059151
0.8048	0.059176
0.8050	0.059200
0.8052	0.059225
0.8054	0.059250
0.8056	0.059274
0.8058	0.059300
0.8060	0.059325
0.8062	0.059350
0.8064	0.059376
0.8066	0.059402
0.8068	0.059428
0.8070	0.059454
0.8072	0.059480
0.8074	0.059506
0.8076	0.059533
0.8078	0.059560
0.8080	0.059586
0.8082	0.059613
0.8084	0.059641
0.8086	0.059668
0.8088	0.059696
0.8090	0.059723
0.8092	0.059751
0.8094	0.059779
0.8096	0.059807
0.8098	0.059836
0.8100	0.059864
0.8102	0.059893
0.8104	0.059922
0.8106	0.059951
0.8108	0.059980
0.8110	0.060010
0.8112	0.060039
0.8114	0.060069
0.8116	0.060099
0.8118	0.060129
0.8120	0.060159
0.8122	0.060190
0.8124	0.060220
0.8126	0.060251
0.8128	0.060282
0.8130	0.060313
0.8132	0.060344
0.8134	0.060376
0.8136	0.060407
0.8138	0.060439
0.8140	0.060471
0.8142	0.060503
0.8144	0.060535
0.8146	0.060568
0.8148	0.060601
0.8150	0.060633
0.8152	0.060666
0.8154	0.060700
0.8156	0.060733
0.8158	0.060767
0.8160	0.060800
0.8162	0.060834
0.8164	0.060868
0.8166	0.060903
0.8168	0.060937
0.8170	0.060972
0.8172	0.061007
0.8174	0.061042
0.8176	0.061077
0.8178	0.061112
0.8180	0.061148
0.8182	0.061183
0.8184	0.061219
0.8186	0.061255
0.8188	0.061292
0.8190	0.061328
0.8192	0.061365
0.8194	0.061402
0.8196	0.061439
0.8198	0.061476
0.8200	0.061513
0.8202	0.061551
0.8204	0.061589
0.8206	0.061627
0.8208	0.061665
0.8210	0.061703
0.8212	0.061742
0.8214	0.061781
0.8216	0.061820
0.8218	0.061859
0.8220	0.061898
0.8222	0.061938
0.8224	0.061977
0.8226	0.062017
0.8228	0.062057
0.8230	0.062098
0.8232	0.062138
0.8234	0.062179
0.8236	0.062220
0.8238	0.062261
0.8240	0.062302
0.8242	0.062344
0.8244	0.062385
0.8246	0.062427
0.8248	0.062469
0.8250	0.062511
0.8252	0.062554
0.8254	0.062597
0.8256	0.062640
0.8258	0.062683
0.8260	0.062726
0.8262	0.062770
0.8264	0.062813
0.8266	0.062857
0.8268	0.062901
0.8270	0.062946
0.8272	0.062990
0.8274	0.063035
0.8276	0.063080
0.8278	0.063125
0.8280	0.063170
0.8282	0.063216
0.8284	0.063262
0.8286	0.063308
0.8288	0.063354
0.8290	0.063401
0.8292	0.063447
0.8294	0.063494
0.8296	0.063541
0.8298	0.063589
0.8300	0.063636
0.8302	0.063684
0.8304	0.063732
0.8306	0.063780
0.8308	0.063828
0.8310	0.063877
0.8312	0.063926
0.8314	0.063975
0.8316	0.064024
0.8318	0.064074
0.8320	0.064123
0.8322	0.064173
0.8324	0.064224
0.8326	0.064274
0.8328	0.064325
0.8330	0.064376
0.8332	0.064427
0.8334	0.064478
0.8336	0.064530
0.8338	0.064581
0.8340	0.064633
0.8342	0.064686
0.8344	0.064738
0.8346	0.064791
0.8348	0.064844
0.8350	0.064897
0.8352	0.064950
0.8354	0.065004
0.8356	0.065058
0.8358	0.065112
0.8360	0.065166
0.8362	0.065221
0.8364	0.065276
0.8366	0.065331
0.8368	0.065386
0.8370	0.065442
0.8372	0.065498
0.8374	0.065554
0.8376	0.065610
0.8378	0.065666
0.8380	0.065723
0.8382	0.065780
0.8384	0.065838
0.8386	0.065895
0.8388	0.065953
0.8390	0.066011
0.8392	0.066069
0.8394	0.066128
0.8396	0.066187
0.8398	0.066246
0.8400	0.066305
0.8402	0.066365
0.8404	0.066424
0.8406	0.066484
0.8408	0.066545
0.8410	0.066605
0.8412	0.066666
0.8414	0.066727
0.8416	0.066789
0.8418	0.066850
0.8420	0.066912
0.8422	0.066974
0.8424	0.067037
0.8426	0.067100
0.8428	0.067163
0.8430	0.067226
0.8432	0.067289
0.8434	0.067353
0.8436	0.067417
0.8438	0.067482
0.8440	0.067546
0.8442	0.067611
0.8444	0.067676
0.8446	0.067742
0.8448	0.067807
0.8450	0.067873
0.8452	0.067940
0.8454	0.068006
0.8456	0.068073
0.8458	0.068140
0.8460	0.068207
0.8462	0.068275
0.8464	0.068343
0.8466	0.068411
0.8468	0.068480
0.8470	0.068549
0.8472	0.068618
0.8474	0.068687
0.8476	0.068757
0.8478	0.068827
0.8480	0.068897
0.8482	0.068968
0.8484	0.069039
0.8486	0.069110
0.8488	0.069181
0.8490	0.069253
0.8492	0.069325
0.8494	0.069398
0.8496	0.069470
0.8498	0.069543
0.8500	0.069617
0.8502	0.069690
0.8504	0.069764
0.8506	0.069838
0.8508	0.069913
0.8510	0.069988
0.8512	0.070063
0.8514	0.070138
0.8516	0.070214
0.8518	0.070290
0.8520	0.070367
0.8522	0.070444
0.8524	0.070521
0.8526	0.070598
0.8528	0.070676
0.8530	0.070754
0.8532	0.070832
0.8534	0.070911
0.8536	0.070990
0.8538	0.071069
0.8540	0.071149
0.8542	0.071229
0.8544	0.071309
0.8546	0.071390
0.8548	0.071471
0.8550	0.071552
0.8552	0.071634
0.8554	0.071716
0.8556	0.071798
0.8558	0.071881
0.8560	0.071964
0.8562	0.072048
0.8564	0.072131
0.8566	0.072215
0.8568	0.072300
0.8570	0.072385
0.8572	0.072470
0.8574	0.072555
0.8576	0.072641
0.8578	0.072727
0.8580	0.072814
0.8582	0.072901
0.8584	0.072988
0.8586	0.073076
0.8588	0.073164
0.8590	0.073252
0.8592	0.073341
0.8594	0.073430
0.8596	0.073520
0.8598	0.073610
0.8600	0.073700
0.8602	0.073791
0.8604	0.073882
0.8606	0.073973
0.8608	0.074065
0.8610	0.074157
0.8612	0.074249
0.8614	0.074342
0.8616	0.074436
0.8618	0.074529
0.8620	0.074624
0.8622	0.074718
0.8624	0.074813
0.8626	0.074908
0.8628	0.075004
0.8630	0.075100
0.8632	0.075196
0.8634	0.075293
0.8636	0.075390
0.8638	0.075488
0.8640	0.075586
0.8642	0.075685
0.8644	0.075784
0.8646	0.075883
0.8648	0.075983
0.8650	0.076083
0.8652	0.076183
0.8654	0.076284
0.8656	0.076386
0.8658	0.076488
0.8660	0.076590
0.8662	0.076693
0.8664	0.076796
0.8666	0.076899
0.8668	0.077003
0.8670	0.077108
0.8672	0.077213
0.8674	0.077318
0.8676	0.077424
0.8678	0.077530
0.8680	0.077636
0.8682	0.077744
0.8684	0.077851
0.8686	0.077959
0.8688	0.078067
0.8690	0.078176
0.8692	0.078286
0.8694	0.078395
0.8696	0.078506
0.8698	0.078616
0.8700	0.078728
0.8702	0.078839
0.8704	0.078951
0.8706	0.079064
0.8708	0.079177
0.8710	0.079291
0.8712	0.079405
0.8714	0.079519
0.8716	0.079634
0.8718	0.079750
0.8720	0.079866
0.8722	0.079982
0.8724	0.080099
0.8726	0.080217
0.8728	0.080335
0.8730	0.080453
0.8732	0.080572
0.8734	0.080692
0.8736	0.080812
0.8738	0.080932
0.8740	0.081053
0.8742	0.081175
0.8744	0.081297
0.8746	0.081419
0.8748	0.081542
0.8750	0.081666
0.8752	0.081790
0.8754	0.081915
0.8756	0.082040
0.8758	0.082165
0.8760	0.082292
0.8762	0.082419
0.8764	0.082546
0.8766	0.082674
0.8768	0.082802
0.8770	0.082931
0.8772	0.083061
0.8774	0.083191
0.8776	0.083321
0.8778	0.083453
0.8780	0.083584
0.8782	0.083717
0.8784	0.083850
0.8786	0.083983
0.8788	0.084117
0.8790	0.084252
0.8792	0.084387
0.8794	0.084523
0.8796	0.084659
0.8798	0.084796
0.8800	0.084934
0.8802	0.085072
0.8804	0.085211
0.8806	0.085350
0.8808	0.085490
0.8810	0.085631
0.8812	0.085772
0.8814	0.085914
0.8816	0.086056
0.8818	0.086199
0.8820	0.086343
0.8822	0.086487
0.8824	0.086632
0.8826	0.086778
0.8828	0.086924
0.8830	0.087071
0.8832	0.087218
0.8834	0.087366
0.8836	0.087515
0.8838	0.087664
0.8840	0.087815
0.8842	0.087965
0.8844	0.088117
0.8846	0.088269
0.8848	0.088421
0.8850	0.088575
0.8852	0.088729
0.8854	0.088884
0.8856	0.089039
0.8858	0.089195
0.8860	0.089352
0.8862	0.089510
0.8864	0.089668
0.8866	0.089827
0.8868	0.089987
0.8870	0.090147
0.8872	0.090308
0.8874	0.090470
0.8876	0.090632
0.8878	0.090795
0.8880	0.090959
0.8882	0.091124
0.8884	0.091290
0.8886	0.091456
0.8888	0.091623
0.8890	0.091790
0.8892	0.091959
0.8894	0.092128
0.8896	0.092298
0.8898	0.092468
0.8900	0.092640
0.8902	0.092812
0.8904	0.092985
0.8906	0.093159
0.8908	0.093334
0.8910	0.093509
0.8912	0.093685
0.8914	0.093862
0.8916	0.094040
0.8918	0.094218
0.8920	0.094398
0.8922	0.094578
0.8924	0.094759
0.8926	0.094941
0.8928	0.095124
0.8930	0.095307
0.8932	0.095491
0.8934	0.095677
0.8936	0.095863
0.8938	0.096050
0.8940	0.096237
0.8942	0.096426
0.8944	0.096616
0.8946	0.096806
0.8948	0.096997
0.8950	0.097189
0.8952	0.097382
0.8954	0.097576
0.8956	0.097771
0.8958	0.097967
0.8960	0.098163
0.8962	0.098361
0.8964	0.098559
0.8966	0.098759
0.8968	0.098959
0.8970	0.099160
0.8972	0.099363
0.8974	0.099566
0.8976	0.099770
0.8978	0.099975
0.8980	0.100181
0.8982	0.100388
0.8984	0.100596
0.8986	0.100805
0.8988	0.101015
0.8990	0.101225
0.8992	0.101437
0.8994	0.101650
0.8996	0.101864
0.8998	0.102079
0.9000	0.102295
0.9002	0.102512
0.9004	0.102730
0.9006	0.102949
0.9008	0.103169
0.9010	0.103390
0.9012	0.103612
0.9014	0.103836
0.9016	0.104060
0.9018	0.104285
0.9020	0.104512
0.9022	0.104740
0.9024	0.104968
0.9026	0.105198
0.9028	0.105429
0.9030	0.105661
0.9032	0.105894
0.9034	0.106128
0.9036	0.106364
0.9038	0.106600
0.9040	0.106838
0.9042	0.107077
0.9044	0.107317
0.9046	0.107558
0.9048	0.107800
0.9050	0.108044
0.9052	0.108288
0.9054	0.108534
0.9056	0.108781
0.9058	0.109030
0.9060	0.109279
0.9062	0.109530
0.9064	0.109782
0.9066	0.110035
0.9068	0.110290
0.9070	0.110546
0.9072	0.110803
0.9074	0.111061
0.9076	0.111321
0.9078	0.111581
0.9080	0.111844
0.9082	0.112107
0.9084	0.112372
0.9086	0.112638
0.9088	0.112906
0.9090	0.113174
0.9092	0.113445
0.9094	0.113716
0.9096	0.113989
0.9098	0.114263
0.9100	0.114539
0.9102	0.114816
0.9104	0.115094
0.9106	0.115374
0.9108	0.115656
0.9110	0.115938
0.9112	0.116223
0.9114	0.116508
0.9116	0.116795
0.9118	0.117084
0.9120	0.117374
0.9122	0.117665
0.9124	0.117958
0.9126	0.118253
0.9128	0.118549
0.9130	0.118846
0.9132	0.119145
0.9134	0.119446
0.9136	0.119748
0.9138	0.120052
0.9140	0.120357
0.9142	0.120664
0.9144	0.120972
0.9146	0.121283
0.9148	0.121594
0.9150	0.121908
0.9152	0.122223
0.9154	0.122539
0.9156	0.122858
0.9158	0.123177
0.9160	0.123499
0.9162	0.123822
0.9164	0.124148
0.9166	0.124474
0.9168	0.124803
0.9170	0.125133
0.9172	0.125465
0.9174	0.125799
0.9176	0.126134
0.9178	0.126472
0.9180	0.126811
0.9182	0.127152
0.9184	0.127494
0.9186	0.127839
0.9188	0.128185
0.9190	0.128534
0.9192	0.128884
0.9194	0.129236
0.9196	0.129590
0.9198	0.129946
0.9200	0.130304
0.9202	0.130663
0.9204	0.131025
0.9206	0.131389
0.9208	0.131754
0.9210	0.132122
0.9212	0.132492
0.9214	0.132863
0.9216	0.133237
0.9218	0.133613
0.9220	0.133991
0.9222	0.134371
0.9224	0.134753
0.9226	0.135137
0.9228	0.135523
0.9230	0.135912
0.9232	0.136302
0.9234	0.136695
0.9236	0.137090
0.9238	0.137487
0.9240	0.137886
0.9242	0.138288
0.9244	0.138692
0.9246	0.139098
0.9248	0.139506
0.9250	0.139917
0.9252	0.140330
0.9254	0.140745
0.9256	0.141163
0.9258	0.141583
0.9260	0.142005
0.9262	0.142430
0.9264	0.142857
0.9266	0.143287
0.9268	0.143719
0.9270	0.144153
0.9272	0.144590
0.9274	0.145030
0.9276	0.145472
0.9278	0.145917
0.9280	0.146364
0.9282	0.146814
0.9284	0.147266
0.9286	0.147721
0.9288	0.148179
0.9290	0.148639
0.9292	0.149102
0.9294	0.149568
0.9296	0.150036
0.9298	0.150507
0.9300	0.150981
0.9302	0.151458
0.9304	0.151937
0.9306	0.152419
0.9308	0.152904
0.9310	0.153392
0.9312	0.153883
0.9314	0.154377
0.9316	0.154874
0.9318	0.155373
0.9320	0.155876
0.9322	0.156382
0.9324	0.156890
0.9326	0.157402
0.9328	0.157917
0.9330	0.158435
0.9332	0.158956
0.9334	0.159480
0.9336	0.160007
0.9338	0.160537
0.9340	0.161071
0.9342	0.161608
0.9344	0.162148
0.9346	0.162691
0.9348	0.163238
0.9350	0.163788
0.9352	0.164342
0.9354	0.164898
0.9356	0.165459
0.9358	0.166022
0.9360	0.166589
0.9362	0.167160
0.9364	0.167734
0.9366	0.168312
0.9368	0.168893
0.9370	0.169478
0.9372	0.170067
0.9374	0.170659
0.9376	0.171255
0.9378	0.171854
0.9380	0.172458
0.9382	0.173065
0.9384	0.173676
0.9386	0.174290
0.9388	0.174909
0.9390	0.175532
0.9392	0.176158
0.9394	0.176789
0.9396	0.177423
0.9398	0.178062
0.9400	0.178704
0.9402	0.179351
0.9404	0.180002
0.9406	0.180656
0.9408	0.181316
0.9410	0.181979
0.9412	0.182647
0.9414	0.183318
0.9416	0.183995
0.9418	0.184675
0.9420	0.185360
0.9422	0.186050
0.9424	0.186744
0.9426	0.187442
0.9428	0.188145
0.9430	0.188853
0.9432	0.189565
0.9434	0.190282
0.9436	0.191003
0.9438	0.191730
0.9440	0.192461
0.9442	0.193197
0.9444	0.193938
0.9446	0.194683
0.9448	0.195434
0.9450	0.196189
0.9452	0.196950
0.9454	0.197716
0.9456	0.198487
0.9458	0.199263
0.9460	0.200044
0.9462	0.200830
0.9464	0.201622
0.9466	0.202419
0.9468	0.203221
0.9470	0.204029
0.9472	0.204842
0.9474	0.205661
0.9476	0.206485
0.9478	0.207315
0.9480	0.208151
0.9482	0.208992
0.9484	0.209839
0.9486	0.210692
0.9488	0.211550
0.9490	0.212415
0.9492	0.213285
0.9494	0.214162
0.9496	0.215044
0.9498	0.215933
0.9500	0.216828
0.9502	0.217729
0.9504	0.218636
0.9506	0.219550
0.9508	0.220470
0.9510	0.221396
0.9512	0.222329
0.9514	0.223268
0.9516	0.224214
0.9518	0.225167
0.9520	0.226126
0.9522	0.227092
0.9524	0.228065
0.9526	0.229045
0.9528	0.230031
0.9530	0.231025
0.9532	0.232026
0.9534	0.233034
0.9536	0.234049
0.9538	0.235071
0.9540	0.236101
0.9542	0.237138
0.9544	0.238182
0.9546	0.239234
0.9548	0.240293
0.9550	0.241361
0.9552	0.242435
0.9554	0.243518
0.9556	0.244609
0.9558	0.245707
0.9560	0.246813
0.9562	0.247928
0.9564	0.249050
0.9566	0.250181
0.9568	0.251320
0.9570	0.252467
0.9572	0.253623
0.9574	0.254787
0.9576	0.255960
0.9578	0.257141
0.9580	0.258331
0.9582	0.259530
0.9584	0.260738
0.9586	0.261955
0.9588	0.263180
0.9590	0.264415
0.9592	0.265659
0.9594	0.266912
0.9596	0.268175
0.9598	0.269447
0.9600	0.270729
0.9602	0.272020
0.9604	0.273321
0.9606	0.274631
0.9608	0.275952
0.9610	0.277282
0.9612	0.278623
0.9614	0.279973
0.9616	0.281334
0.9618	0.282705
0.9620	0.284087
0.9622	0.285478
0.9624	0.286881
0.9626	0.288294
0.9628	0.289718
0.9630	0.291153
0.9632	0.292599
0.9634	0.294055
0.9636	0.295523
0.9638	0.297003
0.9640	0.298493
0.9642	0.299995
0.9644	0.301509
0.9646	0.303034
0.9648	0.304571
0.9650	0.306120
0.9652	0.307680
0.9654	0.309253
0.9656	0.310838
0.9658	0.312435
0.9660	0.314045
0.9662	0.315667
0.9664	0.317301
0.9666	0.318949
0.9668	0.320609
0.9670	0.322282
0.9672	0.323968
0.9674	0.325667
0.9676	0.327380
0.9678	0.329106
0.9680	0.330845
0.9682	0.332598
0.9684	0.334365
0.9686	0.336145
0.9688	0.337940
0.9690	0.339748
0.9692	0.341571
0.9694	0.343408
0.9696	0.345259
0.9698	0.347125
0.9700	0.349006
0.9702	0.350901
0.9704	0.352812
0.9706	0.354737
0.9708	0.356678
0.9710	0.358633
0.9712	0.360605
0.9714	0.362591
0.9716	0.364594
0.9718	0.366612
0.9720	0.368646
0.9722	0.370696
0.9724	0.372762
0.9726	0.374844
0.9728	0.376943
0.9730	0.379059
0.9732	0.381191
0.9734	0.383340
0.9736	0.385506
0.9738	0.387688
0.9740	0.389888
0.9742	0.392106
0.9744	0.394340
0.9746	0.396593
0.9748	0.398863
0.9750	0.401151
0.9752	0.403456
0.9754	0.405780
0.9756	0.408122
0.9758	0.410482
0.9760	0.412861
0.9762	0.415259
0.9764	0.417675
0.9766	0.420110
0.9768	0.422564
0.9770	0.425037
0.9772	0.427529
0.9774	0.430040
0.9776	0.432571
0.9778	0.435122
0.9780	0.437692
0.9782	0.440282
0.9784	0.442892
0.9786	0.445522
0.9788	0.448172
0.9790	0.450843
0.9792	0.453533
0.9794	0.456245
0.9796	0.458977
0.9798	0.461729
0.9800	0.464503
0.9802	0.467297
0.9804	0.470112
0.9806	0.472949
0.9808	0.475806
0.9810	0.478685
0.9812	0.481586
0.9814	0.484507
0.9816	0.487451
0.9818	0.490416
0.9820	0.493402
0.9822	0.496411
0.9824	0.499441
0.9826	0.502493
0.9828	0.505568
0.9830	0.508664
0.9832	0.511782
0.9834	0.514923
0.9836	0.518085
0.9838	0.521270
0.9840	0.524477
0.9842	0.527707
0.9844	0.530958
0.9846	0.534233
0.9848	0.537529
0.9850	0.540848
0.9852	0.544189
0.9854	0.547552
0.9856	0.550938
0.9858	0.554346
0.9860	0.557776
0.9862	0.561229
0.9864	0.564703
0.9866	0.568200
0.9868	0.571719
0.9870	0.575260
0.9872	0.578823
0.9874	0.582407
0.9876	0.586014
0.9878	0.589642
0.9880	0.593291
0.9882	0.596962
0.9884	0.600655
0.9886	0.604368
0.9888	0.608102
0.9890	0.611857
0.9892	0.615633
0.9894	0.619428
0.9896	0.623245
0.9898	0.627081
0.9900	0.630936
0.9902	0.634811
0.9904	0.638706
0.9906	0.642619
0.9908	0.646551
0.9910	0.650501
0.9912	0.654469
0.9914	0.658455
0.9916	0.662458
0.9918	0.666478
0.9920	0.670515
0.9922	0.674567
0.9924	0.678636
0.9926	0.682719
0.9928	0.686818
0.9930	0.690930
0.9932	0.695057
0.9934	0.699196
0.9936	0.703349
0.9938	0.707513
0.9940	0.711690
0.9942	0.715877
0.9944	0.720074
0.9946	0.724281
0.9948	0.728498
0.9950	0.732722
0.9952	0.736955
0.9954	0.741194
0.9956	0.745439
0.9958	0.749690
0.9960	0.753945
0.9962	0.758204
0.9964	0.762466
0.9966	0.766730
0.9968	0.770995
0.9970	0.775260
0.9972	0.779524
0.9974	0.783787
0.9976	0.788046
0.9978	0.792302
0.9980	0.796554
0.9982	0.800799
0.9984	0.805037
0.9986	0.809267
0.9988	0.813488
0.9990	0.817699
0.9992	0.821897
0.9994	0.826083
0.9996	0.830255
0.9998	0.834411
1.0000	0.838551
1.0002	0.842673
1.0004	0.846775
1.0006	0.850856
1.0008	0.854916
1.0010	0.858952
1.0012	0.862963
1.0014	0.866947
1.0016	0.870904
1.0018	0.874832
1.0020	0.878728
1.0022	0.882592
1.0024	0.886423
1.0026	0.890218
1.0028	0.893975
1.0030	0.897695
1.0032	0.901374
1.0034	0.905011
1.0036	0.908605
1.0038	0.912154
1.0040	0.915656
1.0042	0.919110
1.0044	0.922513
1.0046	0.925866
1.0048	0.929164
1.0050	0.932408
1.0052	0.935596
1.0054	0.938725
1.0056	0.941795
1.0058	0.944802
1.0060	0.947747
1.0062	0.950627
1.0064	0.953441
1.0066	0.956186
1.0068	0.958862
1.0070	0.961467
1.0072	0.963999
1.0074	0.966457
1.0076	0.968839
1.0078	0.971144
1.0080	0.973370
1.0082	0.975516
1.0084	0.977581
1.0086	0.979562
1.0088	0.981459
1.0090	0.983271
1.0092	0.984996
1.0094	0.986632
1.0096	0.988179
1.0098	0.989636
1.0100	0.991001
1.0102	0.992274
1.0104	0.993452
1.0106	0.994536
1.0108	0.995525
1.0110	0.996417
1.0112	0.997211
1.0114	0.997908
1.0116	0.998505
1.0118	0.999004
1.0120	0.999402
1.0122	0.999699
1.0124	0.999896
1.0126	0.999990
1.0128	0.999984
1.0130	0.999874
1.0132	0.999663
1.0134	0.999348
1.0136	0.998932
1.0138	0.998412
1.0140	0.997789
1.0142	0.997064
1.0144	0.996237
1.0146	0.995307
1.0148	0.994274
1.0150	0.993141
1.0152	0.991906
1.0154	0.990570
1.0156	0.989133
1.0158	0.987597
1.0160	0.985962
1.0162	0.984228
1.0164	0.982397
1.0166	0.980468
1.0168	0.978444
1.0170	0.976325
1.0172	0.974112
1.0174	0.971806
1.0176	0.969408
1.0178	0.966919
1.0180	0.964340
1.0182	0.961673
1.0184	0.958919
1.0186	0.956080
1.0188	0.953156
1.0190	0.950149
1.0192	0.947060
1.0194	0.943892
1.0196	0.940645
1.0198	0.937321
1.0200	0.933922
1.0202	0.930449
1.0204	0.926904
1.0206	0.923288
1.0208	0.919604
1.0210	0.915853
1.0212	0.912036
1.0214	0.908156
1.0216	0.904214
1.0218	0.900211
1.0220	0.896151
1.0222	0.892034
1.0224	0.887862
1.0226	0.883638
1.0228	0.879362
1.0230	0.875037
1.0232	0.870665
1.0234	0.866246
1.0236	0.861784
1.0238	0.857280
1.0240	0.852736
1.0242	0.848153
1.0244	0.843534
1.0246	0.838879
1.0248	0.834191
1.0250	0.829472
1.0252	0.824723
1.0254	0.819946
1.0256	0.815143
1.0258	0.810315
1.0260	0.805464
1.0262	0.800591
1.0264	0.795699
1.0266	0.790788
1.0268	0.785861
1.0270	0.780919
1.0272	0.775963
1.0274	0.770995
1.0276	0.766016
1.0278	0.761028
1.0280	0.756032
1.0282	0.751030
1.0284	0.746023
1.0286	0.741012
1.0288	0.735999
1.0290	0.730984
1.0292	0.725970
1.0294	0.720957
1.0296	0.715946
1.0298	0.710939
1.0300	0.705937
1.0302	0.700940
1.0304	0.695951
1.0306	0.690969
1.0308	0.685996
1.0310	0.681034
1.0312	0.676082
1.0314	0.671142
1.0316	0.666215
1.0318	0.661301
1.0320	0.656402
1.0322	0.651518
1.0324	0.646650
1.0326	0.641799
1.0328	0.636965
1.0330	0.632150
1.0332	0.627353
1.0334	0.622576
1.0336	0.617819
1.0338	0.613083
1.0340	0.608368
1.0342	0.603675
1.0344	0.599004
1.0346	0.594357
1.0348	0.589732
1.0350	0.585132
1.0352	0.580556
1.0354	0.576004
1.0356	0.571478
1.0358	0.566977
1.0360	0.562502
1.0362	0.558053
1.0364	0.553631
1.0366	0.549235
1.0368	0.544867
1.0370	0.540526
1.0372	0.536212
1.0374	0.531926
1.0376	0.527668
1.0378	0.523438
1.0380	0.519237
1.0382	0.515064
1.0384	0.510920
1.0386	0.506805
1.0388	0.502718
1.0390	0.498661
1.0392	0.494632
1.0394	0.490633
1.0396	0.486663
1.0398	0.482723
1.0400	0.478811
1.0402	0.474929
1.0404	0.471077
1.0406	0.467254
1.0408	0.463460
1.0410	0.459696
1.0412	0.455962
1.0414	0.452256
1.0416	0.448580
1.0418	0.444933
1.0420	0.441316
1.0422	0.437728
1.0424	0.434168
1.0426	0.430638
1.0428	0.427137
1.0430	0.423665
1.0432	0.420221
1.0434	0.416806
1.0436	0.413420
1.0438	0.410062
1.0440	0.406733
1.0442	0.403432
1.0444	0.400159
1.0446	0.396914
1.0448	0.393696
1.0450	0.390507
1.0452	0.387345
1.0454	0.384210
1.0456	0.381103
1.0458	0.378023
1.0460	0.374969
1.0462	0.371943
1.0464	0.368943
1.0466	0.365970
1.0468	0.363023
1.0470	0.360102
1.0472	0.357207
1.0474	0.354338
1.0476	0.351495
1.0478	0.348677
1.0480	0.345884
1.0482	0.343116
1.0484	0.340374
1.0486	0.337656
1.0488	0.334962
1.0490	0.332293
1.0492	0.329648
1.0494	0.327027
1.0496	0.324430
1.0498	0.321857
1.0500	0.319307
1.0502	0.316780
1.0504	0.314276
1.0506	0.311795
1.0508	0.309337
1.0510	0.306901
1.0512	0.304488
1.0514	0.302097
1.0516	0.299727
1.0518	0.297380
1.0520	0.295054
1.0522	0.292749
1.0524	0.290466
1.0526	0.288203
1.0528	0.285961
1.0530	0.283740
1.0532	0.281540
1.0534	0.279360
1.0536	0.277199
1.0538	0.275059
1.0540	0.272938
1.0542	0.270837
1.0544	0.268756
1.0546	0.266693
1.0548	0.264650
1.0550	0.262625
1.0552	0.260619
1.0554	0.258631
1.0556	0.256662
1.0558	0.254711
1.0560	0.252778
1.0562	0.250862
1.0564	0.248964
1.0566	0.247084
1.0568	0.245221
1.0570	0.243375
1.0572	0.241546
1.0574	0.239734
1.0576	0.237938
1.0578	0.236159
1.0580	0.234396
1.0582	0.232650
1.0584	0.230919
1.0586	0.229204
1.0588	0.227505
1.0590	0.225821
1.0592	0.224153
1.0594	0.222500
1.0596	0.220862
1.0598	0.219238
1.0600	0.217630
1.0602	0.216036
1.0604	0.214457
1.0606	0.212892
1.0608	0.211341
1.0610	0.209805
1.0612	0.208282
1.0614	0.206773
1.0616	0.205277
1.0618	0.203796
1.0620	0.202327
1.0622	0.200872
1.0624	0.199429
1.0626	0.198000
1.0628	0.196584
1.0630	0.195180
1.0632	0.193789
1.0634	0.192410
1.0636	0.191044
1.0638	0.189689
1.0640	0.188347
1.0642	0.187017
1.0644	0.185699
1.0646	0.184392
1.0648	0.183097
1.0650	0.181814
1.0652	0.180541
1.0654	0.179281
1.0656	0.178031
1.0658	0.176792
1.0660	0.175564
1.0662	0.174347
1.0664	0.173141
1.0666	0.171945
1.0668	0.170760
1.0670	0.169585
1.0672	0.168420
1.0674	0.167265
1.0676	0.166121
1.0678	0.164986
1.0680	0.163862
1.0682	0.162747
1.0684	0.161642
1.0686	0.160546
1.0688	0.159460
1.0690	0.158383
1.0692	0.157316
1.0694	0.156257
1.0696	0.155208
1.0698	0.154168
1.0700	0.153136
1.0702	0.152114
1.0704	0.151100
1.0706	0.150095
1.0708	0.149098
1.0710	0.148110
1.0712	0.147131
1.0714	0.146159
1.0716	0.145196
1.0718	0.144241
1.0720	0.143294
1.0722	0.142355
1.0724	0.141424
1.0726	0.140501
1.0728	0.139585
1.0730	0.138678
1.0732	0.137777
1.0734	0.136885
1.0736	0.135999
1.0738	0.135121
1.0740	0.134251
1.0742	0.133387
1.0744	0.132531
1.0746	0.131682
1.0748	0.130840
1.0750	0.130005
1.0752	0.129176
1.0754	0.128355
1.0756	0.127540
1.0758	0.126732
1.0760	0.125931
1.0762	0.125136
1.0764	0.124347
1.0766	0.123565
1.0768	0.122790
1.0770	0.122020
1.0772	0.121257
1.0774	0.120500
1.0776	0.119749
1.0778	0.119005
1.0780	0.118266
1.0782	0.117533
1.0784	0.116806
1.0786	0.116085
1.0788	0.115369
1.0790	0.114660
1.0792	0.113956
1.0794	0.113257
1.0796	0.112564
1.0798	0.111877
1.0800	0.111195
1.0802	0.110519
1.0804	0.109847
1.0806	0.109182
1.0808	0.108521
1.0810	0.107865
1.0812	0.107215
1.0814	0.106570
1.0816	0.105930
1.0818	0.105295
1.0820	0.104664
1.0822	0.104039
1.0824	0.103419
1.0826	0.102803
1.0828	0.102192
1.0830	0.101586
1.0832	0.100984
1.0834	0.100387
1.0836	0.099795
1.0838	0.099207
1.0840	0.098624
1.0842	0.098045
1.0844	0.097471
1.0846	0.096901
1.0848	0.096335
1.0850	0.095774
1.0852	0.095217
1.0854	0.094664
1.0856	0.094115
1.0858	0.093571
1.0860	0.093030
1.0862	0.092494
1.0864	0.091962
1.0866	0.091433
1.0868	0.090909
1.0870	0.090389
1.0872	0.089872
1.0874	0.089359
1.0876	0.088850
1.0878	0.088345
1.0880	0.087844
1.0882	0.087346
1.0884	0.086852
1.0886	0.086362
1.0888	0.085875
1.0890	0.085392
1.0892	0.084912
1.0894	0.084436
1.0896	0.083963
1.0898	0.083494
1.0900	0.083029
1.0902	0.082566
1.0904	0.082107
1.0906	0.081652
1.0908	0.081199
1.0910	0.080750
1.0912	0.080304
1.0914	0.079862
1.0916	0.079422
1.0918	0.078986
1.0920	0.078553
1.0922	0.078123
1.0924	0.077696
1.0926	0.077272
1.0928	0.076851
1.0930	0.076433
1.0932	0.076018
1.0934	0.075606
1.0936	0.075197
1.0938	0.074790
1.0940	0.074387
1.0942	0.073987
1.0944	0.073589
1.0946	0.073194
1.0948	0.072802
1.0950	0.072413
1.0952	0.072026
1.0954	0.071642
1.0956	0.071261
1.0958	0.070882
1.0960	0.070506
1.0962	0.070133
1.0964	0.069762
1.0966	0.069394
1.0968	0.069028
1.0970	0.068665
1.0972	0.068304
1.0974	0.067946
1.0976	0.067590
1.0978	0.067237
1.0980	0.066886
1.0982	0.066537
1.0984	0.066191
1.0986	0.065847
1.0988	0.065506
1.0990	0.065167
1.0992	0.064830
1.0994	0.064495
1.0996	0.064163
1.0998	0.063833
1.1000	0.063505
1.1002	0.063179
1.1004	0.062856
1.1006	0.062534
1.1008	0.062215
1.1010	0.061898
1.1012	0.061583
1.1014	0.061270
1.1016	0.060960
1.1018	0.060651
1.1020	0.060344
1.1022	0.060040
1.1024	0.059737
1.1026	0.059436
1.1028	0.059138
1.1030	0.058841
1.1032	0.058546
1.1034	0.058254
1.1036	0.057963
1.1038	0.057674
1.1040	0.057387
1.1042	0.057101
1.1044	0.056818
1.1046	0.056536
1.1048	0.056257
1.1050	0.055979
1.1052	0.055703
1.1054	0.055428
1.1056	0.055156
1.1058	0.054885
1.1060	0.054616
1.1062	0.054348
1.1064	0.054083
1.1066	0.053819
1.1068	0.053556
1.1070	0.053296
1.1072	0.053037
1.1074	0.052780
1.1076	0.052524
1.1078	0.052270
1.1080	0.052017
1.1082	0.051766
1.1084	0.051517
1.1086	0.051269
1.1088	0.051023
1.1090	0.050779
1.1092	0.050536
1.1094	0.050294
1.1096	0.050054
1.1098	0.049815
1.1100	0.049578
1.1102	0.049343
1.1104	0.049109
1.1106	0.048876
1.1108	0.048645
1.1110	0.048415
1.1112	0.048186
1.1114	0.047959
1.1116	0.047734
1.1118	0.047509
1.1120	0.047287
1.1122	0.047065
1.1124	0.046845
1.1126	0.046626
1.1128	0.046409
1.1130	0.046193
1.1132	0.045978
1.1134	0.045764
1.1136	0.045552
1.1138	0.045341
1.1140	0.045131
1.1142	0.044923
1.1144	0.044716
1.1146	0.044510
1.1148	0.044305
1.1150	0.044102
1.1152	0.043900
1.1154	0.043699
1.1156	0.043499
1.1158	0.043300
1.1160	0.043103
1.1162	0.042907
1.1164	0.042712
1.1166	0.042518
1.1168	0.042325
1.1170	0.042133
1.1172	0.041943
1.1174	0.041753
1.1176	0.041565
1.1178	0.041378
1.1180	0.041192
1.1182	0.041007
1.1184	0.040823
1.1186	0.040640
1.1188	0.040458
1.1190	0.040278
1.1192	0.040098
1.1194	0.039919
1.1196	0.039742
1.1198	0.039565
1.1200	0.039390
1.1202	0.039215
1.1204	0.039042
1.1206	0.038869
1.1208	0.038698
1.1210	0.038527
1.1212	0.038358
1.1214	0.038189
1.1216	0.038021
1.1218	0.037855
1.1220	0.037689
1.1222	0.037524
1.1224	0.037360
1.1226	0.037198
1.1228	0.037036
1.1230	0.036875
1.1232	0.036714
1.1234	0.036555
1.1236	0.036397
1.1238	0.036239
1.1240	0.036083
1.1242	0.035927
1.1244	0.035772
1.1246	0.035618
1.1248	0.035465
1.1250	0.035313
1.1252	0.035162
1.1254	0.035011
1.1256	0.034862
1.1258	0.034713
1.1260	0.034565
1.1262	0.034417
1.1264	0.034271
1.1266	0.034126
1.1268	0.033981
1.1270	0.033837
1.1272	0.033694
1.1274	0.033551
1.1276	0.033410
1.1278	0.033269
1.1280	0.033129
1.1282	0.032989
1.1284	0.032851
1.1286	0.032713
1.1288	0.032576
1.1290	0.032440
1.1292	0.032304
1.1294	0.032169
1.1296	0.032035
1.1298	0.031902
1.1300	0.031769
1.1302	0.031637
1.1304	0.031506
1.1306	0.031376
1.1308	0.031246
1.1310	0.031117
1.1312	0.030988
1.1314	0.030860
1.1316	0.030733
1.1318	0.030607
1.1320	0.030481
1.1322	0.030356
1.1324	0.030232
1.1326	0.030108
1.1328	0.029985
1.1330	0.029863
1.1332	0.029741
1.1334	0.029620
1.1336	0.029500
1.1338	0.029380
1.1340	0.029261
1.1342	0.029142
1.1344	0.029024
1.1346	0.028907
1.1348	0.028790
1.1350	0.028674
1.1352	0.028558
1.1354	0.028443
1.1356	0.028329
1.1358	0.028215
1.1360	0.028102
1.1362	0.027990
1.1364	0.027878
1.1366	0.027767
1.1368	0.027656
1.1370	0.027546
1.1372	0.027436
1.1374	0.027327
1.1376	0.027218
1.1378	0.027110
1.1380	0.027003
1.1382	0.026896
1.1384	0.026790
1.1386	0.026684
1.1388	0.026579
1.1390	0.026474
1.1392	0.026370
1.1394	0.026266
1.1396	0.026163
1.1398	0.026061
1.1400	0.025959
1.1402	0.025857
1.1404	0.025756
1.1406	0.025655
1.1408	0.025555
1.1410	0.025456
1.1412	0.025357
1.1414	0.025258
1.1416	0.025160
1.1418	0.025063
1.1420	0.024966
1.1422	0.024869
1.1424	0.024773
1.1426	0.024678
1.1428	0.024583
1.1430	0.024488
1.1432	0.024394
1.1434	0.024300
1.1436	0.024207
1.1438	0.024114
1.1440	0.024022
1.1442	0.023930
1.1444	0.023839
1.1446	0.023748
1.1448	0.023657
1.1450	0.023567
1.1452	0.023477
1.1454	0.023388
1.1456	0.023299
1.1458	0.023211
1.1460	0.023123
1.1462	0.023036
1.1464	0.022949
1.1466	0.022862
1.1468	0.022776
1.1470	0.022690
1.1472	0.022605
1.1474	0.022520
1.1476	0.022435
1.1478	0.022351
1.1480	0.022268
1.1482	0.022184
1.1484	0.022101
1.1486	0.022019
1.1488	0.021937
1.1490	0.021855
1.1492	0.021774
1.1494	0.021693
1.1496	0.021612
1.1498	0.021532
1.1500	0.021452
1.1502	0.021373
1.1504	0.021294
1.1506	0.021215
1.1508	0.021137
1.1510	0.021059
1.1512	0.020982
1.1514	0.020905
1.1516	0.020828
1.1518	0.020751
1.1520	0.020675
1.1522	0.020600
1.1524	0.020524
1.1526	0.020449
1.1528	0.020375
1.1530	0.020300
1.1532	0.020226
1.1534	0.020153
1.1536	0.020080
1.1538	0.020007
1.1540	0.019934
1.1542	0.019862
1.1544	0.019790
1.1546	0.019718
1.1548	0.019647
1.1550	0.019576
1.1552	0.019506
1.1554	0.019435
1.1556	0.019366
1.1558	0.019296
1.1560	0.019227
1.1562	0.019158
1.1564	0.019089
1.1566	0.019021
1.1568	0.018953
1.1570	0.018885
1.1572	0.018818
1.1574	0.018751
1.1576	0.018684
1.1578	0.018617
1.1580	0.018551
1.1582	0.018485
1.1584	0.018420
1.1586	0.018354
1.1588	0.018289
1.1590	0.018225
1.1592	0.018160
1.1594	0.018096
1.1596	0.018033
1.1598	0.017969
1.1600	0.017906
1.1602	0.017843
1.1604	0.017780
1.1606	0.017718
1.1608	0.017656
1.1610	0.017594
1.1612	0.017532
1.1614	0.017471
1.1616	0.017410
1.1618	0.017349
1.1620	0.017289
1.1622	0.017229
1.1624	0.017169
1.1626	0.017109
1.1628	0.017050
1.1630	0.016991
1.1632	0.016932
1.1634	0.016873
1.1636	0.016815
1.1638	0.016757
1.1640	0.016699
1.1642	0.016642
1.1644	0.016584
1.1646	0.016527
1.1648	0.016470
1.1650	0.016414
1.1652	0.016358
1.1654	0.016302
1.1656	0.016246
1.1658	0.016190
1.1660	0.016135
1.1662	0.016080
1.1664	0.016025
1.1666	0.015970
1.1668	0.015916
1.1670	0.015862
1.1672	0.015808
1.1674	0.015754
1.1676	0.015701
1.1678	0.015648
1.1680	0.015595
1.1682	0.015542
1.1684	0.015489
1.1686	0.015437
1.1688	0.015385
1.1690	0.015333
1.1692	0.015282
1.1694	0.015230
1.1696	0.015179
1.1698	0.015128
1.1700	0.015077
1.1702	0.015027
1.1704	0.014977
1.1706	0.014927
1.1708	0.014877
1.1710	0.014827
1.1712	0.014778
1.1714	0.014728
1.1716	0.014679
1.1718	0.014630
1.1720	0.014582
1.1722	0.014533
1.1724	0.014485
1.1726	0.014437
1.1728	0.014389
1.1730	0.014342
1.1732	0.014294
1.1734	0.014247
1.1736	0.014200
1.1738	0.014153
1.1740	0.014107
1.1742	0.014060
1.1744	0.014014
1.1746	0.013968
1.1748	0.013922
1.1750	0.013877
1.1752	0.013831
1.1754	0.013786
1.1756	0.013741
1.1758	0.013696
1.1760	0.013651
1.1762	0.013607
1.1764	0.013563
1.1766	0.013518
1.1768	0.013475
1.1770	0.013431
1.1772	0.013387
1.1774	0.013344
1.1776	0.013300
1.1778	0.013257
1.1780	0.013215
1.1782	0.013172
1.1784	0.013129
1.1786	0.013087
1.1788	0.013045
1.1790	0.013003
1.1792	0.012961
1.1794	0.012919
1.1796	0.012878
1.1798	0.012836
1.1800	0.012795
1.1802	0.012754
1.1804	0.012714
1.1806	0.012673
1.1808	0.012632
1.1810	0.012592
1.1812	0.012552
1.1814	0.012512
1.1816	0.012472
1.1818	0.012432
1.1820	0.012393
1.1822	0.012353
1.1824	0.012314
1.1826	0.012275
1.1828	0.012236
1.1830	0.012198
1.1832	0.012159
1.1834	0.012121
1.1836	0.012082
1.1838	0.012044
1.1840	0.012006
1.1842	0.011968
1.1844	0.011931
1.1846	0.011893
1.1848	0.011856
1.1850	0.011819
1.1852	0.011782
1.1854	0.011745
1.1856	0.011708
1.1858	0.011671
1.1860	0.011635
1.1862	0.011599
1.1864	0.011562
1.1866	0.011526
1.1868	0.011490
1.1870	0.011455
1.1872	0.011419
1.1874	0.011384
1.1876	0.011348
1.1878	0.011313
1.1880	0.011278
1.1882	0.011243
1.1884	0.011208
1.1886	0.011174
1.1888	0.011139
1.1890	0.011105
1.1892	0.011070
1.1894	0.011036
1.1896	0.011002
1.1898	0.010968
1.1900	0.010935
1.1902	0.010901
1.1904	0.010868
1.1906	0.010834
1.1908	0.010801
1.1910	0.010768
1.1912	0.010735
1.1914	0.010702
1.1916	0.010670
1.1918	0.010637
1.1920	0.010605
1.1922	0.010572
1.1924	0.010540
1.1926	0.010508
1.1928	0.010476
1.1930	0.010444
1.1932	0.010413
1.1934	0.010381
1.1936	0.010350
1.1938	0.010318
1.1940	0.010287
1.1942	0.010256
1.1944	0.010225
1.1946	0.010194
1.1948	0.010163
1.1950	0.010133
1.1952	0.010102
1.1954	0.010072
1.1956	0.010042
1.1958	0.010011
1.1960	0.009981
1.1962	0.009951
1.1964	0.009922
1.1966	0.009892
1.1968	0.009862
1.1970	0.009833
1.1972	0.009803
1.1974	0.009774
1.1976	0.009745
1.1978	0.009716
1.1980	0.009687
1.1982	0.009658
1.1984	0.009630
1.1986	0.009601
1.1988	0.009572
1.1990	0.009544
1.1992	0.009516
1.1994	0.009488
1.1996	0.009459
1.1998	0.009431
1.2000	0.009404
1.2002	0.009376
1.2004	0.009348
1.2006	0.009321
1.2008	0.009293
1.2010	0.009266
1.2012	0.009239
1.2014	0.009211
1.2016	0.009184
1.2018	0.009157
1.2020	0.009130
1.2022	0.009104
1.2024	0.009077
1.2026	0.009050
1.2028	0.009024
1.2030	0.008998
1.2032	0.008971
1.2034	0.008945
1.2036	0.008919
1.2038	0.008893
1.2040	0.008867
1.2042	0.008841
1.2044	0.008816
1.2046	0.008790
1.2048	0.008765
1.2050	0.008739
1.2052	0.008714
1.2054	0.008689
1.2056	0.008664
1.2058	0.008638
1.2060	0.008614
1.2062	0.008589
1.2064	0.008564
1.2066	0.008539
1.2068	0.008515
1.2070	0.008490
1.2072	0.008466
1.2074	0.008441
1.2076	0.008417
1.2078	0.008393
1.2080	0.008369
1.2082	0.008345
1.2084	0.008321
1.2086	0.008297
1.2088	0.008273
1.2090	0.008250
1.2092	0.008226
1.2094	0.008203
1.2096	0.008179
1.2098	0.008156
1.2100	0.008133
1.2102	0.008110
1.2104	0.008087
1.2106	0.008064
1.2108	0.008041
1.2110	0.008018
1.2112	0.007995
1.2114	0.007973
1.2116	0.007950
1.2118	0.007927
1.2120	0.007905
1.2122	0.007883
1.2124	0.007860
1.2126	0.007838
1.2128	0.007816
1.2130	0.007794
1.2132	0.007772
1.2134	0.007750
1.2136	0.007729
1.2138	0.007707
1.2140	0.007685
1.2142	0.007664
1.2144	0.007642
1.2146	0.007621
1.2148	0.007599
1.2150	0.007578
1.2152	0.007557
1.2154	0.007536
1.2156	0.007515
1.2158	0.007494
1.2160	0.007473
1.2162	0.007452
1.2164	0.007431
1.2166	0.007411
1.2168	0.007390
1.2170	0.007370
1.2172	0.007349
1.2174	0.007329
1.2176	0.007308
1.2178	0.007288
1.2180	0.007268
1.2182	0.007248
1.2184	0.007228
1.2186	0.007208
1.2188	0.007188
1.2190	0.007168
1.2192	0.007148
1.2194	0.007129
1.2196	0.007109
1.2198	0.007090
1.2200	0.007070
1.2202	0.007051
1.2204	0.007031
1.2206	0.007012
1.2208	0.006993
1.2210	0.006974
1.2212	0.006954
1.2214	0.006935
1.2216	0.006916
1.2218	0.006898
1.2220	0.006879
1.2222	0.006860
1.2224	0.006841
1.2226	0.006823
1.2228	0.006804
1.2230	0.006786
1.2232	0.006767
1.2234	0.006749
1.2236	0.006730
1.2238	0.006712
1.2240	0.006694
1.2242	0.006676
1.2244	0.006658
1.2246	0.006640
1.2248	0.006622
1.2250	0.006604
1.2252	0.006586
1.2254	0.006568
1.2256	0.006550
1.2258	0.006533
1.2260	0.006515
1.2262	0.006498
1.2264	0.006480
1.2266	0.006463
1.2268	0.006445
1.2270	0.006428
1.2272	0.006411
1.2274	0.006393
1.2276	0.006376
1.2278	0.006359
1.2280	0.006342
1.2282	0.006325
1.2284	0.006308
1.2286	0.006292
1.2288	0.006275
1.2290	0.006258
1.2292	0.006241
1.2294	0.006225
1.2296	0.006208
1.2298	0.006192
1.2300	0.006175
1.2302	0.006159
1.2304	0.006142
1.2306	0.006126
1.2308	0.006110
1.2310	0.006094
1.2312	0.006077
1.2314	0.006061
1.2316	0.006045
1.2318	0.006029
1.2320	0.006013
1.2322	0.005997
1.2324	0.005982
1.2326	0.005966
1.2328	0.005950
1.2330	0.005934
1.2332	0.005919
1.2334	0.005903
1.2336	0.005888
1.2338	0.005872
1.2340	0.005857
1.2342	0.005841
1.2344	0.005826
1.2346	0.005811
1.2348	0.005796
1.2350	0.005780
1.2352	0.005765
1.2354	0.005750
1.2356	0.005735
1.2358	0.005720
1.2360	0.005705
1.2362	0.005690
1.2364	0.005676
1.2366	0.005661
1.2368	0.005646
1.2370	0.005631
1.2372	0.005617
1.2374	0.005602
1.2376	0.005588
1.2378	0.005573
1.2380	0.005559
1.2382	0.005544
1.2384	0.005530
1.2386	0.005515
1.2388	0.005501
1.2390	0.005487
1.2392	0.005473
1.2394	0.005459
1.2396	0.005445
1.2398	0.005431
1.2400	0.005417
1.2402	0.005403
1.2404	0.005389
1.2406	0.005375
1.2408	0.005361
1.2410	0.005347
1.2412	0.005333
1.2414	0.005320
1.2416	0.005306
1.2418	0.005292
1.2420	0.005279
1.2422	0.005265
1.2424	0.005252
1.2426	0.005238
1.2428	0.005225
1.2430	0.005212
1.2432	0.005198
1.2434	0.005185
1.2436	0.005172
1.2438	0.005159
1.2440	0.005146
1.2442	0.005133
1.2444	0.005119
1.2446	0.005106
1.2448	0.005093
1.2450	0.005081
1.2452	0.005068
1.2454	0.005055
1.2456	0.005042
1.2458	0.005029
1.2460	0.005016
1.2462	0.005004
1.2464	0.004991
1.2466	0.004978
1.2468	0.004966
1.2470	0.004953
1.2472	0.004941
1.2474	0.004928
1.2476	0.004916
1.2478	0.004904
1.2480	0.004891
1.2482	0.004879
1.2484	0.004867
1.2486	0.004854
1.2488	0.004842
1.2490	0.004830
1.2492	0.004818
1.2494	0.004806
1.2496	0.004794
1.2498	0.004782
1.2500	0.004770
1.2502	0.004758
1.2504	0.004746
1.2506	0.004734
1.2508	0.004722
1.2510	0.004711
1.2512	0.004699
1.2514	0.004687
1.2516	0.004675
1.2518	0.004664
1.2520	0.004652
1.2522	0.004641
1.2524	0.004629
1.2526	0.004618
1.2528	0.004606
1.2530	0.004595
1.2532	0.004583
1.2534	0.004572
1.2536	0.004561
1.2538	0.004549
1.2540	0.004538
1.2542	0.004527
1.2544	0.004516
1.2546	0.004504
1.2548	0.004493
1.2550	0.004482
1.2552	0.004471
1.2554	0.004460
1.2556	0.004449
1.2558	0.004438
1.2560	0.004427
1.2562	0.004416
1.2564	0.004406
1.2566	0.004395
1.2568	0.004384
1.2570	0.004373
1.2572	0.004362
1.2574	0.004352
1.2576	0.004341
1.2578	0.004330
1.2580	0.004320
1.2582	0.004309
1.2584	0.004299
1.2586	0.004288
1.2588	0.004278
1.2590	0.004267
1.2592	0.004257
1.2594	0.004247
1.2596	0.004236
1.2598	0.004226
1.2600	0.004216
1.2602	0.004205
1.2604	0.004195
1.2606	0.004185
1.2608	0.004175
1.2610	0.004165
1.2612	0.004155
1.2614	0.004145
1.2616	0.004134
1.2618	0.004124
1.2620	0.004114
1.2622	0.004105
1.2624	0.004095
1.2626	0.004085
1.2628	0.004075
1.2630	0.004065
1.2632	0.004055
1.2634	0.004045
1.2636	0.004036
1.2638	0.004026
1.2640	0.004016
1.2642	0.004007
1.2644	0.003997
1.2646	0.003987
1.2648	0.003978
1.2650	0.003968
1.2652	0.003959
1.2654	0.003949
1.2656	0.003940
1.2658	0.003930
1.2660	0.003921
1.2662	0.003911
1.2664	0.003902
1.2666	0.003893
1.2668	0.003883
1.2670	0.003874
1.2672	0.003865
1.2674	0.003856
1.2676	0.003847
1.2678	0.003837
1.2680	0.003828
1.2682	0.003819
1.2684	0.003810
1.2686	0.003801
1.2688	0.003792
1.2690	0.003783
1.2692	0.003774
1.2694	0.003765
1.2696	0.003756
1.2698	0.003747
1.2700	0.003738
1.2702	0.003729
1.2704	0.003721
1.2706	0.003712
1.2708	0.003703
1.2710	0.003694
1.2712	0.003686
1.2714	0.003677
1.2716	0.003668
1.2718	0.003660
1.2720	0.003651
1.2722	0.003642
1.2724	0.003634
1.2726	0.003625
1.2728	0.003617
1.2730	0.003608
1.2732	0.003600
1.2734	0.003591
1.2736	0.003583
1.2738	0.003574
1.2740	0.003566
1.2742	0.003558
1.2744	0.003549
1.2746	0.003541
1.2748	0.003533
1.2750	0.003524
1.2752	0.003516
1.2754	0.003508
1.2756	0.003500
1.2758	0.003492
1.2760	0.003483
1.2762	0.003475
1.2764	0.003467
1.2766	0.003459
1.2768	0.003451
1.2770	0.003443
1.2772	0.003435
1.2774	0.003427
1.2776	0.003419
1.2778	0.003411
1.2780	0.003403
1.2782	0.003395
1.2784	0.003387
1.2786	0.003380
1.2788	0.003372
1.2790	0.003364
1.2792	0.003356
1.2794	0.003348
1.2796	0.003341
1.2798	0.003333
1.2800	0.003325
1.2802	0.003318
1.2804	0.003310
1.2806	0.003302
1.2808	0.003295
1.2810	0.003287
1.2812	0.003279
1.2814	0.003272
1.2816	0.003264
1.2818	0.003257
1.2820	0.003249
1.2822	0.003242
1.2824	0.003234
1.2826	0.003227
1.2828	0.003220
1.2830	0.003212
1.2832	0.003205
1.2834	0.003198
1.2836	0.003190
1.2838	0.003183
1.2840	0.003176
1.2842	0.003168
1.2844	0.003161
1.2846	0.003154
1.2848	0.003147
1.2850	0.003140
1.2852	0.003132
1.2854	0.003125
1.2856	0.003118
1.2858	0.003111
1.2860	0.003104
1.2862	0.003097
1.2864	0.003090
1.2866	0.003083
1.2868	0.003076
1.2870	0.003069
1.2872	0.003062
1.2874	0.003055
1.2876	0.003048
1.2878	0.003041
1.2880	0.003034
1.2882	0.003027
1.2884	0.003020
1.2886	0.003014
1.2888	0.003007
1.2890	0.003000
1.2892	0.002993
1.2894	0.002986
1.2896	0.002980
1.2898	0.002973
1.2900	0.002966
1.2902	0.002960
1.2904	0.002953
1.2906	0.002946
1.2908	0.002940
1.2910	0.002933
1.2912	0.002926
1.2914	0.002920
1.2916	0.002913
1.2918	0.002907
1.2920	0.002900
1.2922	0.002894
1.2924	0.002887
1.2926	0.002881
1.2928	0.002874
1.2930	0.002868
1.2932	0.002861
1.2934	0.002855
1.2936	0.002849
1.2938	0.002842
1.2940	0.002836
1.2942	0.002830
1.2944	0.002823
1.2946	0.002817
1.2948	0.002811
1.2950	0.002804
1.2952	0.002798
1.2954	0.002792
1.2956	0.002786
1.2958	0.002780
1.2960	0.002773
1.2962	0.002767
1.2964	0.002761
1.2966	0.002755
1.2968	0.002749
1.2970	0.002743
1.2972	0.002737
1.2974	0.002731
1.2976	0.002724
1.2978	0.002718
1.2980	0.002712
1.2982	0.002706
1.2984	0.002700
1.2986	0.002694
1.2988	0.002689
1.2990	0.002683
1.2992	0.002677
1.2994	0.002671
1.2996	0.002665
1.2998	0.002659
1.3000	0.002653
1.3002	0.002647
1.3004	0.002641
1.3006	0.002636
1.3008	0.002630
1.3010	0.002624
1.3012	0.002618
1.3014	0.002613
1.3016	0.002607
1.3018	0.002601
1.3020	0.002595
1.3022	0.002590
1.3024	0.002584
1.3026	0.002578
1.3028	0.002573
1.3030	0.002567
1.3032	0.002561
1.3034	0.002556
1.3036	0.002550
1.3038	0.002545
1.3040	0.002539
1.3042	0.002534
1.3044	0.002528
1.3046	0.002523
1.3048	0.002517
1.3050	0.002512
1.3052	0.002506
1.3054	0.002501
1.3056	0.002495
1.3058	0.002490
1.3060	0.002484
1.3062	0.002479
1.3064	0.002474
1.3066	0.002468
1.3068	0.002463
1.3070	0.002457
1.3072	0.002452
1.3074	0.002447
1.3076	0.002441
1.3078	0.002436
1.3080	0.002431
1.3082	0.002426
1.3084	0.002420
1.3086	0.002415
1.3088	0.002410
1.3090	0.002405
1.3092	0.002400
1.3094	0.002394
1.3096	0.002389
1.3098	0.002384
1.3100	0.002379
1.3102	0.002374
1.3104	0.002369
1.3106	0.002364
1.3108	0.002358
1.3110	0.002353
1.3112	0.002348
1.3114	0.002343
1.3116	0.002338
1.3118	0.002333
1.3120	0.002328
1.3122	0.002323
1.3124	0.002318
1.3126	0.002313
1.3128	0.002308
1.3130	0.002303
1.3132	0.002298
1.3134	0.002294
1.3136	0.002289
1.3138	0.002284
1.3140	0.002279
1.3142	0.002274
1.3144	0.002269
1.3146	0.002264
1.3148	0.002259
1.3150	0.002255
1.3152	0.002250
1.3154	0.002245
1.3156	0.002240
1.3158	0.002235
1.3160	0.002231
1.3162	0.002226
1.3164	0.002221
1.3166	0.002216
1.3168	0.002212
1.3170	0.002207
1.3172	0.002202
1.3174	0.002198
1.3176	0.002193
1.3178	0.002188
1.3180	0.002184
1.3182	0.002179
1.3184	0.002174
1.3186	0.002170
1.3188	0.002165
1.3190	0.002161
1.3192	0.002156
1.3194	0.002152
1.3196	0.002147
1.3198	0.002142
1.3200	0.002138
1.3202	0.002133
1.3204	0.002129
1.3206	0.002124
1.3208	0.002120
1.3210	0.002116
1.3212	0.002111
1.3214	0.002107
1.3216	0.002102
1.3218	0.002098
1.3220	0.002093
1.3222	0.002089
1.3224	0.002085
1.3226	0.002080
1.3228	0.002076
1.3230	0.002071
1.3232	0.002067
1.3234	0.002063
1.3236	0.002058
1.3238	0.002054
1.3240	0.002050
1.3242	0.002046
1.3244	0.002041
1.3246	0.002037
1.3248	0.002033
1.3250	0.002028
1.3252	0.002024
1.3254	0.002020
1.3256	0.002016
1.3258	0.002012
1.3260	0.002007
1.3262	0.002003
1.3264	0.001999
1.3266	0.001995
1.3268	0.001991
1.3270	0.001987
1.3272	0.001982
1.3274	0.001978
1.3276	0.001974
1.3278	0.001970
1.3280	0.001966
1.3282	0.001962
1.3284	0.001958
1.3286	0.001954
1.3288	0.001950
1.3290	0.001946
1.3292	0.001942
1.3294	0.001938
1.3296	0.001934
1.3298	0.001930
1.3300	0.001926
1.3302	0.001922
1.3304	0.001918
1.3306	0.001914
1.3308	0.001910
1.3310	0.001906
1.3312	0.001902
1.3314	0.001898
1.3316	0.001894
1.3318	0.001890
1.3320	0.001886
1.3322	0.001882
1.3324	0.001878
1.3326	0.001875
1.3328	0.001871
1.3330	0.001867
1.3332	0.001863
1.3334	0.001859
1.3336	0.001855
1.3338	0.001852
1.3340	0.001848
1.3342	0.001844
1.3344	0.001840
1.3346	0.001836
1.3348	0.001833
1.3350	0.001829
1.3352	0.001825
1.3354	0.001821
1.3356	0.001818
1.3358	0.001814
1.3360	0.001810
1.3362	0.001806
1.3364	0.001803
1.3366	0.001799
1.3368	0.001795
1.3370	0.001792
1.3372	0.001788
1.3374	0.001784
1.3376	0.001781
1.3378	0.001777
1.3380	0.001774
1.3382	0.001770
1.3384	0.001766
1.3386	0.001763
1.3388	0.001759
1.3390	0.001756
1.3392	0.001752
1.3394	0.001748
1.3396	0.001745
1.3398	0.001741
1.3400	0.001738
1.3402	0.001734
1.3404	0.001731
1.3406	0.001727
1.3408	0.001724
1.3410	0.001720
1.3412	0.001717
1.3414	0.001713
1.3416	0.001710
1.3418	0.001706
1.3420	0.001703
1.3422	0.001699
1.3424	0.001696
1.3426	0.001693
1.3428	0.001689
1.3430	0.001686
1.3432	0.001682
1.3434	0.001679
1.3436	0.001676
1.3438	0.001672
1.3440	0.001669
1.3442	0.001665
1.3444	0.001662
1.3446	0.001659
1.3448	0.001655
1.3450	0.001652
1.3452	0.001649
1.3454	0.001645
1.3456	0.001642
1.3458	0.001639
1.3460	0.001635
1.3462	0.001632
1.3464	0.001629
1.3466	0.001626
1.3468	0.001622
1.3470	0.001619
1.3472	0.001616
1.3474	0.001613
1.3476	0.001609
1.3478	0.001606
1.3480	0.001603
1.3482	0.001600
1.3484	0.001597
1.3486	0.001593
1.3488	0.001590
1.3490	0.001587
1.3492	0.001584
1.3494	0.001581
1.3496	0.001578
1.3498	0.001574
1.3500	0.001571
1.3502	0.001568
1.3504	0.001565
1.3506	0.001562
1.3508	0.001559
1.3510	0.001556
1.3512	0.001553
1.3514	0.001549
1.3516	0.001546
1.3518	0.001543
1.3520	0.001540
1.3522	0.001537
1.3524	0.001534
1.3526	0.001531
1.3528	0.001528
1.3530	0.001525
1.3532	0.001522
1.3534	0.001519
1.3536	0.001516
1.3538	0.001513
1.3540	0.001510
1.3542	0.001507
1.3544	0.001504
1.3546	0.001501
1.3548	0.001498
1.3550	0.001495
1.3552	0.001492
1.3554	0.001489
1.3556	0.001486
1.3558	0.001483
1.3560	0.001480
1.3562	0.001477
1.3564	0.001475
1.3566	0.001472
1.3568	0.001469
1.3570	0.001466
1.3572	0.001463
1.3574	0.001460
1.3576	0.001457
1.3578	0.001454
1.3580	0.001451
1.3582	0.001449
1.3584	0.001446
1.3586	0.001443
1.3588	0.001440
1.3590	0.001437
1.3592	0.001434
1.3594	0.001432
1.3596	0.001429
1.3598	0.001426
1.3600	0.001423
1.3602	0.001420
1.3604	0.001418
1.3606	0.001415
1.3608	0.001412
1.3610	0.001409
1.3612	0.001407
1.3614	0.001404
1.3616	0.001401
1.3618	0.001398
1.3620	0.001396
1.3622	0.001393
1.3624	0.001390
1.3626	0.001387
1.3628	0.001385
1.3630	0.001382
1.3632	0.001379
1.3634	0.001377
1.3636	0.001374
1.3638	0.001371
1.3640	0.001369
1.3642	0.001366
1.3644	0.001363
1.3646	0.001361
1.3648	0.001358
1.3650	0.001355
1.3652	0.001353
1.3654	0.001350
1.3656	0.001347
1.3658	0.001345
1.3660	0.001342
1.3662	0.001340
1.3664	0.001337
1.3666	0.001334
1.3668	0.001332
1.3670	0.001329
1.3672	0.001327
1.3674	0.001324
1.3676	0.001322
1.3678	0.001319
1.3680	0.001316
1.3682	0.001314
1.3684	0.001311
1.3686	0.001309
1.3688	0.001306
1.3690	0.001304
1.3692	0.001301
1.3694	0.001299
1.3696	0.001296
1.3698	0.001294
1.3700	0.001291
1.3702	0.001289
1.3704	0.001286
1.3706	0.001284
1.3708	0.001281
1.3710	0.001279
1.3712	0.001276
1.3714	0.001274
1.3716	0.001271
1.3718	0.001269
1.3720	0.001267
1.3722	0.001264
1.3724	0.001262
1.3726	0.001259
1.3728	0.001257
1.3730	0.001254
1.3732	0.001252
1.3734	0.001250
1.3736	0.001247
1.3738	0.001245
1.3740	0.001242
1.3742	0.001240
1.3744	0.001238
1.3746	0.001235
1.3748	0.001233
1.3750	0.001231
1.3752	0.001228
1.3754	0.001226
1.3756	0.001224
1.3758	0.001221
1.3760	0.001219
1.3762	0.001217
1.3764	0.001214
1.3766	0.001212
1.3768	0.001210
1.3770	0.001207
1.3772	0.001205
1.3774	0.001203
1.3776	0.001200
1.3778	0.001198
1.3780	0.001196
1.3782	0.001194
1.3784	0.001191
1.3786	0.001189
1.3788	0.001187
1.3790	0.001184
1.3792	0.001182
1.3794	0.001180
1.3796	0.001178
1.3798	0.001176
1.3800	0.001173
1.3802	0.001171
1.3804	0.001169
1.3806	0.001167
1.3808	0.001164
1.3810	0.001162
1.3812	0.001160
1.3814	0.001158
1.3816	0.001156
1.3818	0.001153
1.3820	0.001151
1.3822	0.001149
1.3824	0.001147
1.3826	0.001145
1.3828	0.001143
1.3830	0.001140
1.3832	0.001138
1.3834	0.001136
1.3836	0.001134
1.3838	0.001132
1.3840	0.001130
1.3842	0.001128
1.3844	0.001125
1.3846	0.001123
1.3848	0.001121
1.3850	0.001119
1.3852	0.001117
1.3854	0.001115
1.3856	0.001113
1.3858	0.001111
1.3860	0.001109
1.3862	0.001106
1.3864	0.001104
1.3866	0.001102
1.3868	0.001100
1.3870	0.001098
1.3872	0.001096
1.3874	0.001094
1.3876	0.001092
1.3878	0.001090
1.3880	0.001088
1.3882	0.001086
1.3884	0.001084
1.3886	0.001082
1.3888	0.001080
1.3890	0.001078
1.3892	0.001076
1.3894	0.001074
1.3896	0.001072
1.3898	0.001070
1.3900	0.001068
1.3902	0.001066
1.3904	0.001064
1.3906	0.001062
1.3908	0.001060
1.3910	0.001058
1.3912	0.001056
1.3914	0.001054
1.3916	0.001052
1.3918	0.001050
1.3920	0.001048
1.3922	0.001046
1.3924	0.001044
1.3926	0.001042
1.3928	0.001040
1.3930	0.001038
1.3932	0.001036
1.3934	0.001034
1.3936	0.001032
1.3938	0.001030
1.3940	0.001029
1.3942	0.001027
1.3944	0.001025
1.3946	0.001023
1.3948	0.001021
1.3950	0.001019
1.3952	0.001017
1.3954	0.001015
1.3956	0.001013
1.3958	0.001011
1.3960	0.001010
1.3962	0.001008
1.3964	0.001006
1.3966	0.001004
1.3968	0.001002
1.3970	0.001000
1.3972	0.000998
1.3974	0.000997
1.3976	0.000995
1.3978	0.000993
1.3980	0.000991
1.3982	0.000989
1.3984	0.000987
1.3986	0.000986
1.3988	0.000984
1.3990	0.000982
1.3992	0.000980
1.3994	0.000978
1.3996	0.000977
1.3998	0.000975
1.4000	0.000973
1.4002	0.000971
1.4004	0.000969
1.4006	0.000968
1.4008	0.000966
1.4010	0.000964
1.4012	0.000962
1.4014	0.000960
1.4016	0.000959
1.4018	0.000957
1.4020	0.000955
1.4022	0.000953
1.4024	0.000952
1.4026	0.000950
1.4028	0.000948
1.4030	0.000946
1.4032	0.000945
1.4034	0.000943
1.4036	0.000941
1.4038	0.000939
1.4040	0.000938
1.4042	0.000936
1.4044	0.000934
1.4046	0.000933
1.4048	0.000931
1.4050	0.000929
1.4052	0.000927
1.4054	0.000926
1.4056	0.000924
1.4058	0.000922
1.4060	0.000921
1.4062	0.000919
1.4064	0.000917
1.4066	0.000916
1.4068	0.000914
1.4070	0.000912
1.4072	0.000911
1.4074	0.000909
1.4076	0.000907
1.4078	0.000906
1.4080	0.000904
1.4082	0.000902
1.4084	0.000901
1.4086	0.000899
1.4088	0.000897
1.4090	0.000896
1.4092	0.000894
1.4094	0.000893
1.4096	0.000891
1.4098	0.000889
1.4100	0.000888
1.4102	0.000886
1.4104	0.000884
1.4106	0.000883
1.4108	0.000881
1.4110	0.000880
1.4112	0.000878
1.4114	0.000876
1.4116	0.000875
1.4118	0.000873
1.4120	0.000872
1.4122	0.000870
1.4124	0.000869
1.4126	0.000867
1.4128	0.000865
1.4130	0.000864
1.4132	0.000862
1.4134	0.000861
1.4136	0.000859
1.4138	0.000858
1.4140	0.000856
1.4142	0.000854
1.4144	0.000853
1.4146	0.000851
1.4148	0.000850
1.4150	0.000848
1.4152	0.000847
1.4154	0.000845
1.4156	0.000844
1.4158	0.000842
1.4160	0.000841
1.4162	0.000839
1.4164	0.000838
1.4166	0.000836
1.4168	0.000835
1.4170	0.000833
1.4172	0.000832
1.4174	0.000830
1.4176	0.000829
1.4178	0.000827
1.4180	0.000826
1.4182	0.000824
1.4184	0.000823
1.4186	0.000821
1.4188	0.000820
1.4190	0.000818
1.4192	0.000817
1.4194	0.000815
1.4196	0.000814
1.4198	0.000812
1.4200	0.000811
1.4202	0.000809
1.4204	0.000808
1.4206	0.000807
1.4208	0.000805
1.4210	0.000804
1.4212	0.000802
1.4214	0.000801
1.4216	0.000799
1.4218	0.000798
1.4220	0.000796
1.4222	0.000795
1.4224	0.000794
1.4226	0.000792
1.4228	0.000791
1.4230	0.000789
1.4232	0.000788
1.4234	0.000787
1.4236	0.000785
1.4238	0.000784
1.4240	0.000782
1.4242	0.000781
1.4244	0.000780
1.4246	0.000778
1.4248	0.000777
1.4250	0.000775
1.4252	0.000774
1.4254	0.000773
1.4256	0.000771
1.4258	0.000770
1.4260	0.000768
1.4262	0.000767
1.4264	0.000766
1.4266	0.000764
1.4268	0.000763
1.4270	0.000762
1.4272	0.000760
1.4274	0.000759
1.4276	0.000758
1.4278	0.000756
1.4280	0.000755
1.4282	0.000754
1.4284	0.000752
1.4286	0.000751
1.4288	0.000750
1.4290	0.000748
1.4292	0.000747
1.4294	0.000746
1.4296	0.000744
1.4298	0.000743
1.4300	0.000742
1.4302	0.000740
1.4304	0.000739
1.4306	0.000738
1.4308	0.000736
1.4310	0.000735
1.4312	0.000734
1.4314	0.000732
1.4316	0.000731
1.4318	0.000730
1.4320	0.000729
1.4322	0.000727
1.4324	0.000726
1.4326	0.000725
1.4328	0.000723
1.4330	0.000722
1.4332	0.000721
1.4334	0.000720
1.4336	0.000718
1.4338	0.000717
1.4340	0.000716
1.4342	0.000715
1.4344	0.000713
1.4346	0.000712
1.4348	0.000711
1.4350	0.000709
1.4352	0.000708
1.4354	0.000707
1.4356	0.000706
1.4358	0.000704
1.4360	0.000703
1.4362	0.000702
1.4364	0.000701
1.4366	0.000700
1.4368	0.000698
1.4370	0.000697
1.4372	0.000696
1.4374	0.000695
1.4376	0.000693
1.4378	0.000692
1.4380	0.000691
1.4382	0.000690
1.4384	0.000689
1.4386	0.000687
1.4388	0.000686
1.4390	0.000685
1.4392	0.000684
1.4394	0.000683
1.4396	0.000681
1.4398	0.000680
1.4400	0.000679
1.4402	0.000678
1.4404	0.000677
1.4406	0.000675
1.4408	0.000674
1.4410	0.000673
1.4412	0.000672
1.4414	0.000671
1.4416	0.000669
1.4418	0.000668
1.4420	0.000667
1.4422	0.000666
1.4424	0.000665
1.4426	0.000664
1.4428	0.000662
1.4430	0.000661
1.4432	0.000660
1.4434	0.000659
1.4436	0.000658
1.4438	0.000657
1.4440	0.000656
1.4442	0.000654
1.4444	0.000653
1.4446	0.000652
1.4448	0.000651
1.4450	0.000650
1.4452	0.000649
1.4454	0.000648
1.4456	0.000646
1.4458	0.000645
1.4460	0.000644
1.4462	0.000643
1.4464	0.000642
1.4466	0.000641
1.4468	0.000640
1.4470	0.000639
1.4472	0.000637
1.4474	0.000636
1.4476	0.000635
1.4478	0.000634
1.4480	0.000633
1.4482	0.000632
1.4484	0.000631
1.4486	0.000630
1.4488	0.000629
1.4490	0.000628
1.4492	0.000626
1.4494	0.000625
1.4496	0.000624
1.4498	0.000623
1.4500	0.000622
1.4502	0.000621
1.4504	0.000620
1.4506	0.000619
1.4508	0.000618
1.4510	0.000617
1.4512	0.000616
1.4514	0.000615
1.4516	0.000614
1.4518	0.000613
1.4520	0.000611
1.4522	0.000610
1.4524	0.000609
1.4526	0.000608
1.4528	0.000607
1.4530	0.000606
1.4532	0.000605
1.4534	0.000604
1.4536	0.000603
1.4538	0.000602
1.4540	0.000601
1.4542	0.000600
1.4544	0.000599
1.4546	0.000598
1.4548	0.000597
1.4550	0.000596
1.4552	0.000595
1.4554	0.000594
1.4556	0.000593
1.4558	0.000592
1.4560	0.000591
1.4562	0.000590
1.4564	0.000589
1.4566	0.000588
1.4568	0.000587
1.4570	0.000586
1.4572	0.000585
1.4574	0.000584
1.4576	0.000583
1.4578	0.000582
1.4580	0.000581
1.4582	0.000580
1.4584	0.000579
1.4586	0.000578
1.4588	0.000577
1.4590	0.000576
1.4592	0.000575
1.4594	0.000574
1.4596	0.000573
1.4598	0.000572
1.4600	0.000571
1.4602	0.000570
1.4604	0.000569
1.4606	0.000568
1.4608	0.000567
1.4610	0.000566
1.4612	0.000565
1.4614	0.000564
1.4616	0.000563
1.4618	0.000562
1.4620	0.000561
1.4622	0.000560
1.4624	0.000559
1.4626	0.000558
1.4628	0.000557
1.4630	0.000556
1.4632	0.000555
1.4634	0.000554
1.4636	0.000553
1.4638	0.000552
1.4640	0.000551
1.4642	0.000550
1.4644	0.000550
1.4646	0.000549
1.4648	0.000548
1.4650	0.000547
1.4652	0.000546
1.4654	0.000545
1.4656	0.000544
1.4658	0.000543
1.4660	0.000542
1.4662	0.000541
1.4664	0.000540
1.4666	0.000539
1.4668	0.000538
1.4670	0.000537
1.4672	0.000537
1.4674	0.000536
1.4676	0.000535
1.4678	0.000534
1.4680	0.000533
1.4682	0.000532
1.4684	0.000531
1.4686	0.000530
1.4688	0.000529
1.4690	0.000528
1.4692	0.000527
1.4694	0.000527
1.4696	0.000526
1.4698	0.000525
1.4700	0.000524
1.4702	0.000523
1.4704	0.000522
1.4706	0.000521
1.4708	0.000520
1.4710	0.000519
1.4712	0.000519
1.4714	0.000518
1.4716	0.000517
1.4718	0.000516
1.4720	0.000515
1.4722	0.000514
1.4724	0.000513
1.4726	0.000512
1.4728	0.000512
1.4730	0.000511
1.4732	0.000510
1.4734	0.000509
1.4736	0.000508
1.4738	0.000507
1.4740	0.000506
1.4742	0.000506
1.4744	0.000505
1.4746	0.000504
1.4748	0.000503
1.4750	0.000502
1.4752	0.000501
1.4754	0.000500
1.4756	0.000500
1.4758	0.000499
1.4760	0.000498
1.4762	0.000497
1.4764	0.000496
1.4766	0.000495
1.4768	0.000494
1.4770	0.000494
1.4772	0.000493
1.4774	0.000492
1.4776	0.000491
1.4778	0.000490
1.4780	0.000490
1.4782	0.000489
1.4784	0.000488
1.4786	0.000487
1.4788	0.000486
1.4790	0.000485
1.4792	0.000485
1.4794	0.000484
1.4796	0.000483
1.4798	0.000482
1.4800	0.000481
1.4802	0.000480
1.4804	0.000480
1.4806	0.000479
1.4808	0.000478
1.4810	0.000477
1.4812	0.000476
1.4814	0.000476
1.4816	0.000475
1.4818	0.000474
1.4820	0.000473
1.4822	0.000472
1.4824	0.000472
1.4826	0.000471
1.4828	0.000470
1.4830	0.000469
1.4832	0.000469
1.4834	0.000468
1.4836	0.000467
1.4838	0.000466
1.4840	0.000465
1.4842	0.000465
1.4844	0.000464
1.4846	0.000463
1.4848	0.000462
1.4850	0.000461
1.4852	0.000461
1.4854	0.000460
1.4856	0.000459
1.4858	0.000458
1.4860	0.000458
1.4862	0.000457
1.4864	0.000456
1.4866	0.000455
1.4868	0.000455
1.4870	0.000454
1.4872	0.000453
1.4874	0.000452
1.4876	0.000452
1.4878	0.000451
1.4880	0.000450
1.4882	0.000449
1.4884	0.000448
1.4886	0.000448
1.4888	0.000447
1.4890	0.000446
1.4892	0.000446
1.4894	0.000445
1.4896	0.000444
1.4898	0.000443
1.4900	0.000443
1.4902	0.000442
1.4904	0.000441
1.4906	0.000440
1.4908	0.000440
1.4910	0.000439
1.4912	0.000438
1.4914	0.000437
1.4916	0.000437
1.4918	0.000436
1.4920	0.000435
1.4922	0.000434
1.4924	0.000434
1.4926	0.000433
1.4928	0.000432
1.4930	0.000432
1.4932	0.000431
1.4934	0.000430
1.4936	0.000429
1.4938	0.000429
1.4940	0.000428
1.4942	0.000427
1.4944	0.000427
1.4946	0.000426
1.4948	0.000425
1.4950	0.000424
1.4952	0.000424
1.4954	0.000423
1.4956	0.000422
1.4958	0.000422
1.4960	0.000421
1.4962	0.000420
1.4964	0.000420
1.4966	0.000419
1.4968	0.000418
1.4970	0.000417
1.4972	0.000417
1.4974	0.000416
1.4976	0.000415
1.4978	0.000415
1.4980	0.000414
1.4982	0.000413
1.4984	0.000413
1.4986	0.000412
1.4988	0.000411
1.4990	0.000411
1.4992	0.000410
1.4994	0.000409
1.4996	0.000409
1.4998	0.000408
1.5000	0.000407
1.5002	0.000406
1.5004	0.000406
1.5006	0.000405
1.5008	0.000404
1.5010	0.000404
1.5012	0.000403
1.5014	0.000402
1.5016	0.000402
1.5018	0.000401
1.5020	0.000400
1.5022	0.000400
1.5024	0.000399
1.5026	0.000398
1.5028	0.000398
1.5030	0.000397
1.5032	0.000396
1.5034	0.000396
1.5036	0.000395
1.5038	0.000395
1.5040	0.000394
1.5042	0.000393
1.5044	0.000393
1.5046	0.000392
1.5048	0.000391
1.5050	0.000391
1.5052	0.000390
1.5054	0.000389
1.5056	0.000389
1.5058	0.000388
1.5060	0.000387
1.5062	0.000387
1.5064	0.000386
1.5066	0.000386
1.5068	0.000385
1.5070	0.000384
1.5072	0.000384
1.5074	0.000383
1.5076	0.000382
1.5078	0.000382
1.5080	0.000381
1.5082	0.000380
1.5084	0.000380
1.5086	0.000379
1.5088	0.000379
1.5090	0.000378
1.5092	0.000377
1.5094	0.000377
1.5096	0.000376
1.5098	0.000375
1.5100	0.000375
1.5102	0.000374
1.5104	0.000374
1.5106	0.000373
1.5108	0.000372
1.5110	0.000372
1.5112	0.000371
1.5114	0.000371
1.5116	0.000370
1.5118	0.000369
1.5120	0.000369
1.5122	0.000368
1.5124	0.000368
1.5126	0.000367
1.5128	0.000366
1.5130	0.000366
1.5132	0.000365
1.5134	0.000365
1.5136	0.000364
1.5138	0.000363
1.5140	0.000363
1.5142	0.000362
1.5144	0.000362
1.5146	0.000361
1.5148	0.000360
1.5150	0.000360
1.5152	0.000359
1.5154	0.000359
1.5156	0.000358
1.5158	0.000357
1.5160	0.000357
1.5162	0.000356
1.5164	0.000356
1.5166	0.000355
1.5168	0.000354
1.5170	0.000354
1.5172	0.000353
1.5174	0.000353
1.5176	0.000352
1.5178	0.000352
1.5180	0.000351
1.5182	0.000350
1.5184	0.000350
1.5186	0.000349
1.5188	0.000349
1.5190	0.000348
1.5192	0.000348
1.5194	0.000347
1.5196	0.000346
1.5198	0.000346
1.5200	0.000345
1.5202	0.000345
1.5204	0.000344
1.5206	0.000344
1.5208	0.000343
1.5210	0.000342
1.5212	0.000342
1.5214	0.000341
1.5216	0.000341
1.5218	0.000340
1.5220	0.000340
1.5222	0.000339
1.5224	0.000339
1.5226	0.000338
1.5228	0.000337
1.5230	0.000337
1.5232	0.000336
1.5234	0.000336
1.5236	0.000335
1.5238	0.000335
1.5240	0.000334
1.5242	0.000334
1.5244	0.000333
1.5246	0.000333
1.5248	0.000332
1.5250	0.000331
1.5252	0.000331
1.5254	0.000330
1.5256	0.000330
1.5258	0.000329
1.5260	0.000329
1.5262	0.000328
1.5264	0.000328
1.5266	0.000327
1.5268	0.000327
1.5270	0.000326
1.5272	0.000326
1.5274	0.000325
1.5276	0.000325
1.5278	0.000324
1.5280	0.000323
1.5282	0.000323
1.5284	0.000322
1.5286	0.000322
1.5288	0.000321
1.5290	0.000321
1.5292	0.000320
1.5294	0.000320
1.5296	0.000319
1.5298	0.000319
1.5300	0.000318
1.5302	0.000318
1.5304	0.000317
1.5306	0.000317
1.5308	0.000316
1.5310	0.000316
1.5312	0.000315
1.5314	0.000315
1.5316	0.000314
1.5318	0.000314
1.5320	0.000313
1.5322	0.000313
1.5324	0.000312
1.5326	0.000312
1.5328	0.000311
1.5330	0.000311
1.5332	0.000310
1.5334	0.000310
1.5336	0.000309
1.5338	0.000309
1.5340	0.000308
1.5342	0.000308
1.5344	0.000307
1.5346	0.000307
1.5348	0.000306
1.5350	0.000306
1.5352	0.000305
1.5354	0.000305
1.5356	0.000304
1.5358	0.000304
1.5360	0.000303
1.5362	0.000303
1.5364	0.000302
1.5366	0.000302
1.5368	0.000301
1.5370	0.000301
1.5372	0.000300
1.5374	0.000300
1.5376	0.000299
1.5378	0.000299
1.5380	0.000298
1.5382	0.000298
1.5384	0.000297
1.5386	0.000297
1.5388	0.000296
1.5390	0.000296
1.5392	0.000295
1.5394	0.000295
1.5396	0.000294
1.5398	0.000294
1.5400	0.000293
1.5402	0.000293
1.5404	0.000292
1.5406	0.000292
1.5408	0.000292
1.5410	0.000291
1.5412	0.000291
1.5414	0.000290
1.5416	0.000290
1.5418	0.000289
1.5420	0.000289
1.5422	0.000288
1.5424	0.000288
1.5426	0.000287
1.5428	0.000287
1.5430	0.000286
1.5432	0.000286
1.5434	0.000285
1.5436	0.000285
1.5438	0.000285
1.5440	0.000284
1.5442	0.000284
1.5444	0.000283
1.5446	0.000283
1.5448	0.000282
1.5450	0.000282
1.5452	0.000281
1.5454	0.000281
1.5456	0.000280
1.5458	0.000280
1.5460	0.000280
1.5462	0.000279
1.5464	0.000279
1.5466	0.000278
1.5468	0.000278
1.5470	0.000277
1.5472	0.000277
1.5474	0.000276
1.5476	0.000276
1.5478	0.000276
1.5480	0.000275
1.5482	0.000275
1.5484	0.000274
1.5486	0.000274
1.5488	0.000273
1.5490	0.000273
1.5492	0.000272
1.5494	0.000272
1.5496	0.000272
1.5498	0.000271
1.5500	0.000271
1.5502	0.000270
1.5504	0.000270
1.5506	0.000269
1.5508	0.000269
1.5510	0.000269
1.5512	0.000268
1.5514	0.000268
1.5516	0.000267
1.5518	0.000267
1.5520	0.000266
1.5522	0.000266
1.5524	0.000266
1.5526	0.000265
1.5528	0.000265
1.5530	0.000264
1.5532	0.000264
1.5534	0.000263
1.5536	0.000263
1.5538	0.000263
1.5540	0.000262
1.5542	0.000262
1.5544	0.000261
1.5546	0.000261
1.5548	0.000260
1.5550	0.000260
1.5552	0.000260
1.5554	0.000259
1.5556	0.000259
1.5558	0.000258
1.5560	0.000258
1.5562	0.000258
1.5564	0.000257
1.5566	0.000257
1.5568	0.000256
1.5570	0.000256
1.5572	0.000255
1.5574	0.000255
1.5576	0.000255
1.5578	0.000254
1.5580	0.000254
1.5582	0.000253
1.5584	0.000253
1.5586	0.000253
1.5588	0.000252
1.5590	0.000252
1.5592	0.000251
1.5594	0.000251
1.5596	0.000251
1.5598	0.000250
1.5600	0.000250
1.5602	0.000249
1.5604	0.000249
1.5606	0.000249
1.5608	0.000248
1.5610	0.000248
1.5612	0.000247
1.5614	0.000247
1.5616	0.000247
1.5618	0.000246
1.5620	0.000246
1.5622	0.000245
1.5624	0.000245
1.5626	0.000245
1.5628	0.000244
1.5630	0.000244
1.5632	0.000243
1.5634	0.000243
1.5636	0.000243
1.5638	0.000242
1.5640	0.000242
1.5642	0.000242
1.5644	0.000241
1.5646	0.000241
1.5648	0.000240
1.5650	0.000240
1.5652	0.000240
1.5654	0.000239
1.5656	0.000239
1.5658	0.000238
1.5660	0.000238
1.5662	0.000238
1.5664	0.000237
1.5666	0.000237
1.5668	0.000237
1.5670	0.000236
1.5672	0.000236
1.5674	0.000235
1.5676	0.000235
1.5678	0.000235
1.5680	0.000234
1.5682	0.000234
1.5684	0.000234
1.5686	0.000233
1.5688	0.000233
1.5690	0.000232
1.5692	0.000232
1.5694	0.000232
1.5696	0.000231
1.5698	0.000231
1.5700	0.000231
1.5702	0.000230
1.5704	0.000230
1.5706	0.000229
1.5708	0.000229
1.5710	0.000229
1.5712	0.000228
1.5714	0.000228
1.5716	0.000228
1.5718	0.000227
1.5720	0.000227
1.5722	0.000227
1.5724	0.000226
1.5726	0.000226
1.5728	0.000225
1.5730	0.000225
1.5732	0.000225
1.5734	0.000224
1.5736	0.000224
1.5738	0.000224
1.5740	0.000223
1.5742	0.000223
1.5744	0.000223
1.5746	0.000222
1.5748	0.000222
1.5750	0.000222
1.5752	0.000221
1.5754	0.000221
1.5756	0.000221
1.5758	0.000220
1.5760	0.000220
1.5762	0.000219
1.5764	0.000219
1.5766	0.000219
1.5768	0.000218
1.5770	0.000218
1.5772	0.000218
1.5774	0.000217
1.5776	0.000217
1.5778	0.000217
1.5780	0.000216
1.5782	0.000216
1.5784	0.000216
1.5786	0.000215
1.5788	0.000215
1.5790	0.000215
1.5792	0.000214
1.5794	0.000214
1.5796	0.000214
1.5798	0.000213
1.5800	0.000213
1.5802	0.000213
1.5804	0.000212
1.5806	0.000212
1.5808	0.000212
1.5810	0.000211
1.5812	0.000211
1.5814	0.000211
1.5816	0.000210
1.5818	0.000210
1.5820	0.000210
1.5822	0.000209
1.5824	0.000209
1.5826	0.000209
1.5828	0.000208
1.5830	0.000208
1.5832	0.000208
1.5834	0.000207
1.5836	0.000207
1.5838	0.000207
1.5840	0.000206
1.5842	0.000206
1.5844	0.000206
1.5846	0.000205
1.5848	0.000205
1.5850	0.000205
1.5852	0.000204
1.5854	0.000204
1.5856	0.000204
1.5858	0.000203
1.5860	0.000203
1.5862	0.000203
1.5864	0.000202
1.5866	0.000202
1.5868	0.000202
1.5870	0.000201
1.5872	0.000201
1.5874	0.000201
1.5876	0.000200
1.5878	0.000200
1.5880	0.000200
1.5882	0.000199
1.5884	0.000199
1.5886	0.000199
1.5888	0.000199
1.5890	0.000198
1.5892	0.000198
1.5894	0.000198
1.5896	0.000197
1.5898	0.000197
1.5900	0.000197
1.5902	0.000196
1.5904	0.000196
1.5906	0.000196
1.5908	0.000195
1.5910	0.000195
1.5912	0.000195
1.5914	0.000194
1.5916	0.000194
1.5918	0.000194
1.5920	0.000194
1.5922	0.000193
1.5924	0.000193
1.5926	0.000193
1.5928	0.000192
1.5930	0.000192
1.5932	0.000192
1.5934	0.000191
1.5936	0.000191
1.5938	0.000191
1.5940	0.000190
1.5942	0.000190
1.5944	0.000190
1.5946	0.000190
1.5948	0.000189
1.5950	0.000189
1.5952	0.000189
1.5954	0.000188
1.5956	0.000188
1.5958	0.000188
1.5960	0.000187
1.5962	0.000187
1.5964	0.000187
1.5966	0.000187
1.5968	0.000186
1.5970	0.000186
1.5972	0.000186
1.5974	0.000185
1.5976	0.000185
1.5978	0.000185
1.5980	0.000185
1.5982	0.000184
1.5984	0.000184
1.5986	0.000184
1.5988	0.000183
1.5990	0.000183
1.5992	0.000183
1.5994	0.000183
1.5996	0.000182
1.5998	0.000182
1.6000	0.000182
1.6002	0.000181
1.6004	0.000181
1.6006	0.000181
1.6008	0.000180
1.6010	0.000180
1.6012	0.000180
1.6014	0.000180
1.6016	0.000179
1.6018	0.000179
1.6020	0.000179
1.6022	0.000179
1.6024	0.000178
1.6026	0.000178
1.6028	0.000178
1.6030	0.000177
1.6032	0.000177
1.6034	0.000177
1.6036	0.000177
1.6038	0.000176
1.6040	0.000176
1.6042	0.000176
1.6044	0.000175
1.6046	0.000175
1.6048	0.000175
1.6050	0.000175
1.6052	0.000174
1.6054	0.000174
1.6056	0.000174
1.6058	0.000173
1.6060	0.000173
1.6062	0.000173
1.6064	0.000173
1.6066	0.000172
1.6068	0.000172
1.6070	0.000172
1.6072	0.000172
1.6074	0.000171
1.6076	0.000171
1.6078	0.000171
1.6080	0.000170
1.6082	0.000170
1.6084	0.000170
1.6086	0.000170
1.6088	0.000169
1.6090	0.000169
1.6092	0.000169
1.6094	0.000169
1.6096	0.000168
1.6098	0.000168
1.6100	0.000168
1.6102	0.000168
1.6104	0.000167
1.6106	0.000167
1.6108	0.000167
1.6110	0.000166
1.6112	0.000166
1.6114	0.000166
1.6116	0.000166
1.6118	0.000165
1.6120	0.000165
1.6122	0.000165
1.6124	0.000165
1.6126	0.000164
1.6128	0.000164
1.6130	0.000164
1.6132	0.000164
1.6134	0.000163
1.6136	0.000163
1.6138	0.000163
1.6140	0.000163
1.6142	0.000162
1.6144	0.000162
1.6146	0.000162
1.6148	0.000162
1.6150	0.000161
1.6152	0.000161
1.6154	0.000161
1.6156	0.000161
1.6158	0.000160
1.6160	0.000160
1.6162	0.000160
1.6164	0.000160
1.6166	0.000159
1.6168	0.000159
1.6170	0.000159
1.6172	0.000159
1.6174	0.000158
1.6176	0.000158
1.6178	0.000158
1.6180	0.000158
1.6182	0.000157
1.6184	0.000157
1.6186	0.000157
1.6188	0.000157
1.6190	0.000156
1.6192	0.000156
1.6194	0.000156
1.6196	0.000156
1.6198	0.000155
1.6200	0.000155
1.6202	0.000155
1.6204	0.000155
1.6206	0.000154
1.6208	0.000154
1.6210	0.000154
1.6212	0.000154
1.6214	0.000153
1.6216	0.000153
1.6218	0.000153
1.6220	0.000153
1.6222	0.000152
1.6224	0.000152
1.6226	0.000152
1.6228	0.000152
1.6230	0.000151
1.6232	0.000151
1.6234	0.000151
1.6236	0.000151
1.6238	0.000150
1.6240	0.000150
1.6242	0.000150
1.6244	0.000150
1.6246	0.000149
1.6248	0.000149
1.6250	0.000149
1.6252	0.000149
1.6254	0.000149
1.6256	0.000148
1.6258	0.000148
1.6260	0.000148
1.6262	0.000148
1.6264	0.000147
1.6266	0.000147
1.6268	0.000147
1.6270	0.000147
1.6272	0.000146
1.6274	0.000146
1.6276	0.000146
1.6278	0.000146
1.6280	0.000146
1.6282	0.000145
1.6284	0.000145
1.6286	0.000145
1.6288	0.000145
1.6290	0.000144
1.6292	0.000144
1.6294	0.000144
1.6296	0.000144
1.6298	0.000143
1.6300	0.000143
1.6302	0.000143
1.6304	0.000143
1.6306	0.000143
1.6308	0.000142
1.6310	0.000142
1.6312	0.000142
1.6314	0.000142
1.6316	0.000141
1.6318	0.000141
1.6320	0.000141
1.6322	0.000141
1.6324	0.000141
1.6326	0.000140
1.6328	0.000140
1.6330	0.000140
1.6332	0.000140
1.6334	0.000139
1.6336	0.000139
1.6338	0.000139
1.6340	0.000139
1.6342	0.000139
1.6344	0.000138
1.6346	0.000138
1.6348	0.000138
1.6350	0.000138
1.6352	0.000137
1.6354	0.000137
1.6356	0.000137
1.6358	0.000137
1.6360	0.000137
1.6362	0.000136
1.6364	0.000136
1.6366	0.000136
1.6368	0.000136
1.6370	0.000135
1.6372	0.000135
1.6374	0.000135
1.6376	0.000135
1.6378	0.000135
1.6380	0.000134
1.6382	0.000134
1.6384	0.000134
1.6386	0.000134
1.6388	0.000134
1.6390	0.000133
1.6392	0.000133
1.6394	0.000133
1.6396	0.000133
1.6398	0.000133
1.6400	0.000132
1.6402	0.000132
1.6404	0.000132
1.6406	0.000132
1.6408	0.000131
1.6410	0.000131
1.6412	0.000131
1.6414	0.000131
1.6416	0.000131
1.6418	0.000130
1.6420	0.000130
1.6422	0.000130
1.6424	0.000130
1.6426	0.000130
1.6428	0.000129
1.6430	0.000129
1.6432	0.000129
1.6434	0.000129
1.6436	0.000129
1.6438	0.000128
1.6440	0.000128
1.6442	0.000128
1.6444	0.000128
1.6446	0.000128
1.6448	0.000127
1.6450	0.000127
1.6452	0.000127
1.6454	0.000127
1.6456	0.000127
1.6458	0.000126
1.6460	0.000126
1.6462	0.000126
1.6464	0.000126
1.6466	0.000126
1.6468	0.000125
1.6470	0.000125
1.6472	0.000125
1.6474	0.000125
1.6476	0.000125
1.6478	0.000124
1.6480	0.000124
1.6482	0.000124
1.6484	0.000124
1.6486	0.000124
1.6488	0.000123
1.6490	0.000123
1.6492	0.000123
1.6494	0.000123
1.6496	0.000123
1.6498	0.000122
1.6500	0.000122
1.6502	0.000122
1.6504	0.000122
1.6506	0.000122
1.6508	0.000121
1.6510	0.000121
1.6512	0.000121
1.6514	0.000121
1.6516	0.000121
1.6518	0.000120
1.6520	0.000120
1.6522	0.000120
1.6524	0.000120
1.6526	0.000120
1.6528	0.000120
1.6530	0.000119
1.6532	0.000119
1.6534	0.000119
1.6536	0.000119
1.6538	0.000119
1.6540	0.000118
1.6542	0.000118
1.6544	0.000118
1.6546	0.000118
1.6548	0.000118
1.6550	0.000117
1.6552	0.000117
1.6554	0.000117
1.6556	0.000117
1.6558	0.000117
1.6560	0.000117
1.6562	0.000116
1.6564	0.000116
1.6566	0.000116
1.6568	0.000116
1.6570	0.000116
1.6572	0.000115
1.6574	0.000115
1.6576	0.000115
1.6578	0.000115
1.6580	0.000115
1.6582	0.000115
1.6584	0.000114
1.6586	0.000114
1.6588	0.000114
1.6590	0.000114
1.6592	0.000114
1.6594	0.000113
1.6596	0.000113
1.6598	0.000113
1.6600	0.000113
1.6602	0.000113
1.6604	0.000113
1.6606	0.000112
1.6608	0.000112
1.6610	0.000112
1.6612	0.000112
1.6614	0.000112
1.6616	0.000111
1.6618	0.000111
1.6620	0.000111
1.6622	0.000111
1.6624	0.000111
1.6626	0.000111
1.6628	0.000110
1.6630	0.000110
1.6632	0.000110
1.6634	0.000110
1.6636	0.000110
1.6638	0.000110
1.6640	0.000109
1.6642	0.000109
1.6644	0.000109
1.6646	0.000109
1.6648	0.000109
1.6650	0.000108
1.6652	0.000108
1.6654	0.000108
1.6656	0.000108
1.6658	0.000108
1.6660	0.000108
1.6662	0.000107
1.6664	0.000107
1.6666	0.000107
1.6668	0.000107
1.6670	0.000107
1.6672	0.000107
1.6674	0.000106
1.6676	0.000106
1.6678	0.000106
1.6680	0.000106
1.6682	0.000106
1.6684	0.000106
1.6686	0.000105
1.6688	0.000105
1.6690	0.000105
1.6692	0.000105
1.6694	0.000105
1.6696	0.000105
1.6698	0.000104
1.6700	0.000104
1.6702	0.000104
1.6704	0.000104
1.6706	0.000104
1.6708	0.000104
1.6710	0.000103
1.6712	0.000103
1.6714	0.000103
1.6716	0.000103
1.6718	0.000103
1.6720	0.000103
1.6722	0.000102
1.6724	0.000102
1.6726	0.000102
1.6728	0.000102
1.6730	0.000102
1.6732	0.000102
1.6734	0.000101
1.6736	0.000101
1.6738	0.000101
1.6740	0.000101
1.6742	0.000101
1.6744	0.000101
1.6746	0.000100
1.6748	0.000100
1.6750	0.000100
1.6752	0.000100
1.6754	0.000100
1.6756	0.000100
1.6758	0.000099
1.6760	0.000099
1.6762	0.000099
1.6764	0.000099
1.6766	0.000099
1.6768	0.000099
1.6770	0.000099
1.6772	0.000098
1.6774	0.000098
1.6776	0.000098
1.6778	0.000098
1.6780	0.000098
1.6782	0.000098
1.6784	0.000097
1.6786	0.000097
1.6788	0.000097
1.6790	0.000097
1.6792	0.000097
1.6794	0.000097
1.6796	0.000097
1.6798	0.000096
1.6800	0.000096
1.6802	0.000096
1.6804	0.000096
1.6806	0.000096
1.6808	0.000096
1.6810	0.000095
1.6812	0.000095
1.6814	0.000095
1.6816	0.000095
1.6818	0.000095
1.6820	0.000095
1.6822	0.000095
1.6824	0.000094
1.6826	0.000094
1.6828	0.000094
1.6830	0.000094
1.6832	0.000094
1.6834	0.000094
1.6836	0.000093
1.6838	0.000093
1.6840	0.000093
1.6842	0.000093
1.6844	0.000093
1.6846	0.000093
1.6848	0.000093
1.6850	0.000092
1.6852	0.000092
1.6854	0.000092
1.6856	0.000092
1.6858	0.000092
1.6860	0.000092
1.6862	0.000092
1.6864	0.000091
1.6866	0.000091
1.6868	0.000091
1.6870	0.000091
1.6872	0.000091
1.6874	0.000091
1.6876	0.000090
1.6878	0.000090
1.6880	0.000090
1.6882	0.000090
1.6884	0.000090
1.6886	0.000090
1.6888	0.000090
1.6890	0.000089
1.6892	0.000089
1.6894	0.000089
1.6896	0.000089
1.6898	0.000089
1.6900	0.000089
1.6902	0.000089
1.6904	0.000088
1.6906	0.000088
1.6908	0.000088
1.6910	0.000088
1.6912	0.000088
1.6914	0.000088
1.6916	0.000088
1.6918	0.000087
1.6920	0.000087
1.6922	0.000087
1.6924	0.000087
1.6926	0.000087
1.6928	0.000087
1.6930	0.000087
1.6932	0.000086
1.6934	0.000086
1.6936	0.000086
1.6938	0.000086
1.6940	0.000086
1.6942	0.000086
1.6944	0.000086
1.6946	0.000086
1.6948	0.000085
1.6950	0.000085
1.6952	0.000085
1.6954	0.000085
1.6956	0.000085
1.6958	0.000085
1.6960	0.000085
1.6962	0.000084
1.6964	0.000084
1.6966	0.000084
1.6968	0.000084
1.6970	0.000084
1.6972	0.000084
1.6974	0.000084
1.6976	0.000083
1.6978	0.000083
1.6980	0.000083
1.6982	0.000083
1.6984	0.000083
1.6986	0.000083
1.6988	0.000083
1.6990	0.000083
1.6992	0.000082
1.6994	0.000082
1.6996	0.000082
1.6998	0.000082
1.7000	0.000082
1.7002	0.000082
1.7004	0.000082
1.7006	0.000081
1.7008	0.000081
1.7010	0.000081
1.7012	0.000081
1.7014	0.000081
1.7016	0.000081
1.7018	0.000081
1.7020	0.000081
1.7022	0.000080
1.7024	0.000080
1.7026	0.000080
1.7028	0.000080
1.7030	0.000080
1.7032	0.000080
1.7034	0.000080
1.7036	0.000079
1.7038	0.000079
1.7040	0.000079
1.7042	0.000079
1.7044	0.000079
1.7046	0.000079
1.7048	0.000079
1.7050	0.000079
1.7052	0.000078
1.7054	0.000078
1.7056	0.000078
1.7058	0.000078
1.7060	0.000078
1.7062	0.000078
1.7064	0.000078
1.7066	0.000078
1.7068	0.000077
1.7070	0.000077
1.7072	0.000077
1.7074	0.000077
1.7076	0.000077
1.7078	0.000077
1.7080	0.000077
1.7082	0.000077
1.7084	0.000076
1.7086	0.000076
1.7088	0.000076
1.7090	0.000076
1.7092	0.000076
1.7094	0.000076
1.7096	0.000076
1.7098	0.000076
1.7100	0.000075
1.7102	0.000075
1.7104	0.000075
1.7106	0.000075
1.7108	0.000075
1.7110	0.000075
1.7112	0.000075
1.7114	0.000075
1.7116	0.000074
1.7118	0.000074
1.7120	0.000074
1.7122	0.000074
1.7124	0.000074
1.7126	0.000074
1.7128	0.000074
1.7130	0.000074
1.7132	0.000073
1.7134	0.000073
1.7136	0.000073
1.7138	0.000073
1.7140	0.000073
1.7142	0.000073
1.7144	0.000073
1.7146	0.000073
1.7148	0.000073
1.7150	0.000072
1.7152	0.000072
1.7154	0.000072
1.7156	0.000072
1.7158	0.000072
1.7160	0.000072
1.7162	0.000072
1.7164	0.000072
1.7166	0.000071
1.7168	0.000071
1.7170	0.000071
1.7172	0.000071
1.7174	0.000071
1.7176	0.000071
1.7178	0.000071
1.7180	0.000071
1.7182	0.000071
1.7184	0.000070
1.7186	0.000070
1.7188	0.000070
1.7190	0.000070
1.7192	0.000070
1.7194	0.000070
1.7196	0.000070
1.7198	0.000070
1.7200	0.000069
1.7202	0.000069
1.7204	0.000069
1.7206	0.000069
1.7208	0.000069
1.7210	0.000069
1.7212	0.000069
1.7214	0.000069
1.7216	0.000069
1.7218	0.000068
1.7220	0.000068
1.7222	0.000068
1.7224	0.000068
1.7226	0.000068
1.7228	0.000068
1.7230	0.000068
1.7232	0.000068
1.7234	0.000068
1.7236	0.000067
1.7238	0.000067
1.7240	0.000067
1.7242	0.000067
1.7244	0.000067
1.7246	0.000067
1.7248	0.000067
1.7250	0.000067
1.7252	0.000067
1.7254	0.000066
1.7256	0.000066
1.7258	0.000066
1.7260	0.000066
1.7262	0.000066
1.7264	0.000066
1.7266	0.000066
1.7268	0.000066
1.7270	0.000066
1.7272	0.000065
1.7274	0.000065
1.7276	0.000065
1.7278	0.000065
1.7280	0.000065
1.7282	0.000065
1.7284	0.000065
1.7286	0.000065
1.7288	0.000065
1.7290	0.000064
1.7292	0.000064
1.7294	0.000064
1.7296	0.000064
1.7298	0.000064
1.7300	0.000064
1.7302	0.000064
1.7304	0.000064
1.7306	0.000064
1.7308	0.000064
1.7310	0.000063
1.7312	0.000063
1.7314	0.000063
1.7316	0.000063
1.7318	0.000063
1.7320	0.000063
1.7322	0.000063
1.7324	0.000063
1.7326	0.000063
1.7328	0.000062
1.7330	0.000062
1.7332	0.000062
1.7334	0.000062
1.7336	0.000062
1.7338	0.000062
1.7340	0.000062
1.7342	0.000062
1.7344	0.000062
1.7346	0.000062
1.7348	0.000061
1.7350	0.000061
1.7352	0.000061
1.7354	0.000061
1.7356	0.000061
1.7358	0.000061
1.7360	0.000061
1.7362	0.000061
1.7364	0.000061
1.7366	0.000061
1.7368	0.000060
1.7370	0.000060
1.7372	0.000060
1.7374	0.000060
1.7376	0.000060
1.7378	0.000060
1.7380	0.000060
1.7382	0.000060
1.7384	0.000060
1.7386	0.000060
1.7388	0.000059
1.7390	0.000059
1.7392	0.000059
1.7394	0.000059
1.7396	0.000059
1.7398	0.000059
1.7400	0.000059
1.7402	0.000059
1.7404	0.000059
1.7406	0.000059
1.7408	0.000058
1.7410	0.000058
1.7412	0.000058
1.7414	0.000058
1.7416	0.000058
1.7418	0.000058
1.7420	0.000058
1.7422	0.000058
1.7424	0.000058
1.7426	0.000058
1.7428	0.000057
1.7430	0.000057
1.7432	0.000057
1.7434	0.000057
1.7436	0.000057
1.7438	0.000057
1.7440	0.000057
1.7442	0.000057
1.7444	0.000057
1.7446	0.000057
1.7448	0.000056
1.7450	0.000056
1.7452	0.000056
1.7454	0.000056
1.7456	0.000056
1.7458	0.000056
1.7460	0.000056
1.7462	0.000056
1.7464	0.000056
1.7466	0.000056
1.7468	0.000056
1.7470	0.000055
1.7472	0.000055
1.7474	0.000055
1.7476	0.000055
1.7478	0.000055
1.7480	0.000055
1.7482	0.000055
1.7484	0.000055
1.7486	0.000055
1.7488	0.000055
1.7490	0.000055
1.7492	0.000054
1.7494	0.000054
1.7496	0.000054
1.7498	0.000054
1.7500	0.000054
1.7502	0.000054
1.7504	0.000054
1.7506	0.000054
1.7508	0.000054
1.7510	0.000054
1.7512	0.000053
1.7514	0.000053
1.7516	0.000053
1.7518	0.000053
1.7520	0.000053
1.7522	0.000053
1.7524	0.000053
1.7526	0.000053
1.7528	0.000053
1.7530	0.000053
1.7532	0.000053
1.7534	0.000052
1.7536	0.000052
1.7538	0.000052
1.7540	0.000052
1.7542	0.000052
1.7544	0.000052
1.7546	0.000052
1.7548	0.000052
1.7550	0.000052
1.7552	0.000052
1.7554	0.000052
1.7556	0.000052
1.7558	0.000051
1.7560	0.000051
1.7562	0.000051
1.7564	0.000051
1.7566	0.000051
1.7568	0.000051
1.7570	0.000051
1.7572	0.000051
1.7574	0.000051
1.7576	0.000051
1.7578	0.000051
1.7580	0.000050
1.7582	0.000050
1.7584	0.000050
1.7586	0.000050
1.7588	0.000050
1.7590	0.000050
1.7592	0.000050
1.7594	0.000050
1.7596	0.000050
1.7598	0.000050
1.7600	0.000050
1.7602	0.000050
1.7604	0.000049
1.7606	0.000049
1.7608	0.000049
1.7610	0.000049
1.7612	0.000049
1.7614	0.000049
1.7616	0.000049
1.7618	0.000049
1.7620	0.000049
1.7622	0.000049
1.7624	0.000049
1.7626	0.000048
1.7628	0.000048
1.7630	0.000048
1.7632	0.000048
1.7634	0.000048
1.7636	0.000048
1.7638	0.000048
1.7640	0.000048
1.7642	0.000048
1.7644	0.000048
1.7646	0.000048
1.7648	0.000048
1.7650	0.000047
1.7652	0.000047
1.7654	0.000047
1.7656	0.000047
1.7658	0.000047
1.7660	0.000047
1.7662	0.000047
1.7664	0.000047
1.7666	0.000047
1.7668	0.000047
1.7670	0.000047
1.7672	0.000047
1.7674	0.000047
1.7676	0.000046
1.7678	0.000046
1.7680	0.000046
1.7682	0.000046
1.7684	0.000046
1.7686	0.000046
1.7688	0.000046
1.7690	0.000046
1.7692	0.000046
1.7694	0.000046
1.7696	0.000046
1.7698	0.000046
1.7700	0.000045
1.7702	0.000045
1.7704	0.000045
1.7706	0.000045
1.7708	0.000045
1.7710	0.000045
1.7712	0.000045
1.7714	0.000045
1.7716	0.000045
1.7718	0.000045
1.7720	0.000045
1.7722	0.000045
1.7724	0.000045
1.7726	0.000044
1.7728	0.000044
1.7730	0.000044
1.7732	0.000044
1.7734	0.000044
1.7736	0.000044
1.7738	0.000044
1.7740	0.000044
1.7742	0.000044
1.7744	0.000044
1.7746	0.000044
1.7748	0.000044
1.7750	0.000043
1.7752	0.000043
1.7754	0.000043
1.7756	0.000043
1.7758	0.000043
1.7760	0.000043
1.7762	0.000043
1.7764	0.000043
1.7766	0.000043
1.7768	0.000043
1.7770	0.000043
1.7772	0.000043
1.7774	0.000043
1.7776	0.000043
1.7778	0.000042
1.7780	0.000042
1.7782	0.000042
1.7784	0.000042
1.7786	0.000042
1.7788	0.000042
1.7790	0.000042
1.7792	0.000042
1.7794	0.000042
1.7796	0.000042
1.7798	0.000042
1.7800	0.000042
1.7802	0.000042
1.7804	0.000041
1.7806	0.000041
1.7808	0.000041
1.7810	0.000041
1.7812	0.000041
1.7814	0.000041
1.7816	0.000041
1.7818	0.000041
1.7820	0.000041
1.7822	0.000041
1.7824	0.000041
1.7826	0.000041
1.7828	0.000041
1.7830	0.000041
1.7832	0.000040
1.7834	0.000040
1.7836	0.000040
1.7838	0.000040
1.7840	0.000040
1.7842	0.000040
1.7844	0.000040
1.7846	0.000040
1.7848	0.000040
1.7850	0.000040
1.7852	0.000040
1.7854	0.000040
1.7856	0.000040
1.7858	0.000039
1.7860	0.000039
1.7862	0.000039
1.7864	0.000039
1.7866	0.000039
1.7868	0.000039
1.7870	0.000039
1.7872	0.000039
1.7874	0.000039
1.7876	0.000039
1.7878	0.000039
1.7880	0.000039
1.7882	0.000039
1.7884	0.000039
1.7886	0.000039
1.7888	0.000038
1.7890	0.000038
1.7892	0.000038
1.7894	0.000038
1.7896	0.000038
1.7898	0.000038
1.7900	0.000038
1.7902	0.000038
1.7904	0.000038
1.7906	0.000038
1.7908	0.000038
1.7910	0.000038
1.7912	0.000038
1.7914	0.000038
1.7916	0.000037
1.7918	0.000037
1.7920	0.000037
1.7922	0.000037
1.7924	0.000037
1.7926	0.000037
1.7928	0.000037
1.7930	0.000037
1.7932	0.000037
1.7934	0.000037
1.7936	0.000037
1.7938	0.000037
1.7940	0.000037
1.7942	0.000037
1.7944	0.000037
1.7946	0.000036
1.7948	0.000036
1.7950	0.000036
1.7952	0.000036
1.7954	0.000036
1.7956	0.000036
1.7958	0.000036
1.7960	0.000036
1.7962	0.000036
1.7964	0.000036
1.7966	0.000036
1.7968	0.000036
1.7970	0.000036
1.7972	0.000036
1.7974	0.000036
1.7976	0.000035
1.7978	0.000035
1.7980	0.000035
1.7982	0.000035
1.7984	0.000035
1.7986	0.000035
1.7988	0.000035
1.7990	0.000035
1.7992	0.000035
1.7994	0.000035
1.7996	0.000035
1.7998	0.000035
1.8000	0.000035
1.8002	0.000035
1.8004	0.000035
1.8006	0.000034
1.8008	0.000034
1.8010	0.000034
1.8012	0.000034
1.8014	0.000034
1.8016	0.000034
1.8018	0.000034
1.8020	0.000034
1.8022	0.000034
1.8024	0.000034
1.8026	0.000034
1.8028	0.000034
1.8030	0.000034
1.8032	0.000034
1.8034	0.000034
1.8036	0.000034
1.8038	0.000033
1.8040	0.000033
1.8042	0.000033
1.8044	0.000033
1.8046	0.000033
1.8048	0.000033
1.8050	0.000033
1.8052	0.000033
1.8054	0.000033
1.8056	0.000033
1.8058	0.000033
1.8060	0.000033
1.8062	0.000033
1.8064	0.000033
1.8066	0.000033
1.8068	0.000033
1.8070	0.000032
1.8072	0.000032
1.8074	0.000032
1.8076	0.000032
1.8078	0.000032
1.8080	0.000032
1.8082	0.000032
1.8084	0.000032
1.8086	0.000032
1.8088	0.000032
1.8090	0.000032
1.8092	0.000032
1.8094	0.000032
1.8096	0.000032
1.8098	0.000032
1.8100	0.000032
1.8102	0.000032
1.8104	0.000031
1.8106	0.000031
1.8108	0.000031
1.8110	0.000031
1.8112	0.000031
1.8114	0.000031
1.8116	0.000031
1.8118	0.000031
1.8120	0.000031
1.8122	0.000031
1.8124	0.000031
1.8126	0.000031
1.8128	0.000031
1.8130	0.000031
1.8132	0.000031
1.8134	0.000031
1.8136	0.000030
1.8138	0.000030
1.8140	0.000030
1.8142	0.000030
1.8144	0.000030
1.8146	0.000030
1.8148	0.000030
1.8150	0.000030
1.8152	0.000030
1.8154	0.000030
1.8156	0.000030
1.8158	0.000030
1.8160	0.000030
1.8162	0.000030
1.8164	0.000030
1.8166	0.000030
1.8168	0.000030
1.8170	0.000030
1.8172	0.000029
1.8174	0.000029
1.8176	0.000029
1.8178	0.000029
1.8180	0.000029
1.8182	0.000029
1.8184	0.000029
1.8186	0.000029
1.8188	0.000029
1.8190	0.000029
1.8192	0.000029
1.8194	0.000029
1.8196	0.000029
1.8198	0.000029
1.8200	0.000029
1.8202	0.000029
1.8204	0.000029
1.8206	0.000028
1.8208	0.000028
1.8210	0.000028
1.8212	0.000028
1.8214	0.000028
1.8216	0.000028
1.8218	0.000028
1.8220	0.000028
1.8222	0.000028
1.8224	0.000028
1.8226	0.000028
1.8228	0.000028
1.8230	0.000028
1.8232	0.000028
1.8234	0.000028
1.8236	0.000028
1.8238	0.000028
1.8240	0.000028
1.8242	0.000028
1.8244	0.000027
1.8246	0.000027
1.8248	0.000027
1.8250	0.000027
1.8252	0.000027
1.8254	0.000027
1.8256	0.000027
1.8258	0.000027
1.8260	0.000027
1.8262	0.000027
1.8264	0.000027
1.8266	0.000027
1.8268	0.000027
1.8270	0.000027
1.8272	0.000027
1.8274	0.000027
1.8276	0.000027
1.8278	0.000027
1.8280	0.000026
1.8282	0.000026
1.8284	0.000026
1.8286	0.000026
1.8288	0.000026
1.8290	0.000026
1.8292	0.000026
1.8294	0.000026
1.8296	0.000026
1.8298	0.000026
1.8300	0.000026
1.8302	0.000026
1.8304	0.000026
1.8306	0.000026
1.8308	0.000026
1.8310	0.000026
1.8312	0.000026
1.8314	0.000026
1.8316	0.000026
1.8318	0.000025
1.8320	0.000025
1.8322	0.000025
1.8324	0.000025
1.8326	0.000025
1.8328	0.000025
1.8330	0.000025
1.8332	0.000025
1.8334	0.000025
1.8336	0.000025
1.8338	0.000025
1.8340	0.000025
1.8342	0.000025
1.8344	0.000025
1.8346	0.000025
1.8348	0.000025
1.8350	0.000025
1.8352	0.000025
1.8354	0.000025
1.8356	0.000025
1.8358	0.000024
1.8360	0.000024
1.8362	0.000024
1.8364	0.000024
1.8366	0.000024
1.8368	0.000024
1.8370	0.000024
1.8372	0.000024
1.8374	0.000024
1.8376	0.000024
1.8378	0.000024
1.8380	0.000024
1.8382	0.000024
1.8384	0.000024
1.8386	0.000024
1.8388	0.000024
1.8390	0.000024
1.8392	0.000024
1.8394	0.000024
1.8396	0.000024
1.8398	0.000023
1.8400	0.000023
1.8402	0.000023
1.8404	0.000023
1.8406	0.000023
1.8408	0.000023
1.8410	0.000023
1.8412	0.000023
1.8414	0.000023
1.8416	0.000023
1.8418	0.000023
1.8420	0.000023
1.8422	0.000023
1.8424	0.000023
1.8426	0.000023
1.8428	0.000023
1.8430	0.000023
1.8432	0.000023
1.8434	0.000023
1.8436	0.000023
1.8438	0.000023
1.8440	0.000022
1.8442	0.000022
1.8444	0.000022
1.8446	0.000022
1.8448	0.000022
1.8450	0.000022
1.8452	0.000022
1.8454	0.000022
1.8456	0.000022
1.8458	0.000022
1.8460	0.000022
1.8462	0.000022
1.8464	0.000022
1.8466	0.000022
1.8468	0.000022
1.8470	0.000022
1.8472	0.000022
1.8474	0.000022
1.8476	0.000022
1.8478	0.000022
1.8480	0.000022
1.8482	0.000022
1.8484	0.000021
1.8486	0.000021
1.8488	0.000021
1.8490	0.000021
1.8492	0.000021
1.8494	0.000021
1.8496	0.000021
1.8498	0.000021
1.8500	0.000021
1.8502	0.000021
1.8504	0.000021
1.8506	0.000021
1.8508	0.000021
1.8510	0.000021
1.8512	0.000021
1.8514	0.000021
1.8516	0.000021
1.8518	0.000021
1.8520	0.000021
1.8522	0.000021
1.8524	0.000021
1.8526	0.000021
1.8528	0.000020
1.8530	0.000020
1.8532	0.000020
1.8534	0.000020
1.8536	0.000020
1.8538	0.000020
1.8540	0.000020
1.8542	0.000020
1.8544	0.000020
1.8546	0.000020
1.8548	0.000020
1.8550	0.000020
1.8552	0.000020
1.8554	0.000020
1.8556	0.000020
1.8558	0.000020
1.8560	0.000020
1.8562	0.000020
1.8564	0.000020
1.8566	0.000020
1.8568	0.000020
1.8570	0.000020
1.8572	0.000019
1.8574	0.000019
1.8576	0.000019
1.8578	0.000019
1.8580	0.000019
1.8582	0.000019
1.8584	0.000019
1.8586	0.000019
1.8588	0.000019
1.8590	0.000019
1.8592	0.000019
1.8594	0.000019
1.8596	0.000019
1.8598	0.000019
1.8600	0.000019
1.8602	0.000019
1.8604	0.000019
1.8606	0.000019
1.8608	0.000019
1.8610	0.000019
1.8612	0.000019
1.8614	0.000019
1.8616	0.000019
1.8618	0.000019
1.8620	0.000018
1.8622	0.000018
1.8624	0.000018
1.8626	0.000018
1.8628	0.000018
1.8630	0.000018
1.8632	0.000018
1.8634	0.000018
1.8636	0.000018
1.8638	0.000018
1.8640	0.000018
1.8642	0.000018
1.8644	0.000018
1.8646	0.000018
1.8648	0.000018
1.8650	0.000018
1.8652	0.000018
1.8654	0.000018
1.8656	0.000018
1.8658	0.000018
1.8660	0.000018
1.8662	0.000018
1.8664	0.000018
1.8666	0.000018
1.8668	0.000017
1.8670	0.000017
1.8672	0.000017
1.8674	0.000017
1.8676	0.000017
1.8678	0.000017
1.8680	0.000017
1.8682	0.000017
1.8684	0.000017
1.8686	0.000017
1.8688	0.000017
1.8690	0.000017
1.8692	0.000017
1.8694	0.000017
1.8696	0.000017
1.8698	0.000017
1.8700	0.000017
1.8702	0.000017
1.8704	0.000017
1.8706	0.000017
1.8708	0.000017
1.8710	0.000017
1.8712	0.000017
1.8714	0.000017
1.8716	0.000017
1.8718	0.000017
1.8720	0.000016
1.8722	0.000016
1.8724	0.000016
1.8726	0.000016
1.8728	0.000016
1.8730	0.000016
1.8732	0.000016
1.8734	0.000016
1.8736	0.000016
1.8738	0.000016
1.8740	0.000016
1.8742	0.000016
1.8744	0.000016
1.8746	0.000016
1.8748	0.000016
1.8750	0.000016
1.8752	0.000016
1.8754	0.000016
1.8756	0.000016
1.8758	0.000016
1.8760	0.000016
1.8762	0.000016
1.8764	0.000016
1.8766	0.000016
1.8768	0.000016
1.8770	0.000016
1.8772	0.000015
1.8774	0.000015
1.8776	0.000015
1.8778	0.000015
1.8780	0.000015
1.8782	0.000015
1.8784	0.000015
1.8786	0.000015
1.8788	0.000015
1.8790	0.000015
1.8792	0.000015
1.8794	0.000015
1.8796	0.000015
1.8798	0.000015
1.8800	0.000015
1.8802	0.000015
1.8804	0.000015
1.8806	0.000015
1.8808	0.000015
1.8810	0.000015
1.8812	0.000015
1.8814	0.000015
1.8816	0.000015
1.8818	0.000015
1.8820	0.000015
1.8822	0.000015
1.8824	0.000015
1.8826	0.000014
1.8828	0.000014
1.8830	0.000014
1.8832	0.000014
1.8834	0.000014
1.8836	0.000014
1.8838	0.000014
1.8840	0.000014
1.8842	0.000014
1.8844	0.000014
1.8846	0.000014
1.8848	0.000014
1.8850	0.000014
1.8852	0.000014
1.8854	0.000014
1.8856	0.000014
1.8858	0.000014
1.8860	0.000014
1.8862	0.000014
1.8864	0.000014
1.8866	0.000014
1.8868	0.000014
1.8870	0.000014
1.8872	0.000014
1.8874	0.000014
1.8876	0.000014
1.8878	0.000014
1.8880	0.000014
1.8882	0.000013
1.8884	0.000013
1.8886	0.000013
1.8888	0.000013
1.8890	0.000013
1.8892	0.000013
1.8894	0.000013
1.8896	0.000013
1.8898	0.000013
1.8900	0.000013
1.8902	0.000013
1.8904	0.000013
1.8906	0.000013
1.8908	0.000013
1.8910	0.000013
1.8912	0.000013
1.8914	0.000013
1.8916	0.000013
1.8918	0.000013
1.8920	0.000013
1.8922	0.000013
1.8924	0.000013
1.8926	0.000013
1.8928	0.000013
1.8930	0.000013
1.8932	0.000013
1.8934	0.000013
1.8936	0.000013
1.8938	0.000013
1.8940	0.000012
1.8942	0.000012
1.8944	0.000012
1.8946	0.000012
1.8948	0.000012
1.8950	0.000012
1.8952	0.000012
1.8954	0.000012
1.8956	0.000012
1.8958	0.000012
1.8960	0.000012
1.8962	0.000012
1.8964	0.000012
1.8966	0.000012
1.8968	0.000012
1.8970	0.000012
1.8972	0.000012
1.8974	0.000012
1.8976	0.000012
1.8978	0.000012
1.8980	0.000012
1.8982	0.000012
1.8984	0.000012
1.8986	0.000012
1.8988	0.000012
1.8990	0.000012
1.8992	0.000012
1.8994	0.000012
1.8996	0.000012
1.8998	0.000012
1.9000	0.000012
1.9002	0.000011
1.9004	0.000011
1.9006	0.000011
1.9008	0.000011
1.9010	0.000011
1.9012	0.000011
1.9014	0.000011
1.9016	0.000011
1.9018	0.000011
1.9020	0.000011
1.9022	0.000011
1.9024	0.000011
1.9026	0.000011
1.9028	0.000011
1.9030	0.000011
1.9032	0.000011
1.9034	0.000011
1.9036	0.000011
1.9038	0.000011
1.9040	0.000011
1.9042	0.000011
1.9044	0.000011
1.9046	0.000011
1.9048	0.000011
1.9050	0.000011
1.9052	0.000011
1.9054	0.000011
1.9056	0.000011
1.9058	0.000011
1.9060	0.000011
1.9062	0.000011
1.9064	0.000011
1.9066	0.000010
1.9068	0.000010
1.9070	0.000010
1.9072	0.000010
1.9074	0.000010
1.9076	0.000010
1.9078	0.000010
1.9080	0.000010
1.9082	0.000010
1.9084	0.000010
1.9086	0.000010
1.9088	0.000010
1.9090	0.000010
1.9092	0.000010
1.9094	0.000010
1.9096	0.000010
1.9098	0.000010
1.9100	0.000010
1.9102	0.000010
1.9104	0.000010
1.9106	0.000010
1.9108	0.000010
1.9110	0.000010
1.9112	0.000010
1.9114	0.000010
1.9116	0.000010
1.9118	0.000010
1.9120	0.000010
1.9122	0.000010
1.9124	0.000010
1.9126	0.000010
1.9128	0.000010
1.9130	0.000010
1.9132	0.000009
1.9134	0.000009
1.9136	0.000009
1.9138	0.000009
1.9140	0.000009
1.9142	0.000009
1.9144	0.000009
1.9146	0.000009
1.9148	0.000009
1.9150	0.000009
1.9152	0.000009
1.9154	0.000009
1.9156	0.000009
1.9158	0.000009
1.9160	0.000009
1.9162	0.000009
1.9164	0.000009
1.9166	0.000009
1.9168	0.000009
1.9170	0.000009
1.9172	0.000009
1.9174	0.000009
1.9176	0.000009
1.9178	0.000009
1.9180	0.000009
1.9182	0.000009
1.9184	0.000009
1.9186	0.000009
1.9188	0.000009
1.9190	0.000009
1.9192	0.000009
1.9194	0.000009
1.9196	0.000009
1.9198	0.000009
1.9200	0.000009
1.9202	0.000008
1.9204	0.000008
1.9206	0.000008
1.9208	0.000008
1.9210	0.000008
1.9212	0.000008
1.9214	0.000008
1.9216	0.000008
1.9218	0.000008
1.9220	0.000008
1.9222	0.000008
1.9224	0.000008
1.9226	0.000008
1.9228	0.000008
1.9230	0.000008
1.9232	0.000008
1.9234	0.000008
1.9236	0.000008
1.9238	0.000008
1.9240	0.000008
1.9242	0.000008
1.9244	0.000008
1.9246	0.000008
1.9248	0.000008
1.9250	0.000008
1.9252	0.000008
1.9254	0.000008
1.9256	0.000008
1.9258	0.000008
1.9260	0.000008
1.9262	0.000008
1.9264	0.000008
1.9266	0.000008
1.9268	0.000008
1.9270	0.000008
1.9272	0.000008
1.9274	0.000008
1.9276	0.000007
1.9278	0.000007
1.9280	0.000007
1.9282	0.000007
1.9284	0.000007
1.9286	0.000007
1.9288	0.000007
1.9290	0.000007
1.9292	0.000007
1.9294	0.000007
1.9296	0.000007
1.9298	0.000007
1.9300	0.000007
1.9302	0.000007
1.9304	0.000007
1.9306	0.000007
1.9308	0.000007
1.9310	0.000007
1.9312	0.000007
1.9314	0.000007
1.9316	0.000007
1.9318	0.000007
1.9320	0.000007
1.9322	0.000007
1.9324	0.000007
1.9326	0.000007
1.9328	0.000007
1.9330	0.000007
1.9332	0.000007
1.9334	0.000007
1.9336	0.000007
1.9338	0.000007
1.9340	0.000007
1.9342	0.000007
1.9344	0.000007
1.9346	0.000007
1.9348	0.000007
1.9350	0.000007
1.9352	0.000007
1.9354	0.000006
1.9356	0.000006
1.9358	0.000006
1.9360	0.000006
1.9362	0.000006
1.9364	0.000006
1.9366	0.000006
1.9368	0.000006
1.9370	0.000006
1.9372	0.000006
1.9374	0.000006
1.9376	0.000006
1.9378	0.000006
1.9380	0.000006
1.9382	0.000006
1.9384	0.000006
1.9386	0.000006
1.9388	0.000006
1.9390	0.000006
1.9392	0.000006
1.9394	0.000006
1.9396	0.000006
1.9398	0.000006
1.9400	0.000006
1.9402	0.000006
1.9404	0.000006
1.9406	0.000006
1.9408	0.000006
1.9410	0.000006
1.9412	0.000006
1.9414	0.000006
1.9416	0.000006
1.9418	0.000006
1.9420	0.000006
1.9422	0.000006
1.9424	0.000006
1.9426	0.000006
1.9428	0.000006
1.9430	0.000006
1.9432	0.000006
1.9434	0.000006
1.9436	0.000005
1.9438	0.000005
1.9440	0.000005
1.9442	0.000005
1.9444	0.000005
1.9446	0.000005
1.9448	0.000005
1.9450	0.000005
1.9452	0.000005
1.9454	0.000005
1.9456	0.000005
1.9458	0.000005
1.9460	0.000005
1.9462	0.000005
1.9464	0.000005
1.9466	0.000005
1.9468	0.000005
1.9470	0.000005
1.9472	0.000005
1.9474	0.000005
1.9476	0.000005
1.9478	0.000005
1.9480	0.000005
1.9482	0.000005
1.9484	0.000005
1.9486	0.000005
1.9488	0.000005
1.9490	0.000005
1.9492	0.000005
1.9494	0.000005
1.9496	0.000005
1.9498	0.000005
1.9500	0.000005
1.9502	0.000005
1.9504	0.000005
1.9506	0.000005
1.9508	0.000005
1.9510	0.000005
1.9512	0.000005
1.9514	0.000005
1.9516	0.000005
1.9518	0.000005
1.9520	0.000005
1.9522	0.000005
1.9524	0.000004
1.9526	0.000004
1.9528	0.000004
1.9530	0.000004
1.9532	0.000004
1.9534	0.000004
1.9536	0.000004
1.9538	0.000004
1.9540	0.000004
1.9542	0.000004
1.9544	0.000004
1.9546	0.000004
1.9548	0.000004
1.9550	0.000004
1.9552	0.000004
1.9554	0.000004
1.9556	0.000004
1.9558	0.000004
1.9560	0.000004
1.9562	0.000004
1.9564	0.000004
1.9566	0.000004
1.9568	0.000004
1.9570	0.000004
1.9572	0.000004
1.9574	0.000004
1.9576	0.000004
1.9578	0.000004
1.9580	0.000004
1.9582	0.000004
1.9584	0.000004
1.9586	0.000004
1.9588	0.000004
1.9590	0.000004
1.9592	0.000004
1.9594	0.000004
1.9596	0.000004
1.9598	0.000004
1.9600	0.000004
1.9602	0.000004
1.9604	0.000004
1.9606	0.000004
1.9608	0.000004
1.9610	0.000004
1.9612	0.000004
1.9614	0.000004
1.9616	0.000003
1.9618	0.000003
1.9620	0.000003
1.9622	0.000003
1.9624	0.000003
1.9626	0.000003
1.9628	0.000003
1.9630	0.000003
1.9632	0.000003
1.9634	0.000003
1.9636	0.000003
1.9638	0.000003
1.9640	0.000003
1.9642	0.000003
1.9644	0.000003
1.9646	0.000003
1.9648	0.000003
1.9650	0.000003
1.9652	0.000003
1.9654	0.000003
1.9656	0.000003
1.9658	0.000003
1.9660	0.000003
1.9662	0.000003
1.9664	0.000003
1.9666	0.000003
1.9668	0.000003
1.9670	0.000003
1.9672	0.000003
1.9674	0.000003
1.9676	0.000003
1.9678	0.000003
1.9680	0.000003
1.9682	0.000003
1.9684	0.000003
1.9686	0.000003
1.9688	0.000003
1.9690	0.000003
1.9692	0.000003
1.9694	0.000003
1.9696	0.000003
1.9698	0.000003
1.9700	0.000003
1.9702	0.000003
1.9704	0.000003
1.9706	0.000003
1.9708	0.000003
1.9710	0.000003
1.9712	0.000003
1.9714	0.000003
1.9716	0.000002
1.9718	0.000002
1.9720	0.000002
1.9722	0.000002
1.9724	0.000002
1.9726	0.000002
1.9728	0.000002
1.9730	0.000002
1.9732	0.000002
1.9734	0.000002
1.9736	0.000002
1.9738	0.000002
1.9740	0.000002
1.9742	0.000002
1.9744	0.000002
1.9746	0.000002
1.9748	0.000002
1.9750	0.000002
1.9752	0.000002
1.9754	0.000002
1.9756	0.000002
1.9758	0.000002
1.9760	0.000002
1.9762	0.000002
1.9764	0.000002
1.9766	0.000002
1.9768	0.000002
1.9770	0.000002
1.9772	0.000002
1.9774	0.000002
1.9776	0.000002
1.9778	0.000002
1.9780	0.000002
1.9782	0.000002
1.9784	0.000002
1.9786	0.000002
1.9788	0.000002
1.9790	0.000002
1.9792	0.000002
1.9794	0.000002
1.9796	0.000002
1.9798	0.000002
1.9800	0.000002
1.9802	0.000002
1.9804	0.000002
1.9806	0.000002
1.9808	0.000002
1.9810	0.000002
1.9812	0.000002
1.9814	0.000002
1.9816	0.000002
1.9818	0.000002
1.9820	0.000002
1.9822	0.000002
1.9824	0.000001
1.9826	0.000001
1.9828	0.000001
1.9830	0.000001
1.9832	0.000001
1.9834	0.000001
1.9836	0.000001
1.9838	0.000001
1.9840	0.000001
1.9842	0.000001
1.9844	0.000001
1.9846	0.000001
1.9848	0.000001
1.9850	0.000001
1.9852	0.000001
1.9854	0.000001
1.9856	0.000001
1.9858	0.000001
1.9860	0.000001
1.9862	0.000001
1.9864	0.000001
1.9866	0.000001
1.9868	0.000001
1.9870	0.000001
1.9872	0.000001
1.9874	0.000001
1.9876	0.000001
1.9878	0.000001
1.9880	0.000001
1.9882	0.000001
1.9884	0.000001
1.9886	0.000001
1.9888	0.000001
1.9890	0.000001
1.9892	0.000001
1.9894	0.000001
1.9896	0.000001
1.9898	0.000001
1.9900	0.000001
1.9902	0.000001
1.9904	0.000001
1.9906	0.000001
1.9908	0.000001
1.9910	0.000001
1.9912	0.000001
1.9914	0.000001
1.9916	0.000001
1.9918	0.000001
1.9920	0.000001
1.9922	0.000001
1.9924	0.000001
1.9926	0.000001
1.9928	0.000001
1.9930	0.000001
1.9932	0.000001
1.9934	0.000001
1.9936	0.000001
1.9938	0.000001
1.9940	0.000000
1.9942	0.000000
1.9944	0.000000
1.9946	0.000000
1.9948	0.000000
1.9950	0.000000
1.9952	0.000000
1.9954	0.000000
1.9956	0.000000
1.9958	0.000000
1.9960	0.000000
1.9962	0.000000
1.9964	0.000000
1.9966	0.000000
1.9968	0.000000
1.9970	0.000000
1.9972	0.000000
1.9974	0.000000
1.9976	0.000000
1.9978	0.000000
1.9980	0.000000
1.9982	0.000000
1.9984	0.000000
1.9986	0.000000
1.9988	0.000000
1.9990	0.000000
1.9992	0.000000
1.9994	0.000000
1.9996	0.000000
1.9998	0.000000
2.0000	0.000000
